-- phpMyAdmin SQL Dump
-- version 3.5.1
-- http://www.phpmyadmin.net
--
-- Servidor: localhost
-- Tiempo de generación: 12-10-2019 a las 19:39:31
-- Versión del servidor: 5.5.24-log
-- Versión de PHP: 5.4.3

SET SQL_MODE="NO_AUTO_VALUE_ON_ZERO";
SET time_zone = "+00:00";


/*!40101 SET @OLD_CHARACTER_SET_CLIENT=@@CHARACTER_SET_CLIENT */;
/*!40101 SET @OLD_CHARACTER_SET_RESULTS=@@CHARACTER_SET_RESULTS */;
/*!40101 SET @OLD_COLLATION_CONNECTION=@@COLLATION_CONNECTION */;
/*!40101 SET NAMES utf8 */;

--
-- Base de datos: `escuelat`
--

-- --------------------------------------------------------

--
-- Estructura de tabla para la tabla `anotacionesobservadorapp`
--

CREATE TABLE IF NOT EXISTS `anotacionesobservadorapp` (
  `id_anotacion` varchar(32) NOT NULL COMMENT 'Codigo de Anotacion',
  `id_estudiante` varchar(24) NOT NULL COMMENT 'Codigo de Estudiante',
  `tipo_anotacion` varchar(50) DEFAULT NULL COMMENT 'Tipo Anotacion (Felicitacion, Recomendacion, Falta, Dificultades)',
  `descripcion_anotacion` varchar(5000) NOT NULL COMMENT 'Descripcion de la Anotacion',
  `estrategias_anotacion` varchar(5000) DEFAULT 'Citacion a Acuediente' COMMENT 'Estrategias Adoptadas',
  `compromisosestudiante_anotacion` varchar(5000) DEFAULT NULL COMMENT 'Compromisos del Estudiante',
  `compromisosacudiente_anotacion` varchar(5000) DEFAULT NULL COMMENT 'Compromisos del Acudiente',
  `fecha_anotacion` date DEFAULT NULL COMMENT 'Fecha Anotacion',
  `status_anotacion` tinyint(1) DEFAULT '1' COMMENT 'Estado de la Anotacion',
  PRIMARY KEY (`id_anotacion`),
  UNIQUE KEY `AnotacionesObservadorApp_id_anotacion_Idx` (`id_anotacion`)
) ENGINE=InnoDB DEFAULT CHARSET=latin1 COMMENT='Anotaciones del Observador';

-- --------------------------------------------------------

--
-- Estructura de tabla para la tabla `areasapp`
--

CREATE TABLE IF NOT EXISTS `areasapp` (
  `id_area` varchar(20) NOT NULL COMMENT 'pk',
  `id_escuela` bigint(20) NOT NULL COMMENT 'Codigo de Escuela',
  `nombre_area` varchar(100) NOT NULL COMMENT 'Nombre de Area',
  `descripcion_area` varchar(1000) DEFAULT NULL COMMENT 'Descripcion de Area',
  `status_area` tinyint(1) DEFAULT '1',
  PRIMARY KEY (`id_area`)
) ENGINE=InnoDB DEFAULT CHARSET=latin1 COMMENT='Areas de Enseñanza';

--
-- Volcado de datos para la tabla `areasapp`
--

INSERT INTO `areasapp` (`id_area`, `id_escuela`, `nombre_area`, `descripcion_area`, `status_area`) VALUES
('ART', 1, 'EDUCACION ARTISTICA', 'EDUCACION ARTISTICA', 1),
('CD', 1, 'COMOPORTAMIENTO Y DISCIPLINA', 'COMOPORTAMIENTO Y DISCIPLINA', 1),
('CNAT', 1, 'CIENCIAS NATURALES', 'CIENCIAS NATURALES', 1),
('CSOC', 1, 'CIENCIAS SOCIALES', 'CIENCIAS SOCIALES', 1),
('DIM', 1, 'DIMENSIONES', 'DIMENSIONES', 1),
('ECO', 1, 'ECONOMIA', 'ECONOMIA', 1),
('EFI', 1, 'EDUCACION FISICA', 'EDUCACION FISICA', 1),
('EVA', 1, 'ETICA Y VALORES', 'ETICA Y VALORES', 1),
('FIL', 1, 'FILOSOFIA', 'FILOSOFIA', 1),
('HUM', 1, 'HUMANIDADES', 'HUMANIDADES', 1),
('ING', 1, 'INGLES', 'INGLES', 1),
('MAT', 1, 'MATEMATICAS', 'MATEMATICAS', 1),
('REL', 1, 'EDUCACION RELIGIOSA', 'EDUCACION RELIGIOSA', 1),
('TECNO', 1, 'TECNOLOGIA E INFORMATICA', 'TECNOLOGIA E INFORMATICA', 1);

-- --------------------------------------------------------

--
-- Estructura de tabla para la tabla `asignaturasapp`
--

CREATE TABLE IF NOT EXISTS `asignaturasapp` (
  `id_asignatura` varchar(20) NOT NULL COMMENT 'Codigo de Asignatura',
  `id_escuela` bigint(20) NOT NULL COMMENT 'Codigo de Escuela',
  `id_area` varchar(20) DEFAULT NULL COMMENT 'pk',
  `nombre_asignatura` varchar(100) DEFAULT NULL COMMENT 'Nombre Asignatura',
  `descripcion_asignatura` varchar(1000) DEFAULT NULL COMMENT 'Descripcion',
  `hteoricas_asignatura` int(11) DEFAULT '1' COMMENT 'Horas Teoricas Semanales ',
  `hpracticas_asignatura` int(11) DEFAULT '0' COMMENT 'Horas Practicas Semanales',
  `numcreditos_asignatura` int(11) DEFAULT NULL COMMENT 'Numero de Creditos (Peso Academico)',
  `status_asignatura` tinyint(1) DEFAULT '1',
  PRIMARY KEY (`id_asignatura`,`id_escuela`),
  UNIQUE KEY `AsignaturasApp_Unique_Idx` (`id_asignatura`)
) ENGINE=InnoDB DEFAULT CHARSET=latin1 COMMENT='Asignaturas';

--
-- Volcado de datos para la tabla `asignaturasapp`
--

INSERT INTO `asignaturasapp` (`id_asignatura`, `id_escuela`, `id_area`, `nombre_asignatura`, `descripcion_asignatura`, `hteoricas_asignatura`, `hpracticas_asignatura`, `numcreditos_asignatura`, `status_asignatura`) VALUES
('AART', 1, 'ART', 'EDUCACION ARTISTICA', 'EDUCACION ARTISTICA', 1, 1, 1, 1),
('ACD', 1, 'CD', 'COMPORTAMIENTO Y DISCIPLINA', 'COMPORTAMIENTO Y DISCIPLINA', 0, 0, 0, 1),
('ADEM', 1, 'CSOC', 'DEMOCRACIA Y CONSTITUCION', 'DEMOCRACIA Y CONSTITUCION', 1, 0, 1, 1),
('ADIMA', 1, 'DIM', 'DIMENSION AFECTIVA', 'DIMENSION AFECTIVA', 4, 0, 4, 1),
('ADIMC', 1, 'DIM', 'DIMENSION COGNITIVA', 'DIMENSION COGNITIVA', 4, 0, 4, 1),
('ADIMCM', 1, 'DIM', 'DIMENSION COMUNICATIVA', 'DIMENSION COMUNICATIVA', 4, 0, 4, 1),
('ADIMCP', 1, 'DIM', 'DIMENSION CORPORAL', 'DIMENSION CORPORAL', 4, 0, 4, 1),
('ADIMEV', 1, 'DIM', 'DIMENSION ETICA Y VALORES', 'DIMENSION ETICA Y VALORES', 4, 0, 4, 1),
('ADIMRL', 1, 'DIM', 'DIMENSION RELIGIOSA', 'DIMENSION RELIGIOSA', 4, 0, 4, 1),
('AECO', 1, 'ECO', 'ECONOMIA', 'ECONOMIA', 2, 0, 1, 1),
('AEFI', 1, 'EFI', 'EDUCACION FISICA', 'EDUCACION FISICA', 1, 1, 1, 1),
('AESP', 1, 'HUM', 'LENGUA CASTELLANA', 'LENGUA CASTELLANA', 4, 0, 4, 1),
('AEST', 1, 'MAT', 'ESTADISTICA', 'ESTADISTICA', 1, 0, 1, 1),
('AEVA', 1, 'EVA', 'ETICA Y VALORES', 'ETICA Y VALORES', 2, 0, 1, 1),
('AFIL', 1, 'FIL', 'FILOSOFIA', 'FILOSOFIA', 2, 0, 1, 1),
('AFIS', 1, 'CNAT', 'FISICA', 'FISICA', 2, 0, 2, 1),
('AGEO', 1, 'CSOC', 'GEOGRAFIA', 'GEOGRAFIA', 1, 0, 1, 1),
('AGEOM', 1, 'MAT', 'GEOMETRIA', 'GEOMETRIA', 1, 0, 1, 1),
('AHIS', 1, 'CSOC', 'HISTORIA', 'HISTORIA', 1, 0, 1, 1),
('AINF', 1, 'TECNO', 'TECNOLOGIA E INFORMATICA', 'TECNOLOGIA E INFORMATICA', 1, 1, 1, 1),
('AING', 1, 'ING', 'INGLES', 'INGLES', 2, 0, 2, 1),
('AMAT', 1, 'MAT', 'MATEMATICAS', 'MATEMATICAS', 4, 0, 4, 1),
('ANAT', 1, 'CNAT', 'CIENCIAS NATURALES', 'CIENCIAS NATURALES', 4, 0, 4, 1),
('AQU', 1, 'CNAT', 'QUIMICA', 'QUIMICA', 2, 0, 2, 1),
('AREL', 1, 'REL', 'EDUCACION RELIGIOSA', 'EDUCACION RELIGIOSA', 2, 0, 1, 1),
('ASOC', 1, 'CSOC', 'CIENCIAS SOCIALES', 'CIENCIAS SOCIALES', 4, 0, 4, 1);

-- --------------------------------------------------------

--
-- Estructura de tabla para la tabla `calificacionesapp`
--

CREATE TABLE IF NOT EXISTS `calificacionesapp` (
  `id_calificacion` bigint(20) NOT NULL AUTO_INCREMENT COMMENT 'Codigo Calificacion',
  `id_escuela` bigint(20) NOT NULL COMMENT 'Codigo de Escuela',
  `id_matricula` varchar(30) NOT NULL COMMENT 'Codigo de Matricula',
  `id_estudiante` varchar(24) NOT NULL COMMENT 'Codigo de Estudiante',
  `id_programa` varchar(20) NOT NULL COMMENT 'Codigo del Programa',
  `id_planestudio` varchar(20) NOT NULL COMMENT 'Codigo Plan de Estudios',
  `id_asignatura` varchar(20) NOT NULL COMMENT 'Codigo Asignatura',
  `numgrado_programa` varchar(2) NOT NULL COMMENT 'Grado que Cursara el Estudiante',
  `id_grupo` varchar(24) NOT NULL COMMENT 'Codigo del Grupo',
  `id_matasig` varchar(64) NOT NULL COMMENT 'Codigo Asignatura Matriculada',
  `id_periodo` varchar(10) NOT NULL COMMENT 'Codigo del Periodo',
  `p1_id_corte` varchar(10) DEFAULT NULL COMMENT 'Codigo de Periodo 1',
  `p1_id_docente` varchar(24) DEFAULT NULL COMMENT 'Codigo de Docente P1',
  `p1_nc_calificacion` float DEFAULT NULL COMMENT 'Valor Calificacion Componente Cognositivo P1',
  `p1_np_calificacion` float DEFAULT NULL COMMENT 'Valor Calificacion Componente Procedimental P1',
  `p1_na_calificacion` float DEFAULT NULL COMMENT 'Valor Calificacion Componente Actitudinal P1',
  `p1_nd_calificacion` float DEFAULT NULL COMMENT 'Nota Definitiva P1',
  `p1_nn_calificacion` float DEFAULT NULL COMMENT 'Nota Nivelacion de Final de Periodo',
  `p1_logroc_calificacion` varchar(26) DEFAULT NULL COMMENT 'Logro Cognositivo',
  `p1_logrop_calificacion` varchar(26) DEFAULT NULL COMMENT 'Logro Procedimental',
  `p1_logroa_calificacion` varchar(26) DEFAULT NULL COMMENT 'Logro Actitudinal',
  `p1_ausencias_calificacion` int(11) DEFAULT '0' COMMENT 'Numero de Ausencias durante el Corte',
  `p1_comentarios_calificacion` varchar(1000) DEFAULT NULL COMMENT 'Comentarios Periodo 1',
  `p2_id_corte` varchar(10) DEFAULT NULL,
  `p2_id_docente` varchar(24) DEFAULT NULL,
  `p2_nc_calificacion` float DEFAULT NULL,
  `p2_np_calificacion` float DEFAULT NULL,
  `p2_na_calificacion` float DEFAULT NULL,
  `p2_nd_calificacion` float DEFAULT NULL,
  `p2_nn_calificacion` float DEFAULT NULL,
  `p2_logroc_calificacion` varchar(26) DEFAULT NULL,
  `p2_logrop_calificacion` varchar(26) DEFAULT NULL,
  `p2_logroa_calificacion` varchar(26) DEFAULT NULL,
  `p2_ausencias_calificacion` int(11) DEFAULT NULL,
  `p2_comentarios_calificacion` varchar(1000) DEFAULT NULL COMMENT 'Comentarios Periodo 2',
  `p3_id_corte` varchar(10) DEFAULT NULL,
  `p3_id_docente` varchar(24) DEFAULT NULL,
  `p3_nc_calificacion` float DEFAULT NULL,
  `p3_np_calificacion` float DEFAULT NULL,
  `p3_na_calificacion` float DEFAULT NULL,
  `p3_nd_calificacion` float DEFAULT NULL,
  `p3_nn_calificacion` float DEFAULT NULL,
  `p3_logroc_calificacion` varchar(26) DEFAULT NULL,
  `p3_logrop_calificacion` varchar(26) DEFAULT NULL,
  `p3_logroa_calificacion` varchar(26) DEFAULT NULL,
  `p3_ausencias_calificacion` int(11) DEFAULT NULL,
  `p3_comentarios_calificacion` varchar(1000) DEFAULT NULL COMMENT 'Comentarios Periodo 3',
  `p4_id_corte` varchar(10) DEFAULT NULL,
  `p4_id_docente` varchar(24) DEFAULT NULL,
  `p4_nc_calificacion` float DEFAULT NULL,
  `p4_np_calificacion` float DEFAULT NULL,
  `p4_na_calificacion` float DEFAULT NULL,
  `p4_nd_calificacion` float DEFAULT NULL,
  `p4_nn_calificacion` float DEFAULT NULL,
  `p4_logroc_calificacion` varchar(26) DEFAULT NULL,
  `p4_logrop_calificacion` varchar(26) DEFAULT NULL,
  `p4_logroa_calificacion` varchar(26) DEFAULT NULL,
  `p4_ausencias_calificacion` int(11) DEFAULT NULL,
  `p4_comentarios_calificacion` varchar(1000) DEFAULT NULL COMMENT 'Comentarios Periodo 4',
  `p5_id_corte` varchar(10) DEFAULT NULL,
  `p5_id_docente` varchar(24) DEFAULT NULL,
  `p5_nc_calificacion` float DEFAULT NULL,
  `p5_np_calificacion` float DEFAULT NULL,
  `p5_na_calificacion` float DEFAULT NULL,
  `p5_nn_calificacion` float DEFAULT NULL,
  `p5_nd_calificacion` float DEFAULT NULL,
  `p5_logroc_calificacion` varchar(26) DEFAULT NULL,
  `p5_logrop_calificacion` varchar(26) DEFAULT NULL,
  `p5_logroa_calificacion` varchar(26) DEFAULT NULL,
  `p5_ausencias_calificacion` int(11) DEFAULT NULL,
  `p5_comentarios_calificacion` varchar(1000) DEFAULT NULL,
  `p6_id_corte` varchar(10) DEFAULT NULL,
  `p6_id_docente` varchar(24) DEFAULT NULL,
  `p6_nc_calificacion` float DEFAULT NULL,
  `p6_np_calificacion` float DEFAULT NULL,
  `p6_na_calificacion` float DEFAULT NULL,
  `p6_nn_calificacion` float DEFAULT NULL,
  `p6_nd_calificacion` float DEFAULT NULL,
  `p6_logroc_calificacion` varchar(26) DEFAULT NULL,
  `p6_logrop_calificacion` varchar(26) DEFAULT NULL,
  `p6_logroa_calificacion` varchar(26) DEFAULT NULL,
  `p6_ausencias_calificacion` int(11) DEFAULT NULL,
  `p6_comentarios_calificacion` varchar(1000) DEFAULT NULL,
  `phab_id_corte` varchar(10) DEFAULT NULL,
  `phab_id_docente` varchar(24) DEFAULT NULL,
  `phab_nc_calificacion` float DEFAULT NULL,
  `phab_np_calificacion` float DEFAULT NULL,
  `phab_na_calificacion` float DEFAULT NULL,
  `phab_nd_calificacion` float DEFAULT NULL,
  `phab_nn_calificacion` float DEFAULT NULL,
  `phab_logroc_calificacion` varchar(26) DEFAULT NULL,
  `phab_logrop_calificacion` varchar(26) DEFAULT NULL,
  `phab_logroa_calificacion` varchar(26) DEFAULT NULL,
  `phab_ausencias_calificacion` int(11) DEFAULT NULL,
  `phab_comentarios_calificacion` varchar(1000) DEFAULT NULL,
  `usuariocrea_calificacion` varchar(50) DEFAULT NULL COMMENT 'Usuario que crea el Registro',
  `usuarioedita_calificacion` varchar(50) DEFAULT NULL COMMENT 'Usuario que Modifica el Registro',
  `fechacrea_calificacion` datetime DEFAULT NULL COMMENT 'Fecha de Creacion del Registri',
  `fechaedita_calificacion` datetime DEFAULT NULL COMMENT 'Fecha de Modiificacion del Registro',
  `status_calificacion` tinyint(1) DEFAULT '1',
  PRIMARY KEY (`id_calificacion`),
  UNIQUE KEY `CalificacionesApp_Unique_Idx` (`id_escuela`,`id_estudiante`,`id_programa`,`id_planestudio`,`id_periodo`,`id_asignatura`,`numgrado_programa`,`id_grupo`,`id_matricula`,`id_matasig`),
  UNIQUE KEY `CalificacionesApp_id_calificacion_Idx` (`id_calificacion`)
) ENGINE=InnoDB DEFAULT CHARSET=latin1 COMMENT='Planilla de Calificaciones por Periodo' AUTO_INCREMENT=1 ;

-- --------------------------------------------------------

--
-- Estructura de tabla para la tabla `cargasdocentesapp`
--

CREATE TABLE IF NOT EXISTS `cargasdocentesapp` (
  `id_carga` bigint(20) NOT NULL AUTO_INCREMENT COMMENT 'Codigo Carga Academica',
  `id_docente` varchar(24) NOT NULL COMMENT 'Codigo de Docente',
  `id_escuela` bigint(20) NOT NULL COMMENT 'Codigo de Escuela',
  `id_planestudiodetalle` varchar(50) DEFAULT NULL COMMENT 'Codigo Detalle Plan Estudio',
  `id_programa` varchar(20) NOT NULL COMMENT 'Codigo del Programa',
  `id_planestudio` varchar(20) NOT NULL COMMENT 'Codigo Plan de Estudios',
  `id_asignatura` varchar(20) NOT NULL COMMENT 'Codigo Asignatura',
  `numgrado_programa` varchar(2) NOT NULL COMMENT 'Grado',
  `id_grupo` varchar(24) NOT NULL COMMENT 'Codigo del Grupo',
  `id_periodo` varchar(10) NOT NULL COMMENT 'Codigo del Periodo',
  `numhoras_carga` float DEFAULT '1' COMMENT 'Numero de horas asignadas al Docente por Asignatura y Grupo',
  `status_carga` tinyint(1) DEFAULT '1',
  PRIMARY KEY (`id_carga`),
  UNIQUE KEY `CargasDocentesApp_id_carga_Idx` (`id_carga`),
  KEY `CargasDocentesApp_id_docente_Idx` (`id_docente`,`id_escuela`,`id_programa`,`id_planestudio`,`id_grupo`,`id_periodo`,`id_asignatura`,`numgrado_programa`)
) ENGINE=InnoDB  DEFAULT CHARSET=latin1 COMMENT='Cargas Academicas de los Docentes' AUTO_INCREMENT=293 ;

--
-- Volcado de datos para la tabla `cargasdocentesapp`
--

INSERT INTO `cargasdocentesapp` (`id_carga`, `id_docente`, `id_escuela`, `id_planestudiodetalle`, `id_programa`, `id_planestudio`, `id_asignatura`, `numgrado_programa`, `id_grupo`, `id_periodo`, `numhoras_carga`, `status_carga`) VALUES
(1, 'P9', 1, 'DPE12345678901', '000', '1000', 'ADIMA', '0', '0A000', '2019', 4, 1),
(2, 'P9', 1, 'DPE12345678902', '000', '1000', 'ADIMC', '0', '0A000', '2019', 4, 1),
(3, 'P9', 1, 'DPE12345678903', '000', '1000', 'ADIMCP', '0', '0A000', '2019', 4, 1),
(4, 'P9', 1, 'DPE12345678904', '000', '1000', 'ADIMEV', '0', '0A000', '2019', 2, 1),
(5, 'P9', 1, 'DPE12345678905', '000', '1000', 'ADIMRL', '0', '0A000', '2019', 2, 1),
(6, 'P9', 1, 'DPE12345678906', '000', '1000', 'ADIMCM', '0', '0A000', '2019', 4, 1),
(7, 'P9', 1, 'DPE12345678907', '000', '1000', 'ACD', '0', '0A000', '2019', 0, 1),
(8, 'P18', 1, 'DPE12345678901', '000', '1000', 'ADIMA', '0', '0B000', '2019', 4, 1),
(9, 'P18', 1, 'DPE12345678902', '000', '1000', 'ADIMC', '0', '0B000', '2019', 4, 1),
(10, 'P18', 1, 'DPE12345678903', '000', '1000', 'ADIMCP', '0', '0B000', '2019', 4, 1),
(11, 'P18', 1, 'DPE12345678904', '000', '1000', 'ADIMEV', '0', '0B000', '2019', 2, 1),
(12, 'P18', 1, 'DPE12345678905', '000', '1000', 'ADIMRL', '0', '0B000', '2019', 2, 1),
(13, 'P18', 1, 'DPE12345678906', '000', '1000', 'ADIMCM', '0', '0B000', '2019', 4, 1),
(14, 'P18', 1, 'DPE12345678907', '000', '1000', 'ACD', '0', '0B000', '2019', 0, 1),
(15, 'P17', 1, 'DPE12345678908', '001', '1001', 'AESP', '1', '1A001', '2019', 4, 1),
(16, 'P17', 1, 'DPE12345678909', '001', '1001', 'AMAT', '1', '1A001', '2019', 4, 1),
(17, 'P17', 1, 'DPE123456789010', '001', '1001', 'ANAT', '1', '1A001', '2019', 4, 1),
(18, 'P17', 1, 'DPE123456789011', '001', '1001', 'ASOC', '1', '1A001', '2019', 4, 1),
(19, 'P17', 1, 'DPE123456789012', '001', '1001', 'AART', '1', '1A001', '2019', 2, 1),
(20, 'P17', 1, 'DPE123456789013', '001', '1001', 'AEVA', '1', '1A001', '2019', 2, 1),
(21, 'P17', 1, 'DPE123456789014', '001', '1001', 'AREL', '1', '1A001', '2019', 2, 1),
(22, 'P17', 1, 'DPE123456789015', '001', '1001', 'AEFI', '1', '1A001', '2019', 2, 1),
(23, 'P17', 1, 'DPE123456789016', '001', '1001', 'AINF', '1', '1A001', '2019', 2, 1),
(24, 'P17', 1, 'DPE123456789017', '001', '1001', 'AING', '1', '1A001', '2019', 2, 1),
(25, 'P17', 1, 'DPE123456789018', '001', '1001', 'ACD', '1', '1A001', '2019', 0, 1),
(26, 'P10', 1, 'DPE12345678908', '001', '1001', 'AESP', '1', '1B001', '2019', 4, 1),
(27, 'P10', 1, 'DPE12345678909', '001', '1001', 'AMAT', '1', '1B001', '2019', 4, 1),
(28, 'P10', 1, 'DPE123456789010', '001', '1001', 'ANAT', '1', '1B001', '2019', 4, 1),
(29, 'P10', 1, 'DPE123456789011', '001', '1001', 'ASOC', '1', '1B001', '2019', 4, 1),
(30, 'P10', 1, 'DPE123456789012', '001', '1001', 'AART', '1', '1B001', '2019', 2, 1),
(31, 'P10', 1, 'DPE123456789013', '001', '1001', 'AEVA', '1', '1B001', '2019', 2, 1),
(32, 'P10', 1, 'DPE123456789014', '001', '1001', 'AREL', '1', '1B001', '2019', 2, 1),
(33, 'P10', 1, 'DPE123456789015', '001', '1001', 'AEFI', '1', '1B001', '2019', 2, 1),
(34, 'P10', 1, 'DPE123456789016', '001', '1001', 'AINF', '1', '1B001', '2019', 2, 1),
(35, 'P10', 1, 'DPE123456789017', '001', '1001', 'AING', '1', '1B001', '2019', 2, 1),
(36, 'P10', 1, 'DPE123456789018', '001', '1001', 'ACD', '1', '1B001', '2019', 0, 1),
(37, 'P24', 1, 'DPE123456789019', '001', '1001', 'AESP', '2', '2A001', '2019', 4, 1),
(38, 'P24', 1, 'DPE123456789020', '001', '1001', 'AMAT', '2', '2A001', '2019', 4, 1),
(39, 'P24', 1, 'DPE123456789021', '001', '1001', 'ANAT', '2', '2A001', '2019', 4, 1),
(40, 'P24', 1, 'DPE123456789022', '001', '1001', 'ASOC', '2', '2A001', '2019', 4, 1),
(41, 'P24', 1, 'DPE123456789023', '001', '1001', 'AART', '2', '2A001', '2019', 2, 1),
(42, 'P24', 1, 'DPE123456789024', '001', '1001', 'AEVA', '2', '2A001', '2019', 2, 1),
(43, 'P24', 1, 'DPE123456789025', '001', '1001', 'AREL', '2', '2A001', '2019', 2, 1),
(44, 'P24', 1, 'DPE123456789026', '001', '1001', 'AEFI', '2', '2A001', '2019', 2, 1),
(45, 'P24', 1, 'DPE123456789027', '001', '1001', 'AINF', '2', '2A001', '2019', 2, 1),
(46, 'P24', 1, 'DPE123456789028', '001', '1001', 'AING', '2', '2A001', '2019', 2, 1),
(47, 'P24', 1, 'DPE123456789029', '001', '1001', 'ACD', '2', '2A001', '2019', 0, 1),
(48, 'P19', 1, 'DPE123456789019', '001', '1001', 'AESP', '2', '2B001', '2019', 4, 1),
(49, 'P19', 1, 'DPE123456789020', '001', '1001', 'AMAT', '2', '2B001', '2019', 4, 1),
(50, 'P19', 1, 'DPE123456789021', '001', '1001', 'ANAT', '2', '2B001', '2019', 4, 1),
(51, 'P19', 1, 'DPE123456789022', '001', '1001', 'ASOC', '2', '2B001', '2019', 4, 1),
(52, 'P19', 1, 'DPE123456789023', '001', '1001', 'AART', '2', '2B001', '2019', 2, 1),
(53, 'P19', 1, 'DPE123456789024', '001', '1001', 'AEVA', '2', '2B001', '2019', 2, 1),
(54, 'P19', 1, 'DPE123456789025', '001', '1001', 'AREL', '2', '2B001', '2019', 2, 1),
(55, 'P19', 1, 'DPE123456789026', '001', '1001', 'AEFI', '2', '2B001', '2019', 2, 1),
(56, 'P19', 1, 'DPE123456789027', '001', '1001', 'AINF', '2', '2B001', '2019', 2, 1),
(57, 'P19', 1, 'DPE123456789028', '001', '1001', 'AING', '2', '2B001', '2019', 2, 1),
(58, 'P19', 1, 'DPE123456789029', '001', '1001', 'ACD', '2', '2B001', '2019', 0, 1),
(59, 'P36', 1, 'DPE123456789030', '001', '1001', 'AESP', '3', '3A001', '2019', 4, 1),
(60, 'P36', 1, 'DPE123456789031', '001', '1001', 'AMAT', '3', '3A001', '2019', 4, 1),
(61, 'P36', 1, 'DPE123456789032', '001', '1001', 'ANAT', '3', '3A001', '2019', 4, 1),
(62, 'P36', 1, 'DPE123456789033', '001', '1001', 'ASOC', '3', '3A001', '2019', 4, 1),
(63, 'P36', 1, 'DPE123456789034', '001', '1001', 'AART', '3', '3A001', '2019', 2, 1),
(64, 'P36', 1, 'DPE123456789035', '001', '1001', 'AEVA', '3', '3A001', '2019', 2, 1),
(65, 'P36', 1, 'DPE123456789036', '001', '1001', 'AREL', '3', '3A001', '2019', 2, 1),
(66, 'P36', 1, 'DPE123456789037', '001', '1001', 'AEFI', '3', '3A001', '2019', 2, 1),
(67, 'P36', 1, 'DPE123456789038', '001', '1001', 'AINF', '3', '3A001', '2019', 2, 1),
(68, 'P36', 1, 'DPE123456789039', '001', '1001', 'AING', '3', '3A001', '2019', 2, 1),
(69, 'P36', 1, 'DPE123456789040', '001', '1001', 'ACD', '3', '3A001', '2019', 0, 1),
(70, 'P11', 1, 'DPE123456789030', '001', '1001', 'AESP', '3', '3B001', '2019', 4, 1),
(71, 'P11', 1, 'DPE123456789031', '001', '1001', 'AMAT', '3', '3B001', '2019', 4, 1),
(72, 'P11', 1, 'DPE123456789032', '001', '1001', 'ANAT', '3', '3B001', '2019', 4, 1),
(73, 'P11', 1, 'DPE123456789033', '001', '1001', 'ASOC', '3', '3B001', '2019', 4, 1),
(74, 'P11', 1, 'DPE123456789034', '001', '1001', 'AART', '3', '3B001', '2019', 2, 1),
(75, 'P11', 1, 'DPE123456789035', '001', '1001', 'AEVA', '3', '3B001', '2019', 2, 1),
(76, 'P11', 1, 'DPE123456789036', '001', '1001', 'AREL', '3', '3B001', '2019', 2, 1),
(77, 'P11', 1, 'DPE123456789037', '001', '1001', 'AEFI', '3', '3B001', '2019', 2, 1),
(78, 'P11', 1, 'DPE123456789038', '001', '1001', 'AINF', '3', '3B001', '2019', 2, 1),
(79, 'P11', 1, 'DPE123456789039', '001', '1001', 'AING', '3', '3B001', '2019', 2, 1),
(80, 'P11', 1, 'DPE123456789040', '001', '1001', 'ACD', '3', '3B001', '2019', 0, 1),
(81, 'P4', 1, 'DPE123456789041', '001', '1001', 'AESP', '4', '4A001', '2019', 4, 1),
(82, 'P4', 1, 'DPE123456789042', '001', '1001', 'AMAT', '4', '4A001', '2019', 4, 1),
(83, 'P4', 1, 'DPE123456789043', '001', '1001', 'ANAT', '4', '4A001', '2019', 4, 1),
(84, 'P4', 1, 'DPE123456789044', '001', '1001', 'ASOC', '4', '4A001', '2019', 4, 1),
(85, 'P4', 1, 'DPE123456789045', '001', '1001', 'AART', '4', '4A001', '2019', 2, 1),
(86, 'P4', 1, 'DPE123456789046', '001', '1001', 'AEVA', '4', '4A001', '2019', 2, 1),
(87, 'P4', 1, 'DPE123456789047', '001', '1001', 'AREL', '4', '4A001', '2019', 2, 1),
(88, 'P4', 1, 'DPE123456789048', '001', '1001', 'AEFI', '4', '4A001', '2019', 2, 1),
(89, 'P4', 1, 'DPE123456789049', '001', '1001', 'AINF', '4', '4A001', '2019', 2, 1),
(90, 'P4', 1, 'DPE123456789050', '001', '1001', 'AING', '4', '4A001', '2019', 2, 1),
(91, 'P4', 1, 'DPE123456789051', '001', '1001', 'ACD', '4', '4A001', '2019', 0, 1),
(92, 'P31', 1, 'DPE123456789041', '001', '1001', 'AESP', '4', '4B001', '2019', 4, 1),
(93, 'P31', 1, 'DPE123456789042', '001', '1001', 'AMAT', '4', '4B001', '2019', 4, 1),
(94, 'P31', 1, 'DPE123456789043', '001', '1001', 'ANAT', '4', '4B001', '2019', 4, 1),
(95, 'P31', 1, 'DPE123456789044', '001', '1001', 'ASOC', '4', '4B001', '2019', 4, 1),
(96, 'P31', 1, 'DPE123456789045', '001', '1001', 'AART', '4', '4B001', '2019', 2, 1),
(97, 'P31', 1, 'DPE123456789046', '001', '1001', 'AEVA', '4', '4B001', '2019', 2, 1),
(98, 'P31', 1, 'DPE123456789047', '001', '1001', 'AREL', '4', '4B001', '2019', 2, 1),
(99, 'P31', 1, 'DPE123456789048', '001', '1001', 'AEFI', '4', '4B001', '2019', 2, 1),
(100, 'P31', 1, 'DPE123456789049', '001', '1001', 'AINF', '4', '4B001', '2019', 2, 1),
(101, 'P31', 1, 'DPE123456789050', '001', '1001', 'AING', '4', '4B001', '2019', 2, 1),
(102, 'P31', 1, 'DPE123456789051', '001', '1001', 'ACD', '4', '4B001', '2019', 0, 1),
(103, 'P30', 1, 'DPE123456789052', '001', '1001', 'AESP', '5', '5A001', '2019', 4, 1),
(104, 'P30', 1, 'DPE123456789053', '001', '1001', 'AMAT', '5', '5A001', '2019', 4, 1),
(105, 'P30', 1, 'DPE123456789054', '001', '1001', 'ANAT', '5', '5A001', '2019', 4, 1),
(106, 'P30', 1, 'DPE123456789055', '001', '1001', 'ASOC', '5', '5A001', '2019', 4, 1),
(107, 'P30', 1, 'DPE123456789056', '001', '1001', 'AART', '5', '5A001', '2019', 2, 1),
(108, 'P30', 1, 'DPE123456789057', '001', '1001', 'AEVA', '5', '5A001', '2019', 2, 1),
(109, 'P30', 1, 'DPE123456789058', '001', '1001', 'AREL', '5', '5A001', '2019', 2, 1),
(110, 'P30', 1, 'DPE123456789059', '001', '1001', 'AEFI', '5', '5A001', '2019', 2, 1),
(111, 'P30', 1, 'DPE123456789060', '001', '1001', 'AINF', '5', '5A001', '2019', 2, 1),
(112, 'P30', 1, 'DPE123456789061', '001', '1001', 'AING', '5', '5A001', '2019', 2, 1),
(113, 'P30', 1, 'DPE123456789062', '001', '1001', 'ACD', '5', '5A001', '2019', 0, 1),
(114, 'P21', 1, 'DPE123456789052', '001', '1001', 'AESP', '5', '5B001', '2019', 4, 1),
(115, 'P21', 1, 'DPE123456789053', '001', '1001', 'AMAT', '5', '5B001', '2019', 4, 1),
(116, 'P21', 1, 'DPE123456789054', '001', '1001', 'ANAT', '5', '5B001', '2019', 4, 1),
(117, 'P21', 1, 'DPE123456789055', '001', '1001', 'ASOC', '5', '5B001', '2019', 4, 1),
(118, 'P21', 1, 'DPE123456789056', '001', '1001', 'AART', '5', '5B001', '2019', 2, 1),
(119, 'P21', 1, 'DPE123456789057', '001', '1001', 'AEVA', '5', '5B001', '2019', 2, 1),
(120, 'P21', 1, 'DPE123456789058', '001', '1001', 'AREL', '5', '5B001', '2019', 2, 1),
(121, 'P21', 1, 'DPE123456789059', '001', '1001', 'AEFI', '5', '5B001', '2019', 2, 1),
(122, 'P21', 1, 'DPE123456789060', '001', '1001', 'AINF', '5', '5B001', '2019', 2, 1),
(123, 'P21', 1, 'DPE123456789061', '001', '1001', 'AING', '5', '5B001', '2019', 2, 1),
(124, 'P21', 1, 'DPE123456789062', '001', '1001', 'ACD', '5', '5B001', '2019', 0, 1),
(125, 'P33', 1, 'DPE123456789063', '002', '1002', 'AESP', '6', '6A002', '2019', 4, 1),
(126, 'P22', 1, 'DPE123456789064', '002', '1002', 'AMAT', '6', '6A002', '2019', 4, 1),
(127, 'P22', 1, 'DPE123456789065', '002', '1002', 'AGEOM', '6', '6A002', '2019', 2, 1),
(128, 'P5', 1, 'DPE123456789066', '002', '1002', 'ANAT', '6', '6A002', '2019', 4, 1),
(129, 'P16', 1, 'DPE123456789067', '002', '1002', 'AHIS', '6', '6A002', '2019', 2, 1),
(130, 'P16', 1, 'DPE123456789068', '002', '1002', 'AGEO', '6', '6A002', '2019', 2, 1),
(131, 'P16', 1, 'DPE123456789069', '002', '1002', 'ADEM', '6', '6A002', '2019', 2, 1),
(132, 'P5', 1, 'DPE123456789070', '002', '1002', 'AART', '6', '6A002', '2019', 2, 1),
(133, 'P15', 1, 'DPE123456789071', '002', '1002', 'AEVA', '6', '6A002', '2019', 2, 1),
(134, 'P15', 1, 'DPE123456789072', '002', '1002', 'AREL', '6', '6A002', '2019', 2, 1),
(135, 'P28', 1, 'DPE123456789073', '002', '1002', 'AEFI', '6', '6A002', '2019', 2, 1),
(136, 'P29', 1, 'DPE123456789074', '002', '1002', 'AINF', '6', '6A002', '2019', 2, 1),
(137, 'P7', 1, 'DPE123456789075', '002', '1002', 'AING', '6', '6A002', '2019', 2, 1),
(138, 'P5', 1, 'DPE123456789076', '002', '1002', 'ACD', '6', '6A002', '2019', 0, 1),
(139, 'P33', 1, 'DPE123456789063', '002', '1002', 'AESP', '6', '6B002', '2019', 4, 1),
(140, 'P22', 1, 'DPE123456789064', '002', '1002', 'AMAT', '6', '6B002', '2019', 4, 1),
(141, 'P22', 1, 'DPE123456789065', '002', '1002', 'AGEOM', '6', '6B002', '2019', 2, 1),
(142, 'P5', 1, 'DPE123456789066', '002', '1002', 'ANAT', '6', '6B002', '2019', 4, 1),
(143, 'P16', 1, 'DPE123456789067', '002', '1002', 'AHIS', '6', '6B002', '2019', 2, 1),
(144, 'P16', 1, 'DPE123456789068', '002', '1002', 'AGEO', '6', '6B002', '2019', 2, 1),
(145, 'P16', 1, 'DPE123456789069', '002', '1002', 'ADEM', '6', '6B002', '2019', 2, 1),
(146, 'P26', 1, 'DPE123456789070', '002', '1002', 'AART', '6', '6B002', '2019', 2, 1),
(147, 'P15', 1, 'DPE123456789071', '002', '1002', 'AEVA', '6', '6B002', '2019', 2, 1),
(148, 'P16', 1, 'DPE123456789072', '002', '1002', 'AREL', '6', '6B002', '2019', 2, 1),
(149, 'P28', 1, 'DPE123456789073', '002', '1002', 'AEFI', '6', '6B002', '2019', 2, 1),
(150, 'P26', 1, 'DPE123456789074', '002', '1002', 'AINF', '6', '6B002', '2019', 2, 1),
(151, 'P7', 1, 'DPE123456789075', '002', '1002', 'AING', '6', '6B002', '2019', 2, 1),
(152, 'P22', 1, 'DPE123456789076', '002', '1002', 'ACD', '6', '6B002', '2019', 0, 1),
(153, 'P33', 1, 'DPE123456789077', '002', '1002', 'AESP', '7', '7A002', '2019', 4, 1),
(154, 'P22', 1, 'DPE123456789078', '002', '1002', 'AMAT', '7', '7A002', '2019', 4, 1),
(155, 'P22', 1, 'DPE123456789079', '002', '1002', 'AGEOM', '7', '7A002', '2019', 2, 1),
(156, 'P5', 1, 'DPE123456789080', '002', '1002', 'ANAT', '7', '7A002', '2019', 4, 1),
(157, 'P20', 1, 'DPE123456789081', '002', '1002', 'AHIS', '7', '7A002', '2019', 2, 1),
(158, 'P20', 1, 'DPE123456789082', '002', '1002', 'AGEO', '7', '7A002', '2019', 2, 1),
(159, 'P20', 1, 'DPE123456789083', '002', '1002', 'ADEM', '7', '7A002', '2019', 2, 1),
(160, 'P15', 1, 'DPE123456789084', '002', '1002', 'AART', '7', '7A002', '2019', 2, 1),
(161, 'P15', 1, 'DPE123456789085', '002', '1002', 'AEVA', '7', '7A002', '2019', 2, 1),
(162, 'P15', 1, 'DPE123456789086', '002', '1002', 'AREL', '7', '7A002', '2019', 2, 1),
(163, 'P28', 1, 'DPE123456789087', '002', '1002', 'AEFI', '7', '7A002', '2019', 2, 1),
(164, 'P26', 1, 'DPE123456789088', '002', '1002', 'AINF', '7', '7A002', '2019', 2, 1),
(165, 'P7', 1, 'DPE123456789089', '002', '1002', 'AING', '7', '7A002', '2019', 2, 1),
(166, 'P15', 1, 'DPE123456789090', '002', '1002', 'ACD', '7', '7A002', '2019', 0, 1),
(167, 'P33', 1, 'DPE123456789077', '002', '1002', 'AESP', '7', '7B002', '2019', 4, 1),
(168, 'P22', 1, 'DPE123456789078', '002', '1002', 'AMAT', '7', '7B002', '2019', 4, 1),
(169, 'P22', 1, 'DPE123456789079', '002', '1002', 'AGEOM', '7', '7B002', '2019', 2, 1),
(170, 'P5', 1, 'DPE123456789080', '002', '1002', 'ANAT', '7', '7B002', '2019', 4, 1),
(171, 'P20', 1, 'DPE123456789081', '002', '1002', 'AHIS', '7', '7B002', '2019', 2, 1),
(172, 'P20', 1, 'DPE123456789082', '002', '1002', 'AGEO', '7', '7B002', '2019', 2, 1),
(173, 'P20', 1, 'DPE123456789083', '002', '1002', 'ADEM', '7', '7B002', '2019', 2, 1),
(174, 'P15', 1, 'DPE123456789084', '002', '1002', 'AART', '7', '7B002', '2019', 2, 1),
(175, 'P15', 1, 'DPE123456789085', '002', '1002', 'AEVA', '7', '7B002', '2019', 2, 1),
(176, 'P16', 1, 'DPE123456789086', '002', '1002', 'AREL', '7', '7B002', '2019', 2, 1),
(177, 'P28', 1, 'DPE123456789087', '002', '1002', 'AEFI', '7', '7B002', '2019', 2, 1),
(178, 'P26', 1, 'DPE123456789088', '002', '1002', 'AINF', '7', '7B002', '2019', 2, 1),
(179, 'P7', 1, 'DPE123456789089', '002', '1002', 'AING', '7', '7B002', '2019', 2, 1),
(180, 'P16', 1, 'DPE123456789090', '002', '1002', 'ACD', '7', '7B002', '2019', 0, 1),
(181, 'P35', 1, 'DPE123456789091', '002', '1002', 'AESP', '8', '8A002', '2019', 4, 1),
(182, 'P29', 1, 'DPE123456789092', '002', '1002', 'AMAT', '8', '8A002', '2019', 4, 1),
(183, 'P29', 1, 'DPE123456789093', '002', '1002', 'AGEOM', '8', '8A002', '2019', 2, 1),
(184, 'P5', 1, 'DPE123456789094', '002', '1002', 'ANAT', '8', '8A002', '2019', 4, 1),
(185, 'P20', 1, 'DPE123456789095', '002', '1002', 'AHIS', '8', '8A002', '2019', 2, 1),
(186, 'P20', 1, 'DPE123456789096', '002', '1002', 'AGEO', '8', '8A002', '2019', 2, 1),
(187, 'P20', 1, 'DPE123456789097', '002', '1002', 'ADEM', '8', '8A002', '2019', 2, 1),
(188, 'P14', 1, 'DPE123456789098', '002', '1002', 'AART', '8', '8A002', '2019', 2, 1),
(189, 'P15', 1, 'DPE123456789099', '002', '1002', 'AEVA', '8', '8A002', '2019', 2, 1),
(190, 'P33', 1, 'DPE1234567890100', '002', '1002', 'AREL', '8', '8A002', '2019', 2, 1),
(191, 'P28', 1, 'DPE1234567890101', '002', '1002', 'AEFI', '8', '8A002', '2019', 2, 1),
(192, 'P26', 1, 'DPE1234567890102', '002', '1002', 'AINF', '8', '8A002', '2019', 2, 1),
(193, 'P7', 1, 'DPE1234567890103', '002', '1002', 'AING', '8', '8A002', '2019', 2, 1),
(194, 'P20', 1, 'DPE1234567890104', '002', '1002', 'ACD', '8', '8A002', '2019', 0, 1),
(195, 'P35', 1, 'DPE123456789091', '002', '1002', 'AESP', '8', '8B002', '2019', 4, 1),
(196, 'P29', 1, 'DPE123456789092', '002', '1002', 'AMAT', '8', '8B002', '2019', 4, 1),
(197, 'P29', 1, 'DPE123456789093', '002', '1002', 'AGEOM', '8', '8B002', '2019', 2, 1),
(198, 'P23', 1, 'DPE123456789094', '002', '1002', 'ANAT', '8', '8B002', '2019', 4, 1),
(199, 'P16', 1, 'DPE123456789095', '002', '1002', 'AHIS', '8', '8B002', '2019', 2, 1),
(200, 'P16', 1, 'DPE123456789096', '002', '1002', 'AGEO', '8', '8B002', '2019', 2, 1),
(201, 'P16', 1, 'DPE123456789097', '002', '1002', 'ADEM', '8', '8B002', '2019', 2, 1),
(202, 'P26', 1, 'DPE123456789098', '002', '1002', 'AART', '8', '8B002', '2019', 2, 1),
(203, 'P15', 1, 'DPE123456789099', '002', '1002', 'AEVA', '8', '8B002', '2019', 2, 1),
(204, 'P33', 1, 'DPE1234567890100', '002', '1002', 'AREL', '8', '8B002', '2019', 2, 1),
(205, 'P28', 1, 'DPE1234567890101', '002', '1002', 'AEFI', '8', '8B002', '2019', 2, 1),
(206, 'P26', 1, 'DPE1234567890102', '002', '1002', 'AINF', '8', '8B002', '2019', 2, 1),
(207, 'P7', 1, 'DPE1234567890103', '002', '1002', 'AING', '8', '8B002', '2019', 2, 1),
(208, 'P29', 1, 'DPE1234567890104', '002', '1002', 'ACD', '8', '8B002', '2019', 0, 1),
(209, 'P35', 1, 'DPE1234567890105', '002', '1002', 'AESP', '9', '9A002', '2019', 4, 1),
(210, 'P29', 1, 'DPE1234567890106', '002', '1002', 'AMAT', '9', '9A002', '2019', 4, 1),
(211, 'P29', 1, 'DPE1234567890107', '002', '1002', 'AGEOM', '9', '9A002', '2019', 2, 1),
(212, 'P23', 1, 'DPE1234567890108', '002', '1002', 'ANAT', '9', '9A002', '2019', 4, 1),
(213, 'P34', 1, 'DPE1234567890109', '002', '1002', 'AHIS', '9', '9A002', '2019', 2, 1),
(214, 'P34', 1, 'DPE1234567890110', '002', '1002', 'AGEO', '9', '9A002', '2019', 2, 1),
(215, 'P34', 1, 'DPE1234567890111', '002', '1002', 'ADEM', '9', '9A002', '2019', 2, 1),
(216, 'P7', 1, 'DPE1234567890112', '002', '1002', 'AART', '9', '9A002', '2019', 2, 1),
(217, 'P15', 1, 'DPE1234567890113', '002', '1002', 'AEVA', '9', '9A002', '2019', 2, 1),
(218, 'P34', 1, 'DPE1234567890114', '002', '1002', 'AREL', '9', '9A002', '2019', 2, 1),
(219, 'P28', 1, 'DPE1234567890115', '002', '1002', 'AEFI', '9', '9A002', '2019', 2, 1),
(220, 'P26', 1, 'DPE1234567890116', '002', '1002', 'AINF', '9', '9A002', '2019', 2, 1),
(221, 'P7', 1, 'DPE1234567890117', '002', '1002', 'AING', '9', '9A002', '2019', 2, 1),
(222, 'P7', 1, 'DPE1234567890118', '002', '1002', 'ACD', '9', '9A002', '2019', 0, 1),
(223, 'P35', 1, 'DPE1234567890105', '002', '1002', 'AESP', '9', '9B002', '2019', 4, 1),
(224, 'P29', 1, 'DPE1234567890106', '002', '1002', 'AMAT', '9', '9B002', '2019', 4, 1),
(225, 'P29', 1, 'DPE1234567890107', '002', '1002', 'AGEOM', '9', '9B002', '2019', 2, 1),
(226, 'P5', 1, 'DPE1234567890108', '002', '1002', 'ANAT', '9', '9B002', '2019', 4, 1),
(227, 'P20', 1, 'DPE1234567890109', '002', '1002', 'AHIS', '9', '9B002', '2019', 2, 1),
(228, 'P20', 1, 'DPE1234567890110', '002', '1002', 'AGEO', '9', '9B002', '2019', 2, 1),
(229, 'P16', 1, 'DPE1234567890111', '002', '1002', 'ADEM', '9', '9B002', '2019', 2, 1),
(230, 'P35', 1, 'DPE1234567890112', '002', '1002', 'AART', '9', '9B002', '2019', 2, 1),
(231, 'P15', 1, 'DPE1234567890113', '002', '1002', 'AEVA', '9', '9B002', '2019', 2, 1),
(232, 'P34', 1, 'DPE1234567890114', '002', '1002', 'AREL', '9', '9B002', '2019', 2, 1),
(233, 'P28', 1, 'DPE1234567890115', '002', '1002', 'AEFI', '9', '9B002', '2019', 2, 1),
(234, 'P26', 1, 'DPE1234567890116', '002', '1002', 'AINF', '9', '9B002', '2019', 2, 1),
(235, 'P7', 1, 'DPE1234567890117', '002', '1002', 'AING', '9', '9B002', '2019', 2, 1),
(236, 'P34', 1, 'DPE1234567890118', '002', '1002', 'ACD', '9', '9B002', '2019', 0, 1),
(237, 'P14', 1, 'DPE1234567890119', '002', '1002', 'AESP', '10', '10A002', '2019', 4, 1),
(238, 'P25', 1, 'DPE1234567890120', '002', '1002', 'AMAT', '10', '10A002', '2019', 6, 1),
(239, 'P23', 1, 'DPE1234567890121', '002', '1002', 'AQU', '10', '10A002', '2019', 2, 1),
(240, 'P25', 1, 'DPE1234567890122', '002', '1002', 'AFIS', '10', '10A002', '2019', 2, 1),
(241, 'P15', 1, 'DPE1234567890123', '002', '1002', 'AFIL', '10', '10A002', '2019', 2, 1),
(242, 'P34', 1, 'DPE1234567890124', '002', '1002', 'AECO', '10', '10A002', '2019', 2, 1),
(243, 'P34', 1, 'DPE1234567890125', '002', '1002', 'ADEM', '10', '10A002', '2019', 2, 1),
(244, 'P35', 1, 'DPE1234567890126', '002', '1002', 'AART', '10', '10A002', '2019', 2, 1),
(245, 'P15', 1, 'DPE1234567890127', '002', '1002', 'AEVA', '10', '10A002', '2019', 2, 1),
(246, 'P34', 1, 'DPE1234567890128', '002', '1002', 'AREL', '10', '10A002', '2019', 2, 1),
(247, 'P28', 1, 'DPE1234567890129', '002', '1002', 'AEFI', '10', '10A002', '2019', 2, 1),
(248, 'P26', 1, 'DPE1234567890130', '002', '1002', 'AINF', '10', '10A002', '2019', 2, 1),
(249, 'P7', 1, 'DPE1234567890131', '002', '1002', 'AING', '10', '10A002', '2019', 2, 1),
(250, 'P23', 1, 'DPE1234567890132', '002', '1002', 'ACD', '10', '10A002', '2019', 0, 1),
(251, 'P14', 1, 'DPE1234567890119', '002', '1002', 'AESP', '10', '10B002', '2019', 4, 1),
(252, 'P25', 1, 'DPE1234567890120', '002', '1002', 'AMAT', '10', '10B002', '2019', 6, 1),
(253, 'P23', 1, 'DPE1234567890121', '002', '1002', 'AQU', '10', '10B002', '2019', 2, 1),
(254, 'P25', 1, 'DPE1234567890122', '002', '1002', 'AFIS', '10', '10B002', '2019', 2, 1),
(255, 'P15', 1, 'DPE1234567890123', '002', '1002', 'AFIL', '10', '10B002', '2019', 2, 1),
(256, 'P34', 1, 'DPE1234567890124', '002', '1002', 'AECO', '10', '10B002', '2019', 2, 1),
(257, 'P34', 1, 'DPE1234567890125', '002', '1002', 'ADEM', '10', '10B002', '2019', 2, 1),
(258, 'P35', 1, 'DPE1234567890126', '002', '1002', 'AART', '10', '10B002', '2019', 2, 1),
(259, 'P15', 1, 'DPE1234567890127', '002', '1002', 'AEVA', '10', '10B002', '2019', 2, 1),
(260, 'P34', 1, 'DPE1234567890128', '002', '1002', 'AREL', '10', '10B002', '2019', 2, 1),
(261, 'P28', 1, 'DPE1234567890129', '002', '1002', 'AEFI', '10', '10B002', '2019', 2, 1),
(262, 'P26', 1, 'DPE1234567890130', '002', '1002', 'AINF', '10', '10B002', '2019', 2, 1),
(263, 'P7', 1, 'DPE1234567890131', '002', '1002', 'AING', '10', '10B002', '2019', 2, 1),
(264, 'P26', 1, 'DPE1234567890132', '002', '1002', 'ACD', '10', '10B002', '2019', 0, 1),
(265, 'P14', 1, 'DPE1234567890133', '002', '1002', 'AESP', '11', '11A002', '2019', 4, 1),
(266, 'P25', 1, 'DPE1234567890134', '002', '1002', 'AMAT', '11', '11A002', '2019', 6, 1),
(267, 'P23', 1, 'DPE1234567890135', '002', '1002', 'AQU', '11', '11A002', '2019', 2, 1),
(268, 'P25', 1, 'DPE1234567890136', '002', '1002', 'AFIS', '11', '11A002', '2019', 2, 1),
(269, 'P15', 1, 'DPE1234567890137', '002', '1002', 'AFIL', '11', '11A002', '2019', 2, 1),
(270, 'P34', 1, 'DPE1234567890138', '002', '1002', 'AECO', '11', '11A002', '2019', 2, 1),
(271, 'P34', 1, 'DPE1234567890139', '002', '1002', 'ADEM', '11', '11A002', '2019', 2, 1),
(272, 'P14', 1, 'DPE1234567890140', '002', '1002', 'AART', '11', '11A002', '2019', 2, 1),
(273, 'P15', 1, 'DPE1234567890141', '002', '1002', 'AEVA', '11', '11A002', '2019', 2, 1),
(274, 'P34', 1, 'DPE1234567890142', '002', '1002', 'AREL', '11', '11A002', '2019', 2, 1),
(275, 'P28', 1, 'DPE1234567890143', '002', '1002', 'AEFI', '11', '11A002', '2019', 2, 1),
(276, 'P26', 1, 'DPE1234567890144', '002', '1002', 'AINF', '11', '11A002', '2019', 2, 1),
(277, 'P7', 1, 'DPE1234567890145', '002', '1002', 'AING', '11', '11A002', '2019', 2, 1),
(278, 'P25', 1, 'DPE1234567890146', '002', '1002', 'ACD', '11', '11A002', '2019', 0, 1),
(279, 'P14', 1, 'DPE1234567890133', '002', '1002', 'AESP', '11', '11B002', '2019', 4, 1),
(280, 'P25', 1, 'DPE1234567890134', '002', '1002', 'AMAT', '11', '11B002', '2019', 6, 1),
(281, 'P23', 1, 'DPE1234567890135', '002', '1002', 'AQU', '11', '11B002', '2019', 2, 1),
(282, 'P25', 1, 'DPE1234567890136', '002', '1002', 'AFIS', '11', '11B002', '2019', 2, 1),
(283, 'P15', 1, 'DPE1234567890137', '002', '1002', 'AFIL', '11', '11B002', '2019', 2, 1),
(284, 'P34', 1, 'DPE1234567890138', '002', '1002', 'AECO', '11', '11B002', '2019', 2, 1),
(285, 'P34', 1, 'DPE1234567890139', '002', '1002', 'ADEM', '11', '11B002', '2019', 2, 1),
(286, 'P14', 1, 'DPE1234567890140', '002', '1002', 'AART', '11', '11B002', '2019', 2, 1),
(287, 'P15', 1, 'DPE1234567890141', '002', '1002', 'AEVA', '11', '11B002', '2019', 2, 1),
(288, 'P34', 1, 'DPE1234567890142', '002', '1002', 'AREL', '11', '11B002', '2019', 2, 1),
(289, 'P28', 1, 'DPE1234567890143', '002', '1002', 'AEFI', '11', '11B002', '2019', 2, 1),
(290, 'P26', 1, 'DPE1234567890144', '002', '1002', 'AINF', '11', '11B002', '2019', 2, 1),
(291, 'P7', 1, 'DPE1234567890145', '002', '1002', 'AING', '11', '11B002', '2019', 2, 1),
(292, 'P14', 1, 'DPE1234567890146', '002', '1002', 'ACD', '11', '11B002', '2019', 0, 1);

-- --------------------------------------------------------

--
-- Estructura de tabla para la tabla `citacionesobservadorapp`
--

CREATE TABLE IF NOT EXISTS `citacionesobservadorapp` (
  `id_citacion` varchar(32) NOT NULL COMMENT 'Codigo de Citacion',
  `id_estudiante` varchar(24) NOT NULL COMMENT 'Codigo de Estudiante',
  `id_anotacion` varchar(32) DEFAULT NULL COMMENT 'Codigo de Anotacion',
  `motivo_citacion` varchar(1000) DEFAULT NULL COMMENT 'Motivo de la Citacion',
  `nombreacudiente_citacion` varchar(200) DEFAULT 'Padre, Madre, Acudiente' COMMENT 'Nombre del Acudiente Citado',
  `fechacita_citacion` date NOT NULL COMMENT 'Fecha de la Reunion (Citacion)',
  `fecha_citacion` date DEFAULT NULL COMMENT 'Fecha de Creacion de la Citacion',
  `status_citacion` tinyint(1) DEFAULT '1' COMMENT 'Estado de la Citacion',
  PRIMARY KEY (`id_citacion`)
) ENGINE=InnoDB DEFAULT CHARSET=latin1 COMMENT='Citaciones a Acudientes';

-- --------------------------------------------------------

--
-- Estructura de tabla para la tabla `configuracionapp`
--

CREATE TABLE IF NOT EXISTS `configuracionapp` (
  `id_escuela` bigint(20) NOT NULL COMMENT 'Codigo de Escuela',
  `nombremostrar_configuracion` varchar(100) DEFAULT NULL COMMENT 'Nombre de la Escuela para Documentos Oficiales y Certificados',
  `tipodocumento_configuracion` varchar(4) DEFAULT NULL COMMENT 'Nombre del Documento de Identificacion ',
  `numdocumento_configuracion` varchar(50) DEFAULT NULL COMMENT 'Numero de Documento',
  `dane_configuracion` varchar(30) DEFAULT NULL COMMENT 'Codigo del DANE de la Escuela',
  `nit_configuracion` varchar(30) DEFAULT NULL COMMENT 'NIT de la Escuela',
  `resolucion_configuracion` varchar(200) DEFAULT NULL COMMENT 'Resolucion de aprobacion de la Escuela',
  `pais_configuracion` varchar(50) DEFAULT NULL COMMENT 'Pais de la Escuela',
  `departamento_configuracion` varchar(50) DEFAULT NULL COMMENT 'Departamento / Estado / Provincia de la Escuela',
  `municipio_configuracion` varchar(50) DEFAULT NULL COMMENT 'Municipio / Ciudad de la Escuela',
  `eslogan_configuracion` varchar(500) DEFAULT NULL COMMENT 'Eslogan de la Escuela',
  `membrete_configuracion` varchar(1000) DEFAULT NULL COMMENT 'Membrete para documentos y reportes oficiales.',
  `logo_configuracion` varchar(500) DEFAULT NULL COMMENT 'Logo de la Escuela',
  `numperiodos_configuracion` int(11) DEFAULT '1' COMMENT 'Numero de Periodos por Año (Escuela=1)',
  `numcortes_configuracion` int(11) DEFAULT '5' COMMENT 'Numero de Cortes por Periodo',
  `numsemanas_configuracion` int(11) DEFAULT '40' COMMENT 'Numero de Semanas por Periodo',
  `horassemanales_configuracion` int(11) DEFAULT '30' COMMENT 'Cantidad de Horas Semanales para Jornada Completa (Mañana, Tarde)',
  `nombrerector_configuracion` varchar(100) DEFAULT NULL COMMENT 'Nombre del Rector de la Escuela',
  `tipodocrector_configuracion` varchar(3) DEFAULT NULL COMMENT 'Tipo de Documento del Rector',
  `documentorector_configuracion` varchar(25) DEFAULT NULL COMMENT 'Documento de Identidad del Rector',
  `tipopromedio_configuracion` varchar(10) DEFAULT 'ARITMETICO' COMMENT 'Tipo de Promedio para Calcular promedio en Informes',
  `valmax_configuracion` float NOT NULL DEFAULT '10' COMMENT 'Valor Nota Maxima',
  `valmin_configuracion` float NOT NULL DEFAULT '1' COMMENT 'Valor Nota Minima',
  `valaprueba_configuracion` float NOT NULL DEFAULT '6' COMMENT 'Nota Minima Aprovatoria',
  `valsupmax_configuracion` float DEFAULT '10' COMMENT 'Valor Nota Maxima Desempeño Superior',
  `valsupmin_configuracion` float DEFAULT '9' COMMENT 'Valor Nota Minima Desempeño Superior',
  `valaltomax_configuracion` float DEFAULT '8.99' COMMENT 'Valor Nota Maxima Desempeño Alto',
  `valaltomin_configuracion` float DEFAULT '8' COMMENT 'Valor Nota Minima Desempeño Alto',
  `valbasmax_configuracion` float DEFAULT '7.99' COMMENT 'Valor Nota Maxima Desempeño Basico',
  `valbasmin_configuracion` float DEFAULT '6' COMMENT 'Valor Nota Minima Desempeño Basico',
  `valbajomax_configuracion` float DEFAULT '5.99' COMMENT 'Valor Nota Maxima Desempeño Bajo',
  `valbajomin_configuracion` float DEFAULT '1' COMMENT 'Valor Nota Minima Desempeño Bajo',
  `p1_porcentaje_configuracion` float DEFAULT '10' COMMENT 'Porcentaje 1er Periodo',
  `p2_porcentaje_configuracion` float DEFAULT '20' COMMENT 'Porcentaje 2do Periodo',
  `p3_porcentaje_configuracion` float DEFAULT '30' COMMENT 'Porcentaje 3er Periodo',
  `p4_porcentaje_configuracion` float DEFAULT '40' COMMENT 'Porcentaje 4to Periodo',
  `p5_porcentaje_configuracion` float DEFAULT '0' COMMENT 'Porcentaje 5to Periodo',
  `p6_porcentaje_configuracion` float DEFAULT '0' COMMENT 'Porcentaje 6to Periodo',
  `status_configuracion` tinyint(1) DEFAULT NULL,
  PRIMARY KEY (`id_escuela`)
) ENGINE=InnoDB DEFAULT CHARSET=latin1 COMMENT='Configuracion de Parametros del Sistema';

--
-- Volcado de datos para la tabla `configuracionapp`
--

INSERT INTO `configuracionapp` (`id_escuela`, `nombremostrar_configuracion`, `tipodocumento_configuracion`, `numdocumento_configuracion`, `dane_configuracion`, `nit_configuracion`, `resolucion_configuracion`, `pais_configuracion`, `departamento_configuracion`, `municipio_configuracion`, `eslogan_configuracion`, `membrete_configuracion`, `logo_configuracion`, `numperiodos_configuracion`, `numcortes_configuracion`, `numsemanas_configuracion`, `horassemanales_configuracion`, `nombrerector_configuracion`, `tipodocrector_configuracion`, `documentorector_configuracion`, `tipopromedio_configuracion`, `valmax_configuracion`, `valmin_configuracion`, `valaprueba_configuracion`, `valsupmax_configuracion`, `valsupmin_configuracion`, `valaltomax_configuracion`, `valaltomin_configuracion`, `valbasmax_configuracion`, `valbasmin_configuracion`, `valbajomax_configuracion`, `valbajomin_configuracion`, `p1_porcentaje_configuracion`, `p2_porcentaje_configuracion`, `p3_porcentaje_configuracion`, `p4_porcentaje_configuracion`, `p5_porcentaje_configuracion`, `p6_porcentaje_configuracion`, `status_configuracion`) VALUES
(1, 'INSTITUCION EDUCATIVA DEPARTAMENTAL SAN PABLO', '', '', '247541000360', '819005150-0', '', 'COLOMBIA', 'MAGDALENA', 'PEDRAZA', '"Camino a la Excelencia"', '', 'Escuela1.png', 1, 4, 40, 30, 'LEYDA BECERRA DE LA CRUZ', 'CC', '26801247', 'ARITMETICO', 10, 1, 6, 10, 9, 8.99, 8, 7.99, 6, 5.99, 1, 10, 20, 30, 40, 0, 0, 1);

-- --------------------------------------------------------

--
-- Estructura de tabla para la tabla `cortesperiodosapp`
--

CREATE TABLE IF NOT EXISTS `cortesperiodosapp` (
  `id_corte` varchar(10) NOT NULL COMMENT 'Codigo del Corte',
  `id_escuela` bigint(20) NOT NULL COMMENT 'Codigo de Escuela',
  `id_periodo` varchar(10) NOT NULL COMMENT 'Codigo del Periodo',
  `numero_corte` varchar(5) NOT NULL DEFAULT '0' COMMENT 'Numero de Corte',
  `eshabilitacion_corte` tinyint(1) DEFAULT '0' COMMENT 'Indica si es Corte de Habilitacion',
  `esfinal_corte` tinyint(1) DEFAULT '0' COMMENT 'Indica si es el Corte Final (Consolidado)',
  `finicio_corte` date DEFAULT NULL COMMENT 'Fecha de Inicio del Corte',
  `ffinal_corte` date DEFAULT NULL COMMENT 'Fecha Final del Corte',
  `estado_corte` varchar(1) DEFAULT 'A' COMMENT 'Estado del Corte (A= Activo, I = Inactivo, V = Visualizacion)',
  `status_corte` bigint(20) DEFAULT '1',
  PRIMARY KEY (`id_corte`),
  UNIQUE KEY `CortesApp_Unique_Idx` (`id_escuela`,`id_periodo`,`numero_corte`),
  UNIQUE KEY `CortesApp_id_corte_Idx` (`id_corte`)
) ENGINE=InnoDB DEFAULT CHARSET=latin1 COMMENT='Cortes';

--
-- Volcado de datos para la tabla `cortesperiodosapp`
--

INSERT INTO `cortesperiodosapp` (`id_corte`, `id_escuela`, `id_periodo`, `numero_corte`, `eshabilitacion_corte`, `esfinal_corte`, `finicio_corte`, `ffinal_corte`, `estado_corte`, `status_corte`) VALUES
('120191', 1, '2019', '1', 0, 0, '2019-01-01', '2019-04-01', 'A', 1),
('120192', 1, '2019', '2', 0, 0, '2019-04-01', '2019-07-01', 'A', 1),
('120193', 1, '2019', '3', 0, 0, '2019-07-01', '2019-09-15', 'A', 1),
('120194', 1, '2019', '4', 0, 0, '2019-09-15', '2019-12-15', 'A', 1);

-- --------------------------------------------------------

--
-- Estructura de tabla para la tabla `departamentosestadosapp`
--

CREATE TABLE IF NOT EXISTS `departamentosestadosapp` (
  `id_departamento` bigint(20) NOT NULL COMMENT 'Codigo del Departamento',
  `id_pais` bigint(20) NOT NULL COMMENT 'Codigo de Pais',
  `nombre_departamento` varchar(60) NOT NULL COMMENT 'Nombre del Departamento',
  `status_departamento` tinyint(1) DEFAULT '1',
  PRIMARY KEY (`id_departamento`,`id_pais`),
  UNIQUE KEY `DepartamentosEstadosApp_id_departamento_Idx` (`id_departamento`)
) ENGINE=InnoDB DEFAULT CHARSET=latin1 COMMENT='Departamentos o Estados de cada Pais';

-- --------------------------------------------------------

--
-- Estructura de tabla para la tabla `directoresgruposapp`
--

CREATE TABLE IF NOT EXISTS `directoresgruposapp` (
  `id_director` bigint(20) NOT NULL AUTO_INCREMENT COMMENT 'Codigo Direccion de Grupo',
  `id_escuela` bigint(20) NOT NULL COMMENT 'Codigo de Escuela',
  `id_grupo` varchar(24) NOT NULL COMMENT 'Codigo del Grupo',
  `id_periodo` varchar(10) NOT NULL COMMENT 'Codigo del Periodo',
  `id_docente` varchar(24) NOT NULL COMMENT 'Codigo de Docente',
  `nombrecompleto_docente` varchar(200) DEFAULT 'Docente' COMMENT 'Nombre Completo del Docente',
  `status_director` tinyint(1) DEFAULT '1' COMMENT 'Estado del Registro',
  PRIMARY KEY (`id_director`),
  UNIQUE KEY `DirectoresGrupo_Unique_Idx` (`id_grupo`,`id_escuela`,`id_periodo`),
  UNIQUE KEY `DirectoresGruposApp_Idx2` (`id_escuela`,`id_periodo`,`id_docente`)
) ENGINE=InnoDB  DEFAULT CHARSET=latin1 COMMENT='Directores de Grupo' AUTO_INCREMENT=25 ;

--
-- Volcado de datos para la tabla `directoresgruposapp`
--

INSERT INTO `directoresgruposapp` (`id_director`, `id_escuela`, `id_grupo`, `id_periodo`, `id_docente`, `nombrecompleto_docente`, `status_director`) VALUES
(1, 1, '0A000', '2019', 'P9', 'CERVERA FERNANDEZ CARMEN MARIA', 1),
(2, 1, '0B000', '2019', 'P18', 'HERNANDEZ BADILLO DENIS ESTHER', 1),
(3, 1, '1A001', '2019', 'P17', 'GUERRERO OSORIO CIELO DEL CARMEN', 1),
(4, 1, '1B001', '2019', 'P10', 'CONTRERAS CASTILLO RAFAEL GUILLERMO', 1),
(5, 1, '2A001', '2019', 'P24', 'MELGAREJO CAMARGO MATILDE MERCEDES', 1),
(6, 1, '2B001', '2019', 'P19', 'JIMENEZ ORTEGA NURYS MARINA', 1),
(7, 1, '3A001', '2019', 'P36', 'VASQUEZ BECERRA ELENA MARIA', 1),
(8, 1, '3B001', '2019', 'P11', 'CUETO VALENCIA XIOMARA ', 1),
(9, 1, '4A001', '2019', 'P4', 'ALMANZA MONTERO OMAIRA EDITH', 1),
(10, 1, '4B001', '2019', 'P31', 'SANTANDER VALENCIA EVELINA ', 1),
(11, 1, '5A001', '2019', 'P30', 'RODRIGUEZ POLO LUZ MARINA', 1),
(12, 1, '5B001', '2019', 'P21', 'MARTINEZ MU?OZ EDUAR JAVIER', 1),
(13, 1, '6A002', '2019', 'P5', 'ALMANZA RAMBAL CATALINA JOSEFINA', 1),
(14, 1, '6B002', '2019', 'P22', 'MEDINA RUIZ ARTURO RAFAEL', 1),
(15, 1, '7A002', '2019', 'P15', 'GOMEZ  MOYA YORLINDYS  ROSSY', 1),
(16, 1, '7B002', '2019', 'P16', 'GUERRERO GUTIERREZ OSMAR ABEL', 1),
(17, 1, '8A002', '2019', 'P20', 'MAESTRE LARA LUIS CARLOS', 1),
(18, 1, '8B002', '2019', 'P29', 'RODRIGUEZ  POLO GILBERTO ENRIQUE', 1),
(19, 1, '9A002', '2019', 'P7', 'BECERRA RODRIGUEZ LORLEIVYS ', 1),
(20, 1, '9B002', '2019', 'P34', 'VALENCIA GAMEZ BLAS ANTONIO', 1),
(21, 1, '10A002', '2019', 'P23', 'MEDINA SANTANDER MARTIN GUSTAVO', 1),
(22, 1, '10B002', '2019', 'P26', 'MEZA MEZA JOSE JOSE', 1),
(23, 1, '11A002', '2019', 'P25', 'MELGAREJO MARTINEZ JUAN JOSE', 1),
(24, 1, '11B002', '2019', 'P14', 'FAJARDO YEPEZ AVELINA ', 1);

-- --------------------------------------------------------

--
-- Estructura de tabla para la tabla `docentesapp`
--

CREATE TABLE IF NOT EXISTS `docentesapp` (
  `id_docente` varchar(24) NOT NULL COMMENT 'Codigo de Persona',
  `nombrecompleto_docente` varchar(200) NOT NULL COMMENT 'Nombre Completo del Docente',
  `ultimotitulo_docente` varchar(200) DEFAULT 'Licenciado' COMMENT 'Ultimo titulo obtenido (Educacion)',
  `instituciontitulo_docente` varchar(200) DEFAULT 'Universidad' COMMENT 'Nombre de la Institucion donde obtuvo el utltimo Titulo',
  `anogradotitulo_docente` varchar(4) DEFAULT '0' COMMENT 'Año en que obtuvo el ultimo titulo',
  `status_docente` tinyint(1) DEFAULT '1' COMMENT 'Estado del Registro',
  PRIMARY KEY (`id_docente`)
) ENGINE=InnoDB DEFAULT CHARSET=latin1 COMMENT='Hoja de Vida del Docente';

--
-- Volcado de datos para la tabla `docentesapp`
--

INSERT INTO `docentesapp` (`id_docente`, `nombrecompleto_docente`, `ultimotitulo_docente`, `instituciontitulo_docente`, `anogradotitulo_docente`, `status_docente`) VALUES
('P10', 'CONTRERAS CASTILLO RAFAEL GUILLERMO', 'LICENCIADO(A)', 'DESCONOCIDA', '1990', 1),
('P11', 'CUETO VALENCIA XIOMARA ', 'LICENCIADO(A)', 'DESCONOCIDA', '1990', 1),
('P12', 'DE LA CRUZ  RODRIGUEZ JULIETH DIVINA', 'LICENCIADO(A)', 'DESCONOCIDA', '1990', 1),
('P13', 'DOCENTE  SIN_ASIGNAR SISTEMA', 'LICENCIADO(A)', 'DESCONOCIDA', '1990', 1),
('P14', 'FAJARDO YEPEZ AVELINA ', 'LICENCIADO(A)', 'DESCONOCIDA', '1990', 1),
('P15', 'GOMEZ  MOYA YORLINDYS  ROSSY', 'LICENCIADO(A)', 'DESCONOCIDA', '1990', 1),
('P16', 'GUERRERO GUTIERREZ OSMAR ABEL', 'LICENCIADO(A)', 'DESCONOCIDA', '1990', 1),
('P17', 'GUERRERO OSORIO CIELO DEL CARMEN', 'LICENCIADO(A)', 'DESCONOCIDA', '1990', 1),
('P18', 'HERNANDEZ BADILLO DENIS ESTHER', 'LICENCIADO(A)', 'DESCONOCIDA', '1990', 1),
('P19', 'JIMENEZ ORTEGA NURYS MARINA', 'LICENCIADO(A)', 'DESCONOCIDA', '1990', 1),
('P20', 'MAESTRE LARA LUIS CARLOS', 'LICENCIADO(A)', 'DESCONOCIDA', '1990', 1),
('P21', 'MARTINEZ MU?OZ EDUAR JAVIER', 'LICENCIADO(A)', 'DESCONOCIDA', '1990', 1),
('P22', 'MEDINA RUIZ ARTURO RAFAEL', 'LICENCIADO(A)', 'DESCONOCIDA', '1990', 1),
('P23', 'MEDINA SANTANDER MARTIN GUSTAVO', 'LICENCIADO(A)', 'DESCONOCIDA', '1990', 1),
('P24', 'MELGAREJO CAMARGO MATILDE MERCEDES', 'LICENCIADO(A)', 'DESCONOCIDA', '1990', 1),
('P25', 'MELGAREJO MARTINEZ JUAN JOSE', 'LICENCIADO(A)', 'DESCONOCIDA', '1990', 1),
('P26', 'MEZA MEZA JOSE JOSE', 'LICENCIADO(A)', 'DESCONOCIDA', '1990', 1),
('P27', 'OSORIO DE MEDINA ELSY LUZ', 'LICENCIADO(A)', 'DESCONOCIDA', '1990', 1),
('P28', 'REYES CHARRIS NORBERTO FELIPE', 'LICENCIADO(A)', 'DESCONOCIDA', '1990', 1),
('P29', 'RODRIGUEZ  POLO GILBERTO ENRIQUE', 'LICENCIADO(A)', 'DESCONOCIDA', '1990', 1),
('P30', 'RODRIGUEZ POLO LUZ MARINA', 'LICENCIADO(A)', 'DESCONOCIDA', '1990', 1),
('P31', 'SANTANDER VALENCIA EVELINA ', 'LICENCIADO(A)', 'DESCONOCIDA', '1990', 1),
('P32', 'SIERRA DE LA CRUZ KARINA VANESSA', 'LICENCIADO(A)', 'DESCONOCIDA', '1990', 1),
('P33', 'TORRES MEDINA SARA ISABEL', 'LICENCIADO(A)', 'DESCONOCIDA', '1990', 1),
('P34', 'VALENCIA GAMEZ BLAS ANTONIO', 'LICENCIADO(A)', 'DESCONOCIDA', '1990', 1),
('P35', 'VALENCIA GAMEZ MARTHA CECILIA', 'LICENCIADO(A)', 'DESCONOCIDA', '1990', 1),
('P36', 'VASQUEZ BECERRA ELENA MARIA', 'LICENCIADO(A)', 'DESCONOCIDA', '1990', 1),
('P4', 'ALMANZA MONTERO OMAIRA EDITH', 'LICENCIADO(A)', 'DESCONOCIDA', '1990', 1),
('P5', 'ALMANZA RAMBAL CATALINA JOSEFINA', 'LICENCIADO(A)', 'DESCONOCIDA', '1990', 1),
('P6', 'BECERRA DE LA CRUZ LEYDA YANETH', 'LICENCIADO(A)', 'DESCONOCIDA', '1990', 1),
('P7', 'BECERRA RODRIGUEZ LORLEIVYS ', 'LICENCIADO(A)', 'DESCONOCIDA', '1990', 1),
('P8', 'CAMARGO MELGAREJO GUILLERMO ENRIQUE', 'LICENCIADO(A)', 'DESCONOCIDA', '1990', 1),
('P9', 'CERVERA FERNANDEZ CARMEN MARIA', 'LICENCIADO(A)', 'DESCONOCIDA', '1990', 1);

-- --------------------------------------------------------

--
-- Estructura de tabla para la tabla `escuelasapp`
--

CREATE TABLE IF NOT EXISTS `escuelasapp` (
  `id_escuela` bigint(20) NOT NULL COMMENT 'Codigo de Escuela',
  `nombre_escuela` varchar(100) NOT NULL DEFAULT 'Mi Escuela' COMMENT 'Nombre de la Escuela',
  `direccion_escuela` varchar(100) DEFAULT NULL COMMENT 'Direccion Escuela',
  `telefono_escuela` varchar(50) DEFAULT NULL COMMENT 'Telefono Escuela',
  `email_escuela` varchar(100) DEFAULT NULL COMMENT 'Email Escuela',
  `status_escuela` tinyint(1) DEFAULT '1',
  PRIMARY KEY (`id_escuela`)
) ENGINE=InnoDB DEFAULT CHARSET=latin1 COMMENT='Datos de la Escuela';

--
-- Volcado de datos para la tabla `escuelasapp`
--

INSERT INTO `escuelasapp` (`id_escuela`, `nombre_escuela`, `direccion_escuela`, `telefono_escuela`, `email_escuela`, `status_escuela`) VALUES
(1, 'SAN PABLO', 'PEDRAZA', '0', 'informatica.iedsanpablo@gmail.com', 1);

-- --------------------------------------------------------

--
-- Estructura de tabla para la tabla `gruposapp`
--

CREATE TABLE IF NOT EXISTS `gruposapp` (
  `id_grupo` varchar(24) NOT NULL COMMENT 'Codigo del Grupo',
  `id_escuela` bigint(20) DEFAULT NULL COMMENT 'Codigo de Escuela',
  `id_sede` varchar(20) DEFAULT NULL COMMENT 'Codigo de Sede',
  `id_programa` varchar(20) NOT NULL COMMENT 'Codigo del Programa',
  `numgrado_programa` varchar(2) NOT NULL DEFAULT '0' COMMENT 'Grado',
  `num_grupo` varchar(4) NOT NULL DEFAULT 'A' COMMENT 'Numero del Grupo (1, 2, 3,... o A, B, C,...)',
  `status_grupo` tinyint(1) DEFAULT '1' COMMENT 'Estado del Grupo',
  PRIMARY KEY (`id_grupo`),
  UNIQUE KEY `GruposApp_id_grupo_Idx` (`id_grupo`),
  UNIQUE KEY `GruposApp_Unique_Idx` (`id_escuela`,`id_programa`,`id_sede`,`numgrado_programa`,`num_grupo`)
) ENGINE=InnoDB DEFAULT CHARSET=latin1 COMMENT='Grupos de Estudiantes';

--
-- Volcado de datos para la tabla `gruposapp`
--

INSERT INTO `gruposapp` (`id_grupo`, `id_escuela`, `id_sede`, `id_programa`, `numgrado_programa`, `num_grupo`, `status_grupo`) VALUES
('0A000', 1, '0102', '000', '0', 'A', 1),
('0B000', 1, '0102', '000', '0', 'B', 1),
('10A002', 1, '0101', '002', '10', 'A', 1),
('10B002', 1, '0101', '002', '10', 'B', 1),
('11A002', 1, '0101', '002', '11', 'A', 1),
('11B002', 1, '0101', '002', '11', 'B', 1),
('1A001', 1, '0104', '001', '1', 'A', 1),
('1B001', 1, '0104', '001', '1', 'B', 1),
('2A001', 1, '0104', '001', '2', 'A', 1),
('2B001', 1, '0104', '001', '2', 'B', 1),
('3A001', 1, '0104', '001', '3', 'A', 1),
('3B001', 1, '0104', '001', '3', 'B', 1),
('4A001', 1, '0103', '001', '4', 'A', 1),
('4B001', 1, '0103', '001', '4', 'B', 1),
('5A001', 1, '0103', '001', '5', 'A', 1),
('5B001', 1, '0103', '001', '5', 'B', 1),
('6A002', 1, '0101', '002', '6', 'A', 1),
('6B002', 1, '0101', '002', '6', 'B', 1),
('7A002', 1, '0101', '002', '7', 'A', 1),
('7B002', 1, '0101', '002', '7', 'B', 1),
('8A002', 1, '0101', '002', '8', 'A', 1),
('8B002', 1, '0101', '002', '8', 'B', 1),
('9A002', 1, '0101', '002', '9', 'A', 1),
('9B002', 1, '0101', '002', '9', 'B', 1);

-- --------------------------------------------------------

--
-- Estructura de tabla para la tabla `jornadasapp`
--

CREATE TABLE IF NOT EXISTS `jornadasapp` (
  `id_jornada` varchar(14) NOT NULL COMMENT 'Codigo de Jornada',
  `id_escuela` bigint(20) NOT NULL COMMENT 'Codigo de Escuela',
  `id_sede` varchar(20) NOT NULL COMMENT 'Codigo de Sede',
  `nombre_jornada` varchar(24) NOT NULL COMMENT 'Nombre Jornada',
  `horainicio_jornada` time DEFAULT NULL COMMENT 'Hora Inicio Jornada',
  `horafin_jornada` time DEFAULT NULL COMMENT 'Hora Fin Jornada',
  `status_jornada` tinyint(1) DEFAULT '1',
  PRIMARY KEY (`id_jornada`),
  UNIQUE KEY `JornadasApp_Unique_Idx` (`id_escuela`,`id_sede`,`nombre_jornada`)
) ENGINE=InnoDB DEFAULT CHARSET=latin1 COMMENT='Jornadas de la Escuela';

--
-- Volcado de datos para la tabla `jornadasapp`
--

INSERT INTO `jornadasapp` (`id_jornada`, `id_escuela`, `id_sede`, `nombre_jornada`, `horainicio_jornada`, `horafin_jornada`, `status_jornada`) VALUES
('Manana_E1S0101', 1, '0101', 'Mañana', '07:00:00', '13:00:00', 1),
('Manana_E1S0102', 1, '0102', 'Mañana', '07:00:00', '13:00:00', 1),
('Manana_E1S0103', 1, '0103', 'Mañana', '07:00:00', '13:00:00', 1),
('Manana_E1S0104', 1, '0104', 'Mañana', '07:00:00', '13:00:00', 1);

-- --------------------------------------------------------

--
-- Estructura de tabla para la tabla `logrosasignaturasapp`
--

CREATE TABLE IF NOT EXISTS `logrosasignaturasapp` (
  `id_logro` varchar(26) DEFAULT NULL COMMENT 'Numero del Logo',
  `id_asignatura` varchar(20) DEFAULT NULL COMMENT 'Codigo de Asignatura',
  `id_escuela` bigint(20) DEFAULT NULL COMMENT 'Codigo de Escuela',
  `num_logro` bigint(20) NOT NULL AUTO_INCREMENT COMMENT 'Codigo Numerico del Logro',
  `tipo_logro` varchar(2) DEFAULT 'R' COMMENT 'Tipo Logro (Fortaleza F, Debilidad D, Recomendacion R)',
  `descripcion_logro` varchar(1000) DEFAULT NULL COMMENT 'Descripcion del Logro',
  `min_logro` float DEFAULT '0' COMMENT 'Calificacion Minima para el logro',
  `max_logro` float DEFAULT '10' COMMENT 'Calificacion Maxima para el logro',
  `numgrado_logro` varchar(2) DEFAULT NULL COMMENT 'Grado',
  `numcorte_logro` varchar(3) DEFAULT '0' COMMENT 'Numero de Corte Sugerido para Ingresar dicho Logro',
  `status_logro` tinyint(1) DEFAULT '1',
  PRIMARY KEY (`num_logro`),
  UNIQUE KEY `LogrosAsignaturasApp_num_logro_Idx` (`num_logro`),
  UNIQUE KEY `LogrosAsignaturasApp_Unique2_Idx` (`id_escuela`,`id_asignatura`,`id_logro`),
  UNIQUE KEY `LogrosAsignaturasApp_Unique_Idx` (`id_logro`)
) ENGINE=InnoDB DEFAULT CHARSET=latin1 AUTO_INCREMENT=1 ;

-- --------------------------------------------------------

--
-- Estructura de tabla para la tabla `matriculaasignaturasapp`
--

CREATE TABLE IF NOT EXISTS `matriculaasignaturasapp` (
  `id_matasig` varchar(64) NOT NULL COMMENT 'Codigo Asignatura Matriculada',
  `id_matricula` varchar(30) NOT NULL COMMENT 'Codigo de Matricula',
  `id_escuela` bigint(20) NOT NULL COMMENT 'Codigo de Escuela',
  `id_estudiante` varchar(24) NOT NULL COMMENT 'Codigo de Estudiante',
  `id_programa` varchar(20) NOT NULL COMMENT 'Codigo del Programa',
  `id_planestudio` varchar(20) NOT NULL COMMENT 'Codigo Plan de Estudios',
  `id_periodo` varchar(10) NOT NULL COMMENT 'Codigo del Periodo',
  `id_asignatura` varchar(20) NOT NULL COMMENT 'Codigo Asignatura',
  `numgrado_programa` varchar(2) NOT NULL COMMENT 'Grado que Cursara el Estudiante',
  `id_grupo` varchar(24) NOT NULL COMMENT 'Codigo del Grupo',
  `id_carga` bigint(20) DEFAULT NULL COMMENT 'Codigo Carga Academica',
  `id_docente` varchar(24) DEFAULT NULL COMMENT 'Codigo de Docente',
  `id_planestudiodetalle` varchar(50) DEFAULT NULL COMMENT 'Codigo Detalle Plan Estudio',
  `status_matriculaasignatura` tinyint(1) DEFAULT '1',
  PRIMARY KEY (`id_matasig`),
  UNIQUE KEY `Asignaturas_Unique_Idx` (`id_estudiante`,`id_escuela`,`id_programa`,`id_periodo`,`id_planestudio`,`numgrado_programa`,`id_asignatura`,`id_matricula`,`id_grupo`),
  UNIQUE KEY `Matriculadas_Unique_Idx` (`id_matasig`)
) ENGINE=InnoDB DEFAULT CHARSET=latin1 COMMENT='Asignaturas Matriculadas por Estudiante';

-- --------------------------------------------------------

--
-- Estructura de tabla para la tabla `matriculasapp`
--

CREATE TABLE IF NOT EXISTS `matriculasapp` (
  `id_matricula` varchar(30) NOT NULL COMMENT 'Codigo de Matricula',
  `id_estudiante` varchar(24) NOT NULL COMMENT 'Codigo de Estudiante',
  `id_escuela` bigint(20) NOT NULL COMMENT 'Codigo de Escuela',
  `id_programa` varchar(20) NOT NULL COMMENT 'Codigo del Programa',
  `id_periodo` varchar(10) NOT NULL COMMENT 'Codigo del Periodo',
  `id_planestudio` varchar(20) NOT NULL COMMENT 'Codigo Plan de Estudios',
  `id_sede` varchar(20) DEFAULT NULL COMMENT 'Codigo de Sede',
  `id_jornada` varchar(14) DEFAULT NULL COMMENT 'Codigo de Jornada',
  `numgrado_programa` varchar(2) DEFAULT NULL COMMENT 'Grado que Cursara el Estudiante',
  `id_grupo` varchar(24) DEFAULT NULL COMMENT 'Codigo del Grupo',
  `nombrecompleto_estudiante` varchar(200) DEFAULT 'Estudiante' COMMENT 'Nombre Completo del Estudiante',
  `fecha_matricula` datetime DEFAULT NULL COMMENT 'Fecha de Matricula',
  `valor_matricula` float DEFAULT NULL COMMENT 'Valor de la Matricula',
  `estado_matricula` varchar(20) DEFAULT 'Normal' COMMENT 'Estado de Matricula (Normal, Condicional, Anulada, Morosa)',
  `usuariocrea_matricula` varchar(50) DEFAULT NULL COMMENT 'Usuario que crea la matricula.',
  `usuarioedita_matricula` varchar(50) DEFAULT NULL COMMENT 'Usuario que edita la matricula.',
  `fechacrea_matricula` datetime DEFAULT NULL COMMENT 'Fecha de Creacion de la matricula.',
  `fechaedita_matricula` datetime DEFAULT NULL COMMENT 'Fecha de Edicion de matricula',
  `status_matricula` tinyint(1) DEFAULT '1' COMMENT 'Estado del Registro',
  PRIMARY KEY (`id_matricula`),
  UNIQUE KEY `MatriculasApp_Unique_Idx` (`id_escuela`,`id_programa`,`id_periodo`,`id_estudiante`),
  UNIQUE KEY `id_matricula_Unique_Idx` (`id_matricula`)
) ENGINE=InnoDB DEFAULT CHARSET=latin1 COMMENT='Datos de Matriculas';

--
-- Volcado de datos para la tabla `matriculasapp`
--

INSERT INTO `matriculasapp` (`id_matricula`, `id_estudiante`, `id_escuela`, `id_programa`, `id_periodo`, `id_planestudio`, `id_sede`, `id_jornada`, `numgrado_programa`, `id_grupo`, `nombrecompleto_estudiante`, `fecha_matricula`, `valor_matricula`, `estado_matricula`, `usuariocrea_matricula`, `usuarioedita_matricula`, `fechacrea_matricula`, `fechaedita_matricula`, `status_matricula`) VALUES
('M20190101080000P100', 'P100', 1, '000', '2019', '1000', '0102', 'Manana_E1S0102', '0', '0B000', 'MARIA ANGEL SANTANDER FONTALVO', '2019-01-01 00:00:00', 10000, 'Normal', 'superadmin', 'superadmin', '2019-01-01 00:00:00', '2019-01-01 00:00:00', 1),
('M20190101080000P101', 'P101', 1, '000', '2019', '1000', '0102', 'Manana_E1S0102', '0', '0B000', 'KEILIN PAOLA SANTANDER MEDINA', '2019-01-01 00:00:00', 10000, 'Normal', 'superadmin', 'superadmin', '2019-01-01 00:00:00', '2019-01-01 00:00:00', 1),
('M20190101080000P102', 'P102', 1, '000', '2019', '1000', '0102', 'Manana_E1S0102', '0', '0B000', 'YULEIMY MARIA SARMIENTO MORON', '2019-01-01 00:00:00', 10000, 'Normal', 'superadmin', 'superadmin', '2019-01-01 00:00:00', '2019-01-01 00:00:00', 1),
('M20190101080000P103', 'P103', 1, '000', '2019', '1000', '0102', 'Manana_E1S0102', '0', '0B000', 'ROSA ANGELICA TAMARA RODRIGUEZ', '2019-01-01 00:00:00', 10000, 'Normal', 'superadmin', 'superadmin', '2019-01-01 00:00:00', '2019-01-01 00:00:00', 1),
('M20190101080000P104', 'P104', 1, '000', '2019', '1000', '0102', 'Manana_E1S0102', '0', '0B000', 'CARLOS ANDRES VARELA VALDES', '2019-01-01 00:00:00', 10000, 'Normal', 'superadmin', 'superadmin', '2019-01-01 00:00:00', '2019-01-01 00:00:00', 1),
('M20190101080000P105', 'P105', 1, '001', '2019', '1001', '0104', 'Manana_E1S0104', '1', '1A001', 'SAIRETH ERLEN ALMANZA GARCIA', '2019-01-01 00:00:00', 10000, 'Normal', 'superadmin', 'superadmin', '2019-01-01 00:00:00', '2019-01-01 00:00:00', 1),
('M20190101080000P106', 'P106', 1, '001', '2019', '1001', '0104', 'Manana_E1S0104', '1', '1A001', 'YEIDER FARID BALLESTEROS BECERRA', '2019-01-01 00:00:00', 10000, 'Normal', 'superadmin', 'superadmin', '2019-01-01 00:00:00', '2019-01-01 00:00:00', 1),
('M20190101080000P107', 'P107', 1, '001', '2019', '1001', '0104', 'Manana_E1S0104', '1', '1A001', 'DAVID GUSTAVO BARRIOS PEREA', '2019-01-01 00:00:00', 10000, 'Normal', 'superadmin', 'superadmin', '2019-01-01 00:00:00', '2019-01-01 00:00:00', 1),
('M20190101080000P108', 'P108', 1, '001', '2019', '1001', '0104', 'Manana_E1S0104', '1', '1A001', 'LUIS MANUEL CERVANTES CAMARGO', '2019-01-01 00:00:00', 10000, 'Normal', 'superadmin', 'superadmin', '2019-01-01 00:00:00', '2019-01-01 00:00:00', 1),
('M20190101080000P109', 'P109', 1, '001', '2019', '1001', '0104', 'Manana_E1S0104', '1', '1A001', 'JUDITH DEL AMPARO CERVERA MARTINEZ', '2019-01-01 00:00:00', 10000, 'Normal', 'superadmin', 'superadmin', '2019-01-01 00:00:00', '2019-01-01 00:00:00', 1),
('M20190101080000P110', 'P110', 1, '001', '2019', '1001', '0104', 'Manana_E1S0104', '1', '1A001', 'SHAIRA NICOLL CUETO MATAMORO', '2019-01-01 00:00:00', 10000, 'Normal', 'superadmin', 'superadmin', '2019-01-01 00:00:00', '2019-01-01 00:00:00', 1),
('M20190101080000P111', 'P111', 1, '001', '2019', '1001', '0104', 'Manana_E1S0104', '1', '1A001', 'YENEDID JULIETH DE LA ROSA ALMANZA', '2019-01-01 00:00:00', 10000, 'Normal', 'superadmin', 'superadmin', '2019-01-01 00:00:00', '2019-01-01 00:00:00', 1),
('M20190101080000P112', 'P112', 1, '001', '2019', '1001', '0104', 'Manana_E1S0104', '1', '1A001', 'JHONMARLY RAQUEL FERNANDEZ GARCIA', '2019-01-01 00:00:00', 10000, 'Normal', 'superadmin', 'superadmin', '2019-01-01 00:00:00', '2019-01-01 00:00:00', 1),
('M20190101080000P113', 'P113', 1, '001', '2019', '1001', '0104', 'Manana_E1S0104', '1', '1A001', 'CRISBER ALEF FIGUEROA ESTARITA', '2019-01-01 00:00:00', 10000, 'Normal', 'superadmin', 'superadmin', '2019-01-01 00:00:00', '2019-01-01 00:00:00', 1),
('M20190101080000P114', 'P114', 1, '001', '2019', '1001', '0104', 'Manana_E1S0104', '1', '1A001', 'EDUARDO ENRIQUE FONSECA CARRASCAL', '2019-01-01 00:00:00', 10000, 'Normal', 'superadmin', 'superadmin', '2019-01-01 00:00:00', '2019-01-01 00:00:00', 1),
('M20190101080000P115', 'P115', 1, '001', '2019', '1001', '0104', 'Manana_E1S0104', '1', '1A001', 'MARIA ANGEL GARCIA LOZANO', '2019-01-01 00:00:00', 10000, 'Normal', 'superadmin', 'superadmin', '2019-01-01 00:00:00', '2019-01-01 00:00:00', 1),
('M20190101080000P116', 'P116', 1, '001', '2019', '1001', '0104', 'Manana_E1S0104', '1', '1A001', 'LALLYS MARIA GUTIERREZ GARCIA', '2019-01-01 00:00:00', 10000, 'Normal', 'superadmin', 'superadmin', '2019-01-01 00:00:00', '2019-01-01 00:00:00', 1),
('M20190101080000P117', 'P117', 1, '001', '2019', '1001', '0104', 'Manana_E1S0104', '1', '1A001', 'JUAN MANUEL GUTIERREZ CARDENAS', '2019-01-01 00:00:00', 10000, 'Normal', 'superadmin', 'superadmin', '2019-01-01 00:00:00', '2019-01-01 00:00:00', 1),
('M20190101080000P118', 'P118', 1, '001', '2019', '1001', '0104', 'Manana_E1S0104', '1', '1A001', 'PEDRO JOSE HERRERA YA?EZ', '2019-01-01 00:00:00', 10000, 'Normal', 'superadmin', 'superadmin', '2019-01-01 00:00:00', '2019-01-01 00:00:00', 1),
('M20190101080000P119', 'P119', 1, '001', '2019', '1001', '0104', 'Manana_E1S0104', '1', '1A001', 'SAMUEL ANDRES JIMENEZ MELGAREJO', '2019-01-01 00:00:00', 10000, 'Normal', 'superadmin', 'superadmin', '2019-01-01 00:00:00', '2019-01-01 00:00:00', 1),
('M20190101080000P120', 'P120', 1, '001', '2019', '1001', '0104', 'Manana_E1S0104', '1', '1A001', 'JUAN ANDRES LORA BOLA?O', '2019-01-01 00:00:00', 10000, 'Normal', 'superadmin', 'superadmin', '2019-01-01 00:00:00', '2019-01-01 00:00:00', 1),
('M20190101080000P121', 'P121', 1, '001', '2019', '1001', '0104', 'Manana_E1S0104', '1', '1A001', 'LUIS GUILLERMO MEDINA MEDINA', '2019-01-01 00:00:00', 10000, 'Normal', 'superadmin', 'superadmin', '2019-01-01 00:00:00', '2019-01-01 00:00:00', 1),
('M20190101080000P122', 'P122', 1, '001', '2019', '1001', '0104', 'Manana_E1S0104', '1', '1A001', 'YAHAIRA SOFIA MEDINA MENESES', '2019-01-01 00:00:00', 10000, 'Normal', 'superadmin', 'superadmin', '2019-01-01 00:00:00', '2019-01-01 00:00:00', 1),
('M20190101080000P123', 'P123', 1, '001', '2019', '1001', '0104', 'Manana_E1S0104', '1', '1A001', 'JUAN GUILLERMO NAVARRO CAMARGO', '2019-01-01 00:00:00', 10000, 'Normal', 'superadmin', 'superadmin', '2019-01-01 00:00:00', '2019-01-01 00:00:00', 1),
('M20190101080000P124', 'P124', 1, '001', '2019', '1001', '0104', 'Manana_E1S0104', '1', '1A001', 'FOLGER FARID OROZCO MARTINEZ', '2019-01-01 00:00:00', 10000, 'Normal', 'superadmin', 'superadmin', '2019-01-01 00:00:00', '2019-01-01 00:00:00', 1),
('M20190101080000P125', 'P125', 1, '001', '2019', '1001', '0104', 'Manana_E1S0104', '1', '1A001', 'JUAN ANDRES OSORIO DE LA HOZ', '2019-01-01 00:00:00', 10000, 'Normal', 'superadmin', 'superadmin', '2019-01-01 00:00:00', '2019-01-01 00:00:00', 1),
('M20190101080000P126', 'P126', 1, '001', '2019', '1001', '0104', 'Manana_E1S0104', '1', '1A001', 'EUDER JAVIER PALMERA BARRIOS', '2019-01-01 00:00:00', 10000, 'Normal', 'superadmin', 'superadmin', '2019-01-01 00:00:00', '2019-01-01 00:00:00', 1),
('M20190101080000P127', 'P127', 1, '001', '2019', '1001', '0104', 'Manana_E1S0104', '1', '1A001', 'RONALD DAVID SALGADO VILLAR', '2019-01-01 00:00:00', 10000, 'Normal', 'superadmin', 'superadmin', '2019-01-01 00:00:00', '2019-01-01 00:00:00', 1),
('M20190101080000P128', 'P128', 1, '001', '2019', '1001', '0104', 'Manana_E1S0104', '1', '1A001', 'YULEIMY CHIQUINQUIRA SARMIENTO MORON', '2019-01-01 00:00:00', 10000, 'Normal', 'superadmin', 'superadmin', '2019-01-01 00:00:00', '2019-01-01 00:00:00', 1),
('M20190101080000P129', 'P129', 1, '001', '2019', '1001', '0104', 'Manana_E1S0104', '1', '1A001', 'DAVID JOSE VILLA CERVANTES', '2019-01-01 00:00:00', 10000, 'Normal', 'superadmin', 'superadmin', '2019-01-01 00:00:00', '2019-01-01 00:00:00', 1),
('M20190101080000P130', 'P130', 1, '001', '2019', '1001', '0104', 'Manana_E1S0104', '1', '1B001', 'SMITH JOSE BARRIOS OROZCO', '2019-01-01 00:00:00', 10000, 'Normal', 'superadmin', 'superadmin', '2019-01-01 00:00:00', '2019-01-01 00:00:00', 1),
('M20190101080000P131', 'P131', 1, '001', '2019', '1001', '0104', 'Manana_E1S0104', '1', '1B001', 'DAVID JOSE BOLA?O CHARRIS', '2019-01-01 00:00:00', 10000, 'Normal', 'superadmin', 'superadmin', '2019-01-01 00:00:00', '2019-01-01 00:00:00', 1),
('M20190101080000P132', 'P132', 1, '001', '2019', '1001', '0104', 'Manana_E1S0104', '1', '1B001', 'SILVESTRE GUILLERMO BORRERO BECERRA', '2019-01-01 00:00:00', 10000, 'Normal', 'superadmin', 'superadmin', '2019-01-01 00:00:00', '2019-01-01 00:00:00', 1),
('M20190101080000P133', 'P133', 1, '001', '2019', '1001', '0104', 'Manana_E1S0104', '1', '1B001', 'YOSDEIDER DE JESUS CAMPO VALENCIA', '2019-01-01 00:00:00', 10000, 'Normal', 'superadmin', 'superadmin', '2019-01-01 00:00:00', '2019-01-01 00:00:00', 1),
('M20190101080000P134', 'P134', 1, '001', '2019', '1001', '0104', 'Manana_E1S0104', '1', '1B001', 'ZAMIR ANDRES CARDENAS GUTIERREZ', '2019-01-01 00:00:00', 10000, 'Normal', 'superadmin', 'superadmin', '2019-01-01 00:00:00', '2019-01-01 00:00:00', 1),
('M20190101080000P135', 'P135', 1, '001', '2019', '1001', '0104', 'Manana_E1S0104', '1', '1B001', 'VALENTINA ISABEL CASTRO ORTIZ', '2019-01-01 00:00:00', 10000, 'Normal', 'superadmin', 'superadmin', '2019-01-01 00:00:00', '2019-01-01 00:00:00', 1),
('M20190101080000P136', 'P136', 1, '001', '2019', '1001', '0104', 'Manana_E1S0104', '1', '1B001', 'ANDREA CAROLINA DE LA HOZ PEREA', '2019-01-01 00:00:00', 10000, 'Normal', 'superadmin', 'superadmin', '2019-01-01 00:00:00', '2019-01-01 00:00:00', 1),
('M20190101080000P137', 'P137', 1, '001', '2019', '1001', '0104', 'Manana_E1S0104', '1', '1B001', 'YENEDIS JULIETH DE LA ROSA ALMANZA', '2019-01-01 00:00:00', 10000, 'Normal', 'superadmin', 'superadmin', '2019-01-01 00:00:00', '2019-01-01 00:00:00', 1),
('M20190101080000P138', 'P138', 1, '001', '2019', '1001', '0104', 'Manana_E1S0104', '1', '1B001', 'SHERLYS MERLID FIGUEROA ESTARITA', '2019-01-01 00:00:00', 10000, 'Normal', 'superadmin', 'superadmin', '2019-01-01 00:00:00', '2019-01-01 00:00:00', 1),
('M20190101080000P139', 'P139', 1, '001', '2019', '1001', '0104', 'Manana_E1S0104', '1', '1B001', 'ANGEL JOSE GOMEZ GUTIERREZ', '2019-01-01 00:00:00', 10000, 'Normal', 'superadmin', 'superadmin', '2019-01-01 00:00:00', '2019-01-01 00:00:00', 1),
('M20190101080000P140', 'P140', 1, '001', '2019', '1001', '0104', 'Manana_E1S0104', '1', '1B001', 'ANTHONY JESUS GONZALEZ STAND', '2019-01-01 00:00:00', 10000, 'Normal', 'superadmin', 'superadmin', '2019-01-01 00:00:00', '2019-01-01 00:00:00', 1),
('M20190101080000P141', 'P141', 1, '001', '2019', '1001', '0104', 'Manana_E1S0104', '1', '1B001', 'ELIEZER JOSE GUTIERREZ FONSECA', '2019-01-01 00:00:00', 10000, 'Normal', 'superadmin', 'superadmin', '2019-01-01 00:00:00', '2019-01-01 00:00:00', 1),
('M20190101080000P142', 'P142', 1, '001', '2019', '1001', '0104', 'Manana_E1S0104', '1', '1B001', 'EGLIMAR DANIELA MARTINEZ LINARES', '2019-01-01 00:00:00', 10000, 'Normal', 'superadmin', 'superadmin', '2019-01-01 00:00:00', '2019-01-01 00:00:00', 1),
('M20190101080000P143', 'P143', 1, '001', '2019', '1001', '0104', 'Manana_E1S0104', '1', '1B001', 'NICOLAS DANIEL MEDINA CAMPO', '2019-01-01 00:00:00', 10000, 'Normal', 'superadmin', 'superadmin', '2019-01-01 00:00:00', '2019-01-01 00:00:00', 1),
('M20190101080000P144', 'P144', 1, '001', '2019', '1001', '0104', 'Manana_E1S0104', '1', '1B001', 'ANYOEL DE JESUS MIQUILENA PALMERA', '2019-01-01 00:00:00', 10000, 'Normal', 'superadmin', 'superadmin', '2019-01-01 00:00:00', '2019-01-01 00:00:00', 1),
('M20190101080000P145', 'P145', 1, '001', '2019', '1001', '0104', 'Manana_E1S0104', '1', '1B001', 'GENESIS ESTHER NARVAEZ MARQUEZ', '2019-01-01 00:00:00', 10000, 'Normal', 'superadmin', 'superadmin', '2019-01-01 00:00:00', '2019-01-01 00:00:00', 1),
('M20190101080000P146', 'P146', 1, '001', '2019', '1001', '0104', 'Manana_E1S0104', '1', '1B001', 'LUIS IGNACIO OCHOA CARABALLO', '2019-01-01 00:00:00', 10000, 'Normal', 'superadmin', 'superadmin', '2019-01-01 00:00:00', '2019-01-01 00:00:00', 1),
('M20190101080000P147', 'P147', 1, '001', '2019', '1001', '0104', 'Manana_E1S0104', '1', '1B001', 'ANGELIN CECILIA OROZCO TAPIAS', '2019-01-01 00:00:00', 10000, 'Normal', 'superadmin', 'superadmin', '2019-01-01 00:00:00', '2019-01-01 00:00:00', 1),
('M20190101080000P148', 'P148', 1, '001', '2019', '1001', '0104', 'Manana_E1S0104', '1', '1B001', 'JESUS DANIEL OROZCO PALMERA', '2019-01-01 00:00:00', 10000, 'Normal', 'superadmin', 'superadmin', '2019-01-01 00:00:00', '2019-01-01 00:00:00', 1),
('M20190101080000P149', 'P149', 1, '001', '2019', '1001', '0104', 'Manana_E1S0104', '1', '1B001', 'YOLIBETH PAOLA OROZCO RAMIREZ', '2019-01-01 00:00:00', 10000, 'Normal', 'superadmin', 'superadmin', '2019-01-01 00:00:00', '2019-01-01 00:00:00', 1),
('M20190101080000P150', 'P150', 1, '001', '2019', '1001', '0104', 'Manana_E1S0104', '1', '1B001', 'MICHEL PAOLA OSPINO BARRIOS', '2019-01-01 00:00:00', 10000, 'Normal', 'superadmin', 'superadmin', '2019-01-01 00:00:00', '2019-01-01 00:00:00', 1),
('M20190101080000P151', 'P151', 1, '001', '2019', '1001', '0104', 'Manana_E1S0104', '1', '1B001', 'EUDER  PALMERA BARRIOS', '2019-01-01 00:00:00', 10000, 'Normal', 'superadmin', 'superadmin', '2019-01-01 00:00:00', '2019-01-01 00:00:00', 1),
('M20190101080000P152', 'P152', 1, '001', '2019', '1001', '0104', 'Manana_E1S0104', '1', '1B001', 'MANUEL EDUARDO PEREA BENITEZ', '2019-01-01 00:00:00', 10000, 'Normal', 'superadmin', 'superadmin', '2019-01-01 00:00:00', '2019-01-01 00:00:00', 1),
('M20190101080000P153', 'P153', 1, '001', '2019', '1001', '0104', 'Manana_E1S0104', '1', '1B001', 'JEFERSON DAVID QUINTANA MARTINEZ', '2019-01-01 00:00:00', 10000, 'Normal', 'superadmin', 'superadmin', '2019-01-01 00:00:00', '2019-01-01 00:00:00', 1),
('M20190101080000P154', 'P154', 1, '001', '2019', '1001', '0104', 'Manana_E1S0104', '1', '1B001', 'DANIEL ALEJANDRO RANGEL GOMEZ', '2019-01-01 00:00:00', 10000, 'Normal', 'superadmin', 'superadmin', '2019-01-01 00:00:00', '2019-01-01 00:00:00', 1),
('M20190101080000P155', 'P155', 1, '001', '2019', '1001', '0104', 'Manana_E1S0104', '1', '1B001', 'YULEIMY ALEJANDRA RUIZ GONZALEZ', '2019-01-01 00:00:00', 10000, 'Normal', 'superadmin', 'superadmin', '2019-01-01 00:00:00', '2019-01-01 00:00:00', 1),
('M20190101080000P156', 'P156', 1, '001', '2019', '1001', '0104', 'Manana_E1S0104', '1', '1B001', 'PABLO ANTONIO TAPIAS GOMEZ', '2019-01-01 00:00:00', 10000, 'Normal', 'superadmin', 'superadmin', '2019-01-01 00:00:00', '2019-01-01 00:00:00', 1),
('M20190101080000P157', 'P157', 1, '001', '2019', '1001', '0104', 'Manana_E1S0104', '1', '1B001', 'MELANI DE JESUS VALENCIA CASTILLO', '2019-01-01 00:00:00', 10000, 'Normal', 'superadmin', 'superadmin', '2019-01-01 00:00:00', '2019-01-01 00:00:00', 1),
('M20190101080000P158', 'P158', 1, '001', '2019', '1001', '0104', 'Manana_E1S0104', '2', '2A001', 'ILYANIS MARIA AGUILAR BOLA?O', '2019-01-01 00:00:00', 10000, 'Normal', 'superadmin', 'superadmin', '2019-01-01 00:00:00', '2019-01-01 00:00:00', 1),
('M20190101080000P159', 'P159', 1, '001', '2019', '1001', '0104', 'Manana_E1S0104', '2', '2A001', 'CARLOS MANUEL ALMANZA BECERRA', '2019-01-01 00:00:00', 10000, 'Normal', 'superadmin', 'superadmin', '2019-01-01 00:00:00', '2019-01-01 00:00:00', 1),
('M20190101080000P160', 'P160', 1, '001', '2019', '1001', '0104', 'Manana_E1S0104', '2', '2A001', 'ANTONYS JESUS ARAGON BARRIOS', '2019-01-01 00:00:00', 10000, 'Normal', 'superadmin', 'superadmin', '2019-01-01 00:00:00', '2019-01-01 00:00:00', 1),
('M20190101080000P161', 'P161', 1, '001', '2019', '1001', '0104', 'Manana_E1S0104', '2', '2A001', 'ORIANIS  BALLESTEROS MELGAREJO', '2019-01-01 00:00:00', 10000, 'Normal', 'superadmin', 'superadmin', '2019-01-01 00:00:00', '2019-01-01 00:00:00', 1),
('M20190101080000P162', 'P162', 1, '001', '2019', '1001', '0104', 'Manana_E1S0104', '2', '2A001', 'YESENIA  BARRAZA POLO', '2019-01-01 00:00:00', 10000, 'Normal', 'superadmin', 'superadmin', '2019-01-01 00:00:00', '2019-01-01 00:00:00', 1),
('M20190101080000P163', 'P163', 1, '001', '2019', '1001', '0104', 'Manana_E1S0104', '2', '2A001', 'GREGORIO DE JESUS BOGEL RODRIGUEZ', '2019-01-01 00:00:00', 10000, 'Normal', 'superadmin', 'superadmin', '2019-01-01 00:00:00', '2019-01-01 00:00:00', 1),
('M20190101080000P164', 'P164', 1, '001', '2019', '1001', '0104', 'Manana_E1S0104', '2', '2A001', 'RAFAEL DE JESUS BOLA?O OROZCO', '2019-01-01 00:00:00', 10000, 'Normal', 'superadmin', 'superadmin', '2019-01-01 00:00:00', '2019-01-01 00:00:00', 1),
('M20190101080000P165', 'P165', 1, '001', '2019', '1001', '0104', 'Manana_E1S0104', '2', '2A001', 'SERGIO ANDRES BOLA?O BECERRA', '2019-01-01 00:00:00', 10000, 'Normal', 'superadmin', 'superadmin', '2019-01-01 00:00:00', '2019-01-01 00:00:00', 1),
('M20190101080000P166', 'P166', 1, '001', '2019', '1001', '0104', 'Manana_E1S0104', '2', '2A001', 'JOEL DAVID CAMARGO CAMARGO', '2019-01-01 00:00:00', 10000, 'Normal', 'superadmin', 'superadmin', '2019-01-01 00:00:00', '2019-01-01 00:00:00', 1),
('M20190101080000P167', 'P167', 1, '001', '2019', '1001', '0104', 'Manana_E1S0104', '2', '2A001', 'VALERY ZULAY CRESPO MEDINA', '2019-01-01 00:00:00', 10000, 'Normal', 'superadmin', 'superadmin', '2019-01-01 00:00:00', '2019-01-01 00:00:00', 1),
('M20190101080000P168', 'P168', 1, '001', '2019', '1001', '0104', 'Manana_E1S0104', '2', '2A001', 'DANIEL  CUETO CARRANZA', '2019-01-01 00:00:00', 10000, 'Normal', 'superadmin', 'superadmin', '2019-01-01 00:00:00', '2019-01-01 00:00:00', 1),
('M20190101080000P169', 'P169', 1, '001', '2019', '1001', '0104', 'Manana_E1S0104', '2', '2A001', 'CINDY PAOLA DE LA HOZ BECERRA', '2019-01-01 00:00:00', 10000, 'Normal', 'superadmin', 'superadmin', '2019-01-01 00:00:00', '2019-01-01 00:00:00', 1),
('M20190101080000P170', 'P170', 1, '001', '2019', '1001', '0104', 'Manana_E1S0104', '2', '2A001', 'MELANY KATIANA FONTANILLA PALMERA', '2019-01-01 00:00:00', 10000, 'Normal', 'superadmin', 'superadmin', '2019-01-01 00:00:00', '2019-01-01 00:00:00', 1),
('M20190101080000P171', 'P171', 1, '001', '2019', '1001', '0104', 'Manana_E1S0104', '2', '2A001', 'EGLIMAR DANIELA MARTINEZ LINARES', '2019-01-01 00:00:00', 10000, 'Normal', 'superadmin', 'superadmin', '2019-01-01 00:00:00', '2019-01-01 00:00:00', 1),
('M20190101080000P172', 'P172', 1, '001', '2019', '1001', '0104', 'Manana_E1S0104', '2', '2A001', 'ELKIN JUNIOR MARTINEZ GARCIA', '2019-01-01 00:00:00', 10000, 'Normal', 'superadmin', 'superadmin', '2019-01-01 00:00:00', '2019-01-01 00:00:00', 1),
('M20190101080000P173', 'P173', 1, '001', '2019', '1001', '0104', 'Manana_E1S0104', '2', '2A001', 'YILIBETH PATRICIA MELGAREJO CAMARGO', '2019-01-01 00:00:00', 10000, 'Normal', 'superadmin', 'superadmin', '2019-01-01 00:00:00', '2019-01-01 00:00:00', 1),
('M20190101080000P174', 'P174', 1, '001', '2019', '1001', '0104', 'Manana_E1S0104', '2', '2A001', 'YEANKELLY MARISELA OROZCO TERAN', '2019-01-01 00:00:00', 10000, 'Normal', 'superadmin', 'superadmin', '2019-01-01 00:00:00', '2019-01-01 00:00:00', 1),
('M20190101080000P175', 'P175', 1, '001', '2019', '1001', '0104', 'Manana_E1S0104', '2', '2A001', 'DARIANA SOFIA OSORIO ARIZA', '2019-01-01 00:00:00', 10000, 'Normal', 'superadmin', 'superadmin', '2019-01-01 00:00:00', '2019-01-01 00:00:00', 1),
('M20190101080000P176', 'P176', 1, '001', '2019', '1001', '0104', 'Manana_E1S0104', '2', '2A001', 'ISABELLA  PALMERA PERTUZI', '2019-01-01 00:00:00', 10000, 'Normal', 'superadmin', 'superadmin', '2019-01-01 00:00:00', '2019-01-01 00:00:00', 1),
('M20190101080000P177', 'P177', 1, '001', '2019', '1001', '0104', 'Manana_E1S0104', '2', '2A001', 'YILBER FARID PALMERA CERVANTES', '2019-01-01 00:00:00', 10000, 'Normal', 'superadmin', 'superadmin', '2019-01-01 00:00:00', '2019-01-01 00:00:00', 1),
('M20190101080000P178', 'P178', 1, '001', '2019', '1001', '0104', 'Manana_E1S0104', '2', '2A001', 'EIMER RAFAEL RAMOS REDONDO', '2019-01-01 00:00:00', 10000, 'Normal', 'superadmin', 'superadmin', '2019-01-01 00:00:00', '2019-01-01 00:00:00', 1),
('M20190101080000P179', 'P179', 1, '001', '2019', '1001', '0104', 'Manana_E1S0104', '2', '2A001', 'ADRIAN DE JESUS ROMERO SANTANDER', '2019-01-01 00:00:00', 10000, 'Normal', 'superadmin', 'superadmin', '2019-01-01 00:00:00', '2019-01-01 00:00:00', 1),
('M20190101080000P180', 'P180', 1, '001', '2019', '1001', '0104', 'Manana_E1S0104', '2', '2A001', 'ARMANDO DANIEL SANTANDER MEDINA', '2019-01-01 00:00:00', 10000, 'Normal', 'superadmin', 'superadmin', '2019-01-01 00:00:00', '2019-01-01 00:00:00', 1),
('M20190101080000P181', 'P181', 1, '001', '2019', '1001', '0104', 'Manana_E1S0104', '2', '2A001', 'VICTORIA ISABEL VIDES ARAGON', '2019-01-01 00:00:00', 10000, 'Normal', 'superadmin', 'superadmin', '2019-01-01 00:00:00', '2019-01-01 00:00:00', 1),
('M20190101080000P182', 'P182', 1, '001', '2019', '1001', '0104', 'Manana_E1S0104', '2', '2A001', 'MATHIAS DAVID VILLA CERVANTES', '2019-01-01 00:00:00', 10000, 'Normal', 'superadmin', 'superadmin', '2019-01-01 00:00:00', '2019-01-01 00:00:00', 1),
('M20190101080000P183', 'P183', 1, '001', '2019', '1001', '0104', 'Manana_E1S0104', '2', '2A001', 'PAOLA KATHERINE VILORIA ALMANZA', '2019-01-01 00:00:00', 10000, 'Normal', 'superadmin', 'superadmin', '2019-01-01 00:00:00', '2019-01-01 00:00:00', 1),
('M20190101080000P184', 'P184', 1, '001', '2019', '1001', '0104', 'Manana_E1S0104', '2', '2B001', 'LUIS MARIO BARRIOS MADRID', '2019-01-01 00:00:00', 10000, 'Normal', 'superadmin', 'superadmin', '2019-01-01 00:00:00', '2019-01-01 00:00:00', 1),
('M20190101080000P185', 'P185', 1, '001', '2019', '1001', '0104', 'Manana_E1S0104', '2', '2B001', 'SHAROL JULIETH BLANCO PALMERA', '2019-01-01 00:00:00', 10000, 'Normal', 'superadmin', 'superadmin', '2019-01-01 00:00:00', '2019-01-01 00:00:00', 1),
('M20190101080000P186', 'P186', 1, '001', '2019', '1001', '0104', 'Manana_E1S0104', '2', '2B001', 'JESUS MANUEL CAMARGO CAMARGO', '2019-01-01 00:00:00', 10000, 'Normal', 'superadmin', 'superadmin', '2019-01-01 00:00:00', '2019-01-01 00:00:00', 1),
('M20190101080000P187', 'P187', 1, '001', '2019', '1001', '0104', 'Manana_E1S0104', '2', '2B001', 'DEIVIS DAVID CERVERA GARCIA', '2019-01-01 00:00:00', 10000, 'Normal', 'superadmin', 'superadmin', '2019-01-01 00:00:00', '2019-01-01 00:00:00', 1),
('M20190101080000P188', 'P188', 1, '001', '2019', '1001', '0104', 'Manana_E1S0104', '2', '2B001', 'IVAN DE JESUS CERVERA GAMEZ', '2019-01-01 00:00:00', 10000, 'Normal', 'superadmin', 'superadmin', '2019-01-01 00:00:00', '2019-01-01 00:00:00', 1),
('M20190101080000P189', 'P189', 1, '001', '2019', '1001', '0104', 'Manana_E1S0104', '2', '2B001', 'JASLEIDYS MERCEDES CERVERA PALMERA', '2019-01-01 00:00:00', 10000, 'Normal', 'superadmin', 'superadmin', '2019-01-01 00:00:00', '2019-01-01 00:00:00', 1),
('M20190101080000P190', 'P190', 1, '001', '2019', '1001', '0104', 'Manana_E1S0104', '2', '2B001', 'VALENTINA  COLONA CASTILLO', '2019-01-01 00:00:00', 10000, 'Normal', 'superadmin', 'superadmin', '2019-01-01 00:00:00', '2019-01-01 00:00:00', 1),
('M20190101080000P191', 'P191', 1, '001', '2019', '1001', '0104', 'Manana_E1S0104', '2', '2B001', 'BETSY LILIANA GALLARDO RUIZ', '2019-01-01 00:00:00', 10000, 'Normal', 'superadmin', 'superadmin', '2019-01-01 00:00:00', '2019-01-01 00:00:00', 1),
('M20190101080000P192', 'P192', 1, '001', '2019', '1001', '0104', 'Manana_E1S0104', '2', '2B001', 'SAELYZ JOHANA GARCIA BARRIOS', '2019-01-01 00:00:00', 10000, 'Normal', 'superadmin', 'superadmin', '2019-01-01 00:00:00', '2019-01-01 00:00:00', 1),
('M20190101080000P193', 'P193', 1, '001', '2019', '1001', '0104', 'Manana_E1S0104', '2', '2B001', 'ANA MILENA JIMENEZ GAMEZ', '2019-01-01 00:00:00', 10000, 'Normal', 'superadmin', 'superadmin', '2019-01-01 00:00:00', '2019-01-01 00:00:00', 1),
('M20190101080000P194', 'P194', 1, '001', '2019', '1001', '0104', 'Manana_E1S0104', '2', '2B001', 'LUCIANA PATRICIA LORA ESCORCIA', '2019-01-01 00:00:00', 10000, 'Normal', 'superadmin', 'superadmin', '2019-01-01 00:00:00', '2019-01-01 00:00:00', 1),
('M20190101080000P195', 'P195', 1, '001', '2019', '1001', '0104', 'Manana_E1S0104', '2', '2B001', 'LUIS ALBERTO LOZANO PERTUZ', '2019-01-01 00:00:00', 10000, 'Normal', 'superadmin', 'superadmin', '2019-01-01 00:00:00', '2019-01-01 00:00:00', 1),
('M20190101080000P196', 'P196', 1, '001', '2019', '1001', '0104', 'Manana_E1S0104', '2', '2B001', 'YELURSON LUIS MARTINEZ DE LEON', '2019-01-01 00:00:00', 10000, 'Normal', 'superadmin', 'superadmin', '2019-01-01 00:00:00', '2019-01-01 00:00:00', 1),
('M20190101080000P197', 'P197', 1, '001', '2019', '1001', '0104', 'Manana_E1S0104', '2', '2B001', 'DAVID DANIEL MARTINEZ OROZCO', '2019-01-01 00:00:00', 10000, 'Normal', 'superadmin', 'superadmin', '2019-01-01 00:00:00', '2019-01-01 00:00:00', 1),
('M20190101080000P198', 'P198', 1, '001', '2019', '1001', '0104', 'Manana_E1S0104', '2', '2B001', 'KEIROL DE DIOS MARTINEZ MANGA', '2019-01-01 00:00:00', 10000, 'Normal', 'superadmin', 'superadmin', '2019-01-01 00:00:00', '2019-01-01 00:00:00', 1),
('M20190101080000P199', 'P199', 1, '001', '2019', '1001', '0104', 'Manana_E1S0104', '2', '2B001', 'EILYN DANIELA MEDINA MARTINEZ', '2019-01-01 00:00:00', 10000, 'Normal', 'superadmin', 'superadmin', '2019-01-01 00:00:00', '2019-01-01 00:00:00', 1),
('M20190101080000P200', 'P200', 1, '001', '2019', '1001', '0104', 'Manana_E1S0104', '2', '2B001', 'ISABELLA MARIA MIER MEDINA', '2019-01-01 00:00:00', 10000, 'Normal', 'superadmin', 'superadmin', '2019-01-01 00:00:00', '2019-01-01 00:00:00', 1),
('M20190101080000P201', 'P201', 1, '001', '2019', '1001', '0104', 'Manana_E1S0104', '2', '2B001', 'EINER GUILLERMO OCHOA VIDES', '2019-01-01 00:00:00', 10000, 'Normal', 'superadmin', 'superadmin', '2019-01-01 00:00:00', '2019-01-01 00:00:00', 1),
('M20190101080000P202', 'P202', 1, '001', '2019', '1001', '0104', 'Manana_E1S0104', '2', '2B001', 'MARYURIS  OCHOA FERNANDEZ', '2019-01-01 00:00:00', 10000, 'Normal', 'superadmin', 'superadmin', '2019-01-01 00:00:00', '2019-01-01 00:00:00', 1),
('M20190101080000P203', 'P203', 1, '001', '2019', '1001', '0104', 'Manana_E1S0104', '2', '2B001', 'MICHELL LUNA OROZCO SOSSA', '2019-01-01 00:00:00', 10000, 'Normal', 'superadmin', 'superadmin', '2019-01-01 00:00:00', '2019-01-01 00:00:00', 1),
('M20190101080000P204', 'P204', 1, '001', '2019', '1001', '0104', 'Manana_E1S0104', '2', '2B001', 'YAMIR DE JESUS OROZCO MELGAREJO', '2019-01-01 00:00:00', 10000, 'Normal', 'superadmin', 'superadmin', '2019-01-01 00:00:00', '2019-01-01 00:00:00', 1),
('M20190101080000P205', 'P205', 1, '001', '2019', '1001', '0104', 'Manana_E1S0104', '2', '2B001', 'JONATAN ALBERTO ZABALETA AHUMADA', '2019-01-01 00:00:00', 10000, 'Normal', 'superadmin', 'superadmin', '2019-01-01 00:00:00', '2019-01-01 00:00:00', 1),
('M20190101080000P206', 'P206', 1, '001', '2019', '1001', '0104', 'Manana_E1S0104', '3', '3A001', 'MAYERLIN AMPARO ALMANZA PI?EROS', '2019-01-01 00:00:00', 10000, 'Normal', 'superadmin', 'superadmin', '2019-01-01 00:00:00', '2019-01-01 00:00:00', 1),
('M20190101080000P207', 'P207', 1, '001', '2019', '1001', '0104', 'Manana_E1S0104', '3', '3A001', 'DUBERLIS MARCELA BLANCO BECERRA', '2019-01-01 00:00:00', 10000, 'Normal', 'superadmin', 'superadmin', '2019-01-01 00:00:00', '2019-01-01 00:00:00', 1),
('M20190101080000P208', 'P208', 1, '001', '2019', '1001', '0104', 'Manana_E1S0104', '3', '3A001', 'NELSON MANUEL BOLA?O RUIZ', '2019-01-01 00:00:00', 10000, 'Normal', 'superadmin', 'superadmin', '2019-01-01 00:00:00', '2019-01-01 00:00:00', 1),
('M20190101080000P209', 'P209', 1, '001', '2019', '1001', '0104', 'Manana_E1S0104', '3', '3A001', 'LUIFER DAVID CAMARGO PADILLA', '2019-01-01 00:00:00', 10000, 'Normal', 'superadmin', 'superadmin', '2019-01-01 00:00:00', '2019-01-01 00:00:00', 1),
('M20190101080000P210', 'P210', 1, '001', '2019', '1001', '0104', 'Manana_E1S0104', '3', '3A001', 'JHONATAN DE JESUS CAMPO PALMERA', '2019-01-01 00:00:00', 10000, 'Normal', 'superadmin', 'superadmin', '2019-01-01 00:00:00', '2019-01-01 00:00:00', 1),
('M20190101080000P211', 'P211', 1, '001', '2019', '1001', '0104', 'Manana_E1S0104', '3', '3A001', 'CHANTAL  CERVANTES ZABALETA', '2019-01-01 00:00:00', 10000, 'Normal', 'superadmin', 'superadmin', '2019-01-01 00:00:00', '2019-01-01 00:00:00', 1),
('M20190101080000P212', 'P212', 1, '001', '2019', '1001', '0104', 'Manana_E1S0104', '3', '3A001', 'ENIRETH CAMILA DE ANGEL ARRIETA', '2019-01-01 00:00:00', 10000, 'Normal', 'superadmin', 'superadmin', '2019-01-01 00:00:00', '2019-01-01 00:00:00', 1),
('M20190101080000P213', 'P213', 1, '001', '2019', '1001', '0104', 'Manana_E1S0104', '3', '3A001', 'ARYANNIS  DE LEON BARRIOS', '2019-01-01 00:00:00', 10000, 'Normal', 'superadmin', 'superadmin', '2019-01-01 00:00:00', '2019-01-01 00:00:00', 1),
('M20190101080000P214', 'P214', 1, '001', '2019', '1001', '0104', 'Manana_E1S0104', '3', '3A001', 'ARIANA CECILIA GOMEZ GAMEZ', '2019-01-01 00:00:00', 10000, 'Normal', 'superadmin', 'superadmin', '2019-01-01 00:00:00', '2019-01-01 00:00:00', 1),
('M20190101080000P215', 'P215', 1, '001', '2019', '1001', '0104', 'Manana_E1S0104', '3', '3A001', 'YORDANA MARIA JARAMILLO OROZCO', '2019-01-01 00:00:00', 10000, 'Normal', 'superadmin', 'superadmin', '2019-01-01 00:00:00', '2019-01-01 00:00:00', 1),
('M20190101080000P216', 'P216', 1, '001', '2019', '1001', '0104', 'Manana_E1S0104', '3', '3A001', 'MEIDER JESUS LORA ESCORCIA', '2019-01-01 00:00:00', 10000, 'Normal', 'superadmin', 'superadmin', '2019-01-01 00:00:00', '2019-01-01 00:00:00', 1),
('M20190101080000P217', 'P217', 1, '001', '2019', '1001', '0104', 'Manana_E1S0104', '3', '3A001', 'MILAGRO DEL CARMEN MARTINEZ SANTANDER', '2019-01-01 00:00:00', 10000, 'Normal', 'superadmin', 'superadmin', '2019-01-01 00:00:00', '2019-01-01 00:00:00', 1),
('M20190101080000P218', 'P218', 1, '001', '2019', '1001', '0104', 'Manana_E1S0104', '3', '3A001', 'MARIA ALEJANDRA OCHOA CARABALLO', '2019-01-01 00:00:00', 10000, 'Normal', 'superadmin', 'superadmin', '2019-01-01 00:00:00', '2019-01-01 00:00:00', 1),
('M20190101080000P219', 'P219', 1, '001', '2019', '1001', '0104', 'Manana_E1S0104', '3', '3A001', 'JAIDER LUIS OCHOA FERNANDEZ', '2019-01-01 00:00:00', 10000, 'Normal', 'superadmin', 'superadmin', '2019-01-01 00:00:00', '2019-01-01 00:00:00', 1),
('M20190101080000P220', 'P220', 1, '001', '2019', '1001', '0104', 'Manana_E1S0104', '3', '3A001', 'LIS ANYENLIS OROZCO MU?IZ', '2019-01-01 00:00:00', 10000, 'Normal', 'superadmin', 'superadmin', '2019-01-01 00:00:00', '2019-01-01 00:00:00', 1),
('M20190101080000P221', 'P221', 1, '001', '2019', '1001', '0104', 'Manana_E1S0104', '3', '3A001', 'RUBEN DARIO PALMERA BARRIOS', '2019-01-01 00:00:00', 10000, 'Normal', 'superadmin', 'superadmin', '2019-01-01 00:00:00', '2019-01-01 00:00:00', 1),
('M20190101080000P222', 'P222', 1, '001', '2019', '1001', '0104', 'Manana_E1S0104', '3', '3A001', 'JHONATAN DAVID PALMERA PUENTES', '2019-01-01 00:00:00', 10000, 'Normal', 'superadmin', 'superadmin', '2019-01-01 00:00:00', '2019-01-01 00:00:00', 1),
('M20190101080000P223', 'P223', 1, '001', '2019', '1001', '0104', 'Manana_E1S0104', '3', '3A001', 'MARIA DE JESUS PEREA BENITEZ', '2019-01-01 00:00:00', 10000, 'Normal', 'superadmin', 'superadmin', '2019-01-01 00:00:00', '2019-01-01 00:00:00', 1),
('M20190101080000P224', 'P224', 1, '001', '2019', '1001', '0104', 'Manana_E1S0104', '3', '3A001', 'JESUS DAVID SANTANDER ESCALANTE', '2019-01-01 00:00:00', 10000, 'Normal', 'superadmin', 'superadmin', '2019-01-01 00:00:00', '2019-01-01 00:00:00', 1),
('M20190101080000P225', 'P225', 1, '001', '2019', '1001', '0104', 'Manana_E1S0104', '3', '3A001', 'MARIA ELENA TAMARA RODRIGUEZ', '2019-01-01 00:00:00', 10000, 'Normal', 'superadmin', 'superadmin', '2019-01-01 00:00:00', '2019-01-01 00:00:00', 1),
('M20190101080000P226', 'P226', 1, '001', '2019', '1001', '0104', 'Manana_E1S0104', '3', '3A001', 'ANDRES ALFONSO VILLAMIL CERVANTES', '2019-01-01 00:00:00', 10000, 'Normal', 'superadmin', 'superadmin', '2019-01-01 00:00:00', '2019-01-01 00:00:00', 1),
('M20190101080000P227', 'P227', 1, '001', '2019', '1001', '0104', 'Manana_E1S0104', '3', '3A001', 'LUZ KARIME YEPES PADILLA', '2019-01-01 00:00:00', 10000, 'Normal', 'superadmin', 'superadmin', '2019-01-01 00:00:00', '2019-01-01 00:00:00', 1),
('M20190101080000P228', 'P228', 1, '001', '2019', '1001', '0104', 'Manana_E1S0104', '3', '3B001', 'MANUEL JOSE ALMANZA GARCIA', '2019-01-01 00:00:00', 10000, 'Normal', 'superadmin', 'superadmin', '2019-01-01 00:00:00', '2019-01-01 00:00:00', 1),
('M20190101080000P229', 'P229', 1, '001', '2019', '1001', '0104', 'Manana_E1S0104', '3', '3B001', 'DILAN JAIR BOLA?O OROZCO', '2019-01-01 00:00:00', 10000, 'Normal', 'superadmin', 'superadmin', '2019-01-01 00:00:00', '2019-01-01 00:00:00', 1),
('M20190101080000P230', 'P230', 1, '001', '2019', '1001', '0104', 'Manana_E1S0104', '3', '3B001', 'JEFFERSON  COLONA GARCIA', '2019-01-01 00:00:00', 10000, 'Normal', 'superadmin', 'superadmin', '2019-01-01 00:00:00', '2019-01-01 00:00:00', 1),
('M20190101080000P231', 'P231', 1, '001', '2019', '1001', '0104', 'Manana_E1S0104', '3', '3B001', 'KEITHYN JOHANA FONSECA MARCHENA', '2019-01-01 00:00:00', 10000, 'Normal', 'superadmin', 'superadmin', '2019-01-01 00:00:00', '2019-01-01 00:00:00', 1),
('M20190101080000P232', 'P232', 1, '001', '2019', '1001', '0104', 'Manana_E1S0104', '3', '3B001', 'EDGAR ALFREDO FONTALVO BOLA?O', '2019-01-01 00:00:00', 10000, 'Normal', 'superadmin', 'superadmin', '2019-01-01 00:00:00', '2019-01-01 00:00:00', 1),
('M20190101080000P233', 'P233', 1, '001', '2019', '1001', '0104', 'Manana_E1S0104', '3', '3B001', 'LEADER ALBERTO GOMEZ GUTIERREZ', '2019-01-01 00:00:00', 10000, 'Normal', 'superadmin', 'superadmin', '2019-01-01 00:00:00', '2019-01-01 00:00:00', 1),
('M20190101080000P234', 'P234', 1, '001', '2019', '1001', '0104', 'Manana_E1S0104', '3', '3B001', 'MARINEY  LORA CANTILLO', '2019-01-01 00:00:00', 10000, 'Normal', 'superadmin', 'superadmin', '2019-01-01 00:00:00', '2019-01-01 00:00:00', 1),
('M20190101080000P235', 'P235', 1, '001', '2019', '1001', '0104', 'Manana_E1S0104', '3', '3B001', 'RONAL ALBERTO MARTINEZ LOZANO', '2019-01-01 00:00:00', 10000, 'Normal', 'superadmin', 'superadmin', '2019-01-01 00:00:00', '2019-01-01 00:00:00', 1),
('M20190101080000P236', 'P236', 1, '001', '2019', '1001', '0104', 'Manana_E1S0104', '3', '3B001', 'LAURA SOFIA MARTINEZ BECERRA', '2019-01-01 00:00:00', 10000, 'Normal', 'superadmin', 'superadmin', '2019-01-01 00:00:00', '2019-01-01 00:00:00', 1),
('M20190101080000P237', 'P237', 1, '001', '2019', '1001', '0104', 'Manana_E1S0104', '3', '3B001', 'MILAGROS DEL CARMEN MARTINEZ SANTANDER', '2019-01-01 00:00:00', 10000, 'Normal', 'superadmin', 'superadmin', '2019-01-01 00:00:00', '2019-01-01 00:00:00', 1),
('M20190101080000P238', 'P238', 1, '001', '2019', '1001', '0104', 'Manana_E1S0104', '3', '3B001', 'LILIBETH  MELGAREJO SANTANDER', '2019-01-01 00:00:00', 10000, 'Normal', 'superadmin', 'superadmin', '2019-01-01 00:00:00', '2019-01-01 00:00:00', 1),
('M20190101080000P239', 'P239', 1, '001', '2019', '1001', '0104', 'Manana_E1S0104', '3', '3B001', 'SANTIAGO ANDRES NAVARRO CAMARGO', '2019-01-01 00:00:00', 10000, 'Normal', 'superadmin', 'superadmin', '2019-01-01 00:00:00', '2019-01-01 00:00:00', 1),
('M20190101080000P240', 'P240', 1, '001', '2019', '1001', '0104', 'Manana_E1S0104', '3', '3B001', 'LESMY DANIELA OROZCO CASTRO', '2019-01-01 00:00:00', 10000, 'Normal', 'superadmin', 'superadmin', '2019-01-01 00:00:00', '2019-01-01 00:00:00', 1),
('M20190101080000P241', 'P241', 1, '001', '2019', '1001', '0104', 'Manana_E1S0104', '3', '3B001', 'ARYIS DE JESUS PADILLA LOZANO', '2019-01-01 00:00:00', 10000, 'Normal', 'superadmin', 'superadmin', '2019-01-01 00:00:00', '2019-01-01 00:00:00', 1),
('M20190101080000P242', 'P242', 1, '001', '2019', '1001', '0104', 'Manana_E1S0104', '3', '3B001', 'DEIVER DANIEL PANTOJA REDONDO', '2019-01-01 00:00:00', 10000, 'Normal', 'superadmin', 'superadmin', '2019-01-01 00:00:00', '2019-01-01 00:00:00', 1),
('M20190101080000P243', 'P243', 1, '001', '2019', '1001', '0104', 'Manana_E1S0104', '3', '3B001', 'LUISFER  QUINTANA MARTINEZ', '2019-01-01 00:00:00', 10000, 'Normal', 'superadmin', 'superadmin', '2019-01-01 00:00:00', '2019-01-01 00:00:00', 1),
('M20190101080000P244', 'P244', 1, '001', '2019', '1001', '0104', 'Manana_E1S0104', '3', '3B001', 'MARIANA CANDELARIA SALTARIN GARCIA', '2019-01-01 00:00:00', 10000, 'Normal', 'superadmin', 'superadmin', '2019-01-01 00:00:00', '2019-01-01 00:00:00', 1),
('M20190101080000P245', 'P245', 1, '001', '2019', '1001', '0104', 'Manana_E1S0104', '3', '3B001', 'DIUVER DE JESUS TAPIAS MARTINEZ', '2019-01-01 00:00:00', 10000, 'Normal', 'superadmin', 'superadmin', '2019-01-01 00:00:00', '2019-01-01 00:00:00', 1),
('M20190101080000P246', 'P246', 1, '001', '2019', '1001', '0104', 'Manana_E1S0104', '3', '3B001', 'SAMUEL DAVID TAPIAS CAMARGO', '2019-01-01 00:00:00', 10000, 'Normal', 'superadmin', 'superadmin', '2019-01-01 00:00:00', '2019-01-01 00:00:00', 1),
('M20190101080000P247', 'P247', 1, '001', '2019', '1001', '0104', 'Manana_E1S0104', '3', '3B001', 'JESUS DANIEL VALENCIA CASTILLO', '2019-01-01 00:00:00', 10000, 'Normal', 'superadmin', 'superadmin', '2019-01-01 00:00:00', '2019-01-01 00:00:00', 1),
('M20190101080000P248', 'P248', 1, '001', '2019', '1001', '0104', 'Manana_E1S0104', '3', '3B001', 'MARIA FERNANDA VILORIA ALMANZA', '2019-01-01 00:00:00', 10000, 'Normal', 'superadmin', 'superadmin', '2019-01-01 00:00:00', '2019-01-01 00:00:00', 1),
('M20190101080000P249', 'P249', 1, '001', '2019', '1001', '0103', 'Manana_E1S0103', '4', '4A001', 'SEBASTIAN  BALLESTERO MELGAREJO', '2019-01-01 00:00:00', 10000, 'Normal', 'superadmin', 'superadmin', '2019-01-01 00:00:00', '2019-01-01 00:00:00', 1),
('M20190101080000P250', 'P250', 1, '001', '2019', '1001', '0103', 'Manana_E1S0103', '4', '4A001', 'ANDRES  BARRIOS DE LEON', '2019-01-01 00:00:00', 10000, 'Normal', 'superadmin', 'superadmin', '2019-01-01 00:00:00', '2019-01-01 00:00:00', 1),
('M20190101080000P251', 'P251', 1, '001', '2019', '1001', '0103', 'Manana_E1S0103', '4', '4A001', 'EMANUEL JOSE BARRIOS CANTILLO', '2019-01-01 00:00:00', 10000, 'Normal', 'superadmin', 'superadmin', '2019-01-01 00:00:00', '2019-01-01 00:00:00', 1),
('M20190101080000P252', 'P252', 1, '001', '2019', '1001', '0103', 'Manana_E1S0103', '4', '4A001', 'YEISON JOSE BOLANO VILLA', '2019-01-01 00:00:00', 10000, 'Normal', 'superadmin', 'superadmin', '2019-01-01 00:00:00', '2019-01-01 00:00:00', 1),
('M20190101080000P253', 'P253', 1, '001', '2019', '1001', '0103', 'Manana_E1S0103', '4', '4A001', 'ALEJANDRA MARIA BOLA?O OROZCO', '2019-01-01 00:00:00', 10000, 'Normal', 'superadmin', 'superadmin', '2019-01-01 00:00:00', '2019-01-01 00:00:00', 1),
('M20190101080000P254', 'P254', 1, '001', '2019', '1001', '0103', 'Manana_E1S0103', '4', '4A001', 'LUZ MARIA BOLA?O ROSADO', '2019-01-01 00:00:00', 10000, 'Normal', 'superadmin', 'superadmin', '2019-01-01 00:00:00', '2019-01-01 00:00:00', 1),
('M20190101080000P255', 'P255', 1, '001', '2019', '1001', '0103', 'Manana_E1S0103', '4', '4A001', 'KEILER DE JESUS CAMARGO PALMERA', '2019-01-01 00:00:00', 10000, 'Normal', 'superadmin', 'superadmin', '2019-01-01 00:00:00', '2019-01-01 00:00:00', 1),
('M20190101080000P256', 'P256', 1, '001', '2019', '1001', '0103', 'Manana_E1S0103', '4', '4A001', 'YORLINDIS PAOLA CAMPO PEREA', '2019-01-01 00:00:00', 10000, 'Normal', 'superadmin', 'superadmin', '2019-01-01 00:00:00', '2019-01-01 00:00:00', 1),
('M20190101080000P257', 'P257', 1, '001', '2019', '1001', '0103', 'Manana_E1S0103', '4', '4A001', 'AIDEE MARIA CUEVA GARCIA', '2019-01-01 00:00:00', 10000, 'Normal', 'superadmin', 'superadmin', '2019-01-01 00:00:00', '2019-01-01 00:00:00', 1),
('M20190101080000P258', 'P258', 1, '001', '2019', '1001', '0103', 'Manana_E1S0103', '4', '4A001', 'YEISON  ESPINOSA JASPE', '2019-01-01 00:00:00', 10000, 'Normal', 'superadmin', 'superadmin', '2019-01-01 00:00:00', '2019-01-01 00:00:00', 1),
('M20190101080000P259', 'P259', 1, '001', '2019', '1001', '0103', 'Manana_E1S0103', '4', '4A001', 'ROSA ANGELICA FONTALVO BOLA?O', '2019-01-01 00:00:00', 10000, 'Normal', 'superadmin', 'superadmin', '2019-01-01 00:00:00', '2019-01-01 00:00:00', 1),
('M20190101080000P260', 'P260', 1, '001', '2019', '1001', '0103', 'Manana_E1S0103', '4', '4A001', 'RODOLFO SEGUNDO GOMEZ GUTIERREZ', '2019-01-01 00:00:00', 10000, 'Normal', 'superadmin', 'superadmin', '2019-01-01 00:00:00', '2019-01-01 00:00:00', 1),
('M20190101080000P261', 'P261', 1, '001', '2019', '1001', '0103', 'Manana_E1S0103', '4', '4A001', 'SAMUEL DAVID GOMEZ MARTINEZ', '2019-01-01 00:00:00', 10000, 'Normal', 'superadmin', 'superadmin', '2019-01-01 00:00:00', '2019-01-01 00:00:00', 1),
('M20190101080000P262', 'P262', 1, '001', '2019', '1001', '0103', 'Manana_E1S0103', '4', '4A001', 'JAZETH DAVID HERNANDEZ BARRIOS', '2019-01-01 00:00:00', 10000, 'Normal', 'superadmin', 'superadmin', '2019-01-01 00:00:00', '2019-01-01 00:00:00', 1),
('M20190101080000P263', 'P263', 1, '001', '2019', '1001', '0103', 'Manana_E1S0103', '4', '4A001', 'FAEN DAVID LOZANO GONZALEZ', '2019-01-01 00:00:00', 10000, 'Normal', 'superadmin', 'superadmin', '2019-01-01 00:00:00', '2019-01-01 00:00:00', 1),
('M20190101080000P264', 'P264', 1, '001', '2019', '1001', '0103', 'Manana_E1S0103', '4', '4A001', 'AMNALYS GREGORIA MARTINEZ MARTINEZ', '2019-01-01 00:00:00', 10000, 'Normal', 'superadmin', 'superadmin', '2019-01-01 00:00:00', '2019-01-01 00:00:00', 1),
('M20190101080000P265', 'P265', 1, '001', '2019', '1001', '0103', 'Manana_E1S0103', '4', '4A001', 'LEIDER GUSTAVO OROZCO GUERRERO', '2019-01-01 00:00:00', 10000, 'Normal', 'superadmin', 'superadmin', '2019-01-01 00:00:00', '2019-01-01 00:00:00', 1),
('M20190101080000P266', 'P266', 1, '001', '2019', '1001', '0103', 'Manana_E1S0103', '4', '4A001', 'SEBASTIAN JOSE OSORIO ARIZA', '2019-01-01 00:00:00', 10000, 'Normal', 'superadmin', 'superadmin', '2019-01-01 00:00:00', '2019-01-01 00:00:00', 1),
('M20190101080000P267', 'P267', 1, '001', '2019', '1001', '0103', 'Manana_E1S0103', '4', '4A001', 'JUAN JOSE PALMERA SANTANDER', '2019-01-01 00:00:00', 10000, 'Normal', 'superadmin', 'superadmin', '2019-01-01 00:00:00', '2019-01-01 00:00:00', 1),
('M20190101080000P268', 'P268', 1, '001', '2019', '1001', '0103', 'Manana_E1S0103', '4', '4A001', 'DILSA MARIA RODRIGUEZ CAMARGO', '2019-01-01 00:00:00', 10000, 'Normal', 'superadmin', 'superadmin', '2019-01-01 00:00:00', '2019-01-01 00:00:00', 1),
('M20190101080000P269', 'P269', 1, '001', '2019', '1001', '0103', 'Manana_E1S0103', '4', '4A001', 'BRAYNER DAVID RODRIGUEZ CARDENAS', '2019-01-01 00:00:00', 10000, 'Normal', 'superadmin', 'superadmin', '2019-01-01 00:00:00', '2019-01-01 00:00:00', 1),
('M20190101080000P270', 'P270', 1, '001', '2019', '1001', '0103', 'Manana_E1S0103', '4', '4A001', 'JORGE DAVID SANTANDER OROZCO', '2019-01-01 00:00:00', 10000, 'Normal', 'superadmin', 'superadmin', '2019-01-01 00:00:00', '2019-01-01 00:00:00', 1),
('M20190101080000P271', 'P271', 1, '001', '2019', '1001', '0103', 'Manana_E1S0103', '4', '4A001', 'EDWIN DE JESUS VALENCIA BECERRA', '2019-01-01 00:00:00', 10000, 'Normal', 'superadmin', 'superadmin', '2019-01-01 00:00:00', '2019-01-01 00:00:00', 1),
('M20190101080000P272', 'P272', 1, '001', '2019', '1001', '0103', 'Manana_E1S0103', '4', '4A001', 'DILAN TAREK VALENCIA VERGARA', '2019-01-01 00:00:00', 10000, 'Normal', 'superadmin', 'superadmin', '2019-01-01 00:00:00', '2019-01-01 00:00:00', 1),
('M20190101080000P273', 'P273', 1, '001', '2019', '1001', '0103', 'Manana_E1S0103', '4', '4B001', 'IVAN ALONSO ANILLO ESCORCIA', '2019-01-01 00:00:00', 10000, 'Normal', 'superadmin', 'superadmin', '2019-01-01 00:00:00', '2019-01-01 00:00:00', 1),
('M20190101080000P274', 'P274', 1, '001', '2019', '1001', '0103', 'Manana_E1S0103', '4', '4B001', 'EVELYN JESUS BARRAZA ZABALETA', '2019-01-01 00:00:00', 10000, 'Normal', 'superadmin', 'superadmin', '2019-01-01 00:00:00', '2019-01-01 00:00:00', 1),
('M20190101080000P275', 'P275', 1, '001', '2019', '1001', '0103', 'Manana_E1S0103', '4', '4B001', 'KEINER DAVID BLANCO BECERRA', '2019-01-01 00:00:00', 10000, 'Normal', 'superadmin', 'superadmin', '2019-01-01 00:00:00', '2019-01-01 00:00:00', 1),
('M20190101080000P276', 'P276', 1, '001', '2019', '1001', '0103', 'Manana_E1S0103', '4', '4B001', 'CARLOS DAVID BOLA?O BECERRA', '2019-01-01 00:00:00', 10000, 'Normal', 'superadmin', 'superadmin', '2019-01-01 00:00:00', '2019-01-01 00:00:00', 1),
('M20190101080000P277', 'P277', 1, '001', '2019', '1001', '0103', 'Manana_E1S0103', '4', '4B001', 'LUIS FERNANDO CAMACHO GARCIA', '2019-01-01 00:00:00', 10000, 'Normal', 'superadmin', 'superadmin', '2019-01-01 00:00:00', '2019-01-01 00:00:00', 1),
('M20190101080000P278', 'P278', 1, '001', '2019', '1001', '0103', 'Manana_E1S0103', '4', '4B001', 'NICOL TATIANA CAMARGO USCATEGUI', '2019-01-01 00:00:00', 10000, 'Normal', 'superadmin', 'superadmin', '2019-01-01 00:00:00', '2019-01-01 00:00:00', 1),
('M20190101080000P279', 'P279', 1, '001', '2019', '1001', '0103', 'Manana_E1S0103', '4', '4B001', 'JEFFERSON  COLONA GARCIA', '2019-01-01 00:00:00', 10000, 'Normal', 'superadmin', 'superadmin', '2019-01-01 00:00:00', '2019-01-01 00:00:00', 1),
('M20190101080000P280', 'P280', 1, '001', '2019', '1001', '0103', 'Manana_E1S0103', '4', '4B001', 'YANAURIS MARIA DE LA HOZ BECERRA', '2019-01-01 00:00:00', 10000, 'Normal', 'superadmin', 'superadmin', '2019-01-01 00:00:00', '2019-01-01 00:00:00', 1),
('M20190101080000P281', 'P281', 1, '001', '2019', '1001', '0103', 'Manana_E1S0103', '4', '4B001', 'DANIEL  FLOREZ SANTANDER', '2019-01-01 00:00:00', 10000, 'Normal', 'superadmin', 'superadmin', '2019-01-01 00:00:00', '2019-01-01 00:00:00', 1),
('M20190101080000P282', 'P282', 1, '001', '2019', '1001', '0103', 'Manana_E1S0103', '4', '4B001', 'JOHAN STIVEN FULLA SANTANDER', '2019-01-01 00:00:00', 10000, 'Normal', 'superadmin', 'superadmin', '2019-01-01 00:00:00', '2019-01-01 00:00:00', 1),
('M20190101080000P283', 'P283', 1, '001', '2019', '1001', '0103', 'Manana_E1S0103', '4', '4B001', 'MARIA ANGELICA GAMEZ ALMANZA', '2019-01-01 00:00:00', 10000, 'Normal', 'superadmin', 'superadmin', '2019-01-01 00:00:00', '2019-01-01 00:00:00', 1),
('M20190101080000P284', 'P284', 1, '001', '2019', '1001', '0103', 'Manana_E1S0103', '4', '4B001', 'JOSE MANUEL GUTIEEREZ CARDENAS', '2019-01-01 00:00:00', 10000, 'Normal', 'superadmin', 'superadmin', '2019-01-01 00:00:00', '2019-01-01 00:00:00', 1),
('M20190101080000P285', 'P285', 1, '001', '2019', '1001', '0103', 'Manana_E1S0103', '4', '4B001', 'YORYANIS  LORA CANTILLO', '2019-01-01 00:00:00', 10000, 'Normal', 'superadmin', 'superadmin', '2019-01-01 00:00:00', '2019-01-01 00:00:00', 1),
('M20190101080000P286', 'P286', 1, '001', '2019', '1001', '0103', 'Manana_E1S0103', '4', '4B001', 'LUIS SANTIAGO MEDINA MEDINA', '2019-01-01 00:00:00', 10000, 'Normal', 'superadmin', 'superadmin', '2019-01-01 00:00:00', '2019-01-01 00:00:00', 1),
('M20190101080000P287', 'P287', 1, '001', '2019', '1001', '0103', 'Manana_E1S0103', '4', '4B001', 'CLARA LUZ MENESES PE?ARANDA', '2019-01-01 00:00:00', 10000, 'Normal', 'superadmin', 'superadmin', '2019-01-01 00:00:00', '2019-01-01 00:00:00', 1),
('M20190101080000P288', 'P288', 1, '001', '2019', '1001', '0103', 'Manana_E1S0103', '4', '4B001', 'MARIA VALENTINA OSPINO BARRIOS', '2019-01-01 00:00:00', 10000, 'Normal', 'superadmin', 'superadmin', '2019-01-01 00:00:00', '2019-01-01 00:00:00', 1),
('M20190101080000P289', 'P289', 1, '001', '2019', '1001', '0103', 'Manana_E1S0103', '4', '4B001', 'MARIA  PEREA BENITEZ', '2019-01-01 00:00:00', 10000, 'Normal', 'superadmin', 'superadmin', '2019-01-01 00:00:00', '2019-01-01 00:00:00', 1),
('M20190101080000P290', 'P290', 1, '001', '2019', '1001', '0103', 'Manana_E1S0103', '4', '4B001', 'JOHAN JAVIER QUINTANA MARTINEZ', '2019-01-01 00:00:00', 10000, 'Normal', 'superadmin', 'superadmin', '2019-01-01 00:00:00', '2019-01-01 00:00:00', 1),
('M20190101080000P291', 'P291', 1, '001', '2019', '1001', '0103', 'Manana_E1S0103', '4', '4B001', 'KEVIN ANDRES ROMERO SARMIENTO', '2019-01-01 00:00:00', 10000, 'Normal', 'superadmin', 'superadmin', '2019-01-01 00:00:00', '2019-01-01 00:00:00', 1),
('M20190101080000P292', 'P292', 1, '001', '2019', '1001', '0103', 'Manana_E1S0103', '4', '4B001', 'PABLO EMILIO SANTANDER PADILLA', '2019-01-01 00:00:00', 10000, 'Normal', 'superadmin', 'superadmin', '2019-01-01 00:00:00', '2019-01-01 00:00:00', 1),
('M20190101080000P293', 'P293', 1, '001', '2019', '1001', '0103', 'Manana_E1S0103', '4', '4B001', 'SHERYL  TOLOSA CANTILLO', '2019-01-01 00:00:00', 10000, 'Normal', 'superadmin', 'superadmin', '2019-01-01 00:00:00', '2019-01-01 00:00:00', 1),
('M20190101080000P294', 'P294', 1, '001', '2019', '1001', '0103', 'Manana_E1S0103', '5', '5A001', 'EDWIN DAVID ACOSTA FONSECA', '2019-01-01 00:00:00', 10000, 'Normal', 'superadmin', 'superadmin', '2019-01-01 00:00:00', '2019-01-01 00:00:00', 1),
('M20190101080000P295', 'P295', 1, '001', '2019', '1001', '0103', 'Manana_E1S0103', '5', '5A001', 'NEIL DE JESUS ALMANZA BECERRA', '2019-01-01 00:00:00', 10000, 'Normal', 'superadmin', 'superadmin', '2019-01-01 00:00:00', '2019-01-01 00:00:00', 1),
('M20190101080000P296', 'P296', 1, '001', '2019', '1001', '0103', 'Manana_E1S0103', '5', '5A001', 'KAROL DAYANA ANDRADE FERNANDEZ', '2019-01-01 00:00:00', 10000, 'Normal', 'superadmin', 'superadmin', '2019-01-01 00:00:00', '2019-01-01 00:00:00', 1),
('M20190101080000P297', 'P297', 1, '001', '2019', '1001', '0103', 'Manana_E1S0103', '5', '5A001', 'ANDERSON DAVID BARRIOS MARTINEZ', '2019-01-01 00:00:00', 10000, 'Normal', 'superadmin', 'superadmin', '2019-01-01 00:00:00', '2019-01-01 00:00:00', 1),
('M20190101080000P298', 'P298', 1, '001', '2019', '1001', '0103', 'Manana_E1S0103', '5', '5A001', 'YEINER DARIO BARRIOS GOMEZ', '2019-01-01 00:00:00', 10000, 'Normal', 'superadmin', 'superadmin', '2019-01-01 00:00:00', '2019-01-01 00:00:00', 1),
('M20190101080000P299', 'P299', 1, '001', '2019', '1001', '0103', 'Manana_E1S0103', '5', '5A001', 'SAMUEL DAVID BERDUGO CAMACHO', '2019-01-01 00:00:00', 10000, 'Normal', 'superadmin', 'superadmin', '2019-01-01 00:00:00', '2019-01-01 00:00:00', 1),
('M20190101080000P300', 'P300', 1, '001', '2019', '1001', '0103', 'Manana_E1S0103', '5', '5A001', 'JESUS DANIEL CAMARGO PADILLA', '2019-01-01 00:00:00', 10000, 'Normal', 'superadmin', 'superadmin', '2019-01-01 00:00:00', '2019-01-01 00:00:00', 1);
INSERT INTO `matriculasapp` (`id_matricula`, `id_estudiante`, `id_escuela`, `id_programa`, `id_periodo`, `id_planestudio`, `id_sede`, `id_jornada`, `numgrado_programa`, `id_grupo`, `nombrecompleto_estudiante`, `fecha_matricula`, `valor_matricula`, `estado_matricula`, `usuariocrea_matricula`, `usuarioedita_matricula`, `fechacrea_matricula`, `fechaedita_matricula`, `status_matricula`) VALUES
('M20190101080000P301', 'P301', 1, '001', '2019', '1001', '0103', 'Manana_E1S0103', '5', '5A001', 'JOEL  CAMARGO CAMARGO', '2019-01-01 00:00:00', 10000, 'Normal', 'superadmin', 'superadmin', '2019-01-01 00:00:00', '2019-01-01 00:00:00', 1),
('M20190101080000P302', 'P302', 1, '001', '2019', '1001', '0103', 'Manana_E1S0103', '5', '5A001', 'JHAN CARLOS CAMP? PEREA', '2019-01-01 00:00:00', 10000, 'Normal', 'superadmin', 'superadmin', '2019-01-01 00:00:00', '2019-01-01 00:00:00', 1),
('M20190101080000P303', 'P303', 1, '001', '2019', '1001', '0103', 'Manana_E1S0103', '5', '5A001', 'GABRIELA ANDREA CERVERA GAMEZ', '2019-01-01 00:00:00', 10000, 'Normal', 'superadmin', 'superadmin', '2019-01-01 00:00:00', '2019-01-01 00:00:00', 1),
('M20190101080000P304', 'P304', 1, '001', '2019', '1001', '0103', 'Manana_E1S0103', '5', '5A001', 'ELMIS ETILZA CERVERA MARTINEZ', '2019-01-01 00:00:00', 10000, 'Normal', 'superadmin', 'superadmin', '2019-01-01 00:00:00', '2019-01-01 00:00:00', 1),
('M20190101080000P305', 'P305', 1, '001', '2019', '1001', '0103', 'Manana_E1S0103', '5', '5A001', 'JOEL DAVID DE LA ROSA ALMANZA', '2019-01-01 00:00:00', 10000, 'Normal', 'superadmin', 'superadmin', '2019-01-01 00:00:00', '2019-01-01 00:00:00', 1),
('M20190101080000P306', 'P306', 1, '001', '2019', '1001', '0103', 'Manana_E1S0103', '5', '5A001', 'JESUS  FONSECA ALMANZA', '2019-01-01 00:00:00', 10000, 'Normal', 'superadmin', 'superadmin', '2019-01-01 00:00:00', '2019-01-01 00:00:00', 1),
('M20190101080000P307', 'P307', 1, '001', '2019', '1001', '0103', 'Manana_E1S0103', '5', '5A001', 'JOVANNY RAFAEL GOMEZ BOLA?O', '2019-01-01 00:00:00', 10000, 'Normal', 'superadmin', 'superadmin', '2019-01-01 00:00:00', '2019-01-01 00:00:00', 1),
('M20190101080000P308', 'P308', 1, '001', '2019', '1001', '0103', 'Manana_E1S0103', '5', '5A001', 'VALENTINA  MARTINEZ SANTANDER', '2019-01-01 00:00:00', 10000, 'Normal', 'superadmin', 'superadmin', '2019-01-01 00:00:00', '2019-01-01 00:00:00', 1),
('M20190101080000P309', 'P309', 1, '001', '2019', '1001', '0103', 'Manana_E1S0103', '5', '5A001', 'SAMIR ALEXANDER MEDINA OSORIO', '2019-01-01 00:00:00', 10000, 'Normal', 'superadmin', 'superadmin', '2019-01-01 00:00:00', '2019-01-01 00:00:00', 1),
('M20190101080000P310', 'P310', 1, '001', '2019', '1001', '0103', 'Manana_E1S0103', '5', '5A001', 'YARITH PATRICIA OROZCO MELGAREJO', '2019-01-01 00:00:00', 10000, 'Normal', 'superadmin', 'superadmin', '2019-01-01 00:00:00', '2019-01-01 00:00:00', 1),
('M20190101080000P311', 'P311', 1, '001', '2019', '1001', '0103', 'Manana_E1S0103', '5', '5A001', 'VICTOR JOSE OROZCO MU?IZ', '2019-01-01 00:00:00', 10000, 'Normal', 'superadmin', 'superadmin', '2019-01-01 00:00:00', '2019-01-01 00:00:00', 1),
('M20190101080000P312', 'P312', 1, '001', '2019', '1001', '0103', 'Manana_E1S0103', '5', '5A001', 'KEINER DAVID PANTOJA REDONDO', '2019-01-01 00:00:00', 10000, 'Normal', 'superadmin', 'superadmin', '2019-01-01 00:00:00', '2019-01-01 00:00:00', 1),
('M20190101080000P313', 'P313', 1, '001', '2019', '1001', '0103', 'Manana_E1S0103', '5', '5A001', 'DANIEL JOSE SANTANDER DE LEON', '2019-01-01 00:00:00', 10000, 'Normal', 'superadmin', 'superadmin', '2019-01-01 00:00:00', '2019-01-01 00:00:00', 1),
('M20190101080000P314', 'P314', 1, '001', '2019', '1001', '0103', 'Manana_E1S0103', '5', '5A001', 'SHARITH JULIETH SANTANDER PEREA', '2019-01-01 00:00:00', 10000, 'Normal', 'superadmin', 'superadmin', '2019-01-01 00:00:00', '2019-01-01 00:00:00', 1),
('M20190101080000P315', 'P315', 1, '001', '2019', '1001', '0103', 'Manana_E1S0103', '5', '5A001', 'MANUEL ANTONIO SOSSA RODRIGUEZ', '2019-01-01 00:00:00', 10000, 'Normal', 'superadmin', 'superadmin', '2019-01-01 00:00:00', '2019-01-01 00:00:00', 1),
('M20190101080000P316', 'P316', 1, '001', '2019', '1001', '0103', 'Manana_E1S0103', '5', '5A001', 'ESTEBAN RAFAEL SOSSA ALMANZA', '2019-01-01 00:00:00', 10000, 'Normal', 'superadmin', 'superadmin', '2019-01-01 00:00:00', '2019-01-01 00:00:00', 1),
('M20190101080000P317', 'P317', 1, '001', '2019', '1001', '0103', 'Manana_E1S0103', '5', '5A001', 'SHERYL ANDREA TOLOSA CANTILLO', '2019-01-01 00:00:00', 10000, 'Normal', 'superadmin', 'superadmin', '2019-01-01 00:00:00', '2019-01-01 00:00:00', 1),
('M20190101080000P318', 'P318', 1, '001', '2019', '1001', '0103', 'Manana_E1S0103', '5', '5A001', 'JESUS ANTONIO VALENCIA ALMANZA', '2019-01-01 00:00:00', 10000, 'Normal', 'superadmin', 'superadmin', '2019-01-01 00:00:00', '2019-01-01 00:00:00', 1),
('M20190101080000P319', 'P319', 1, '001', '2019', '1001', '0103', 'Manana_E1S0103', '5', '5A001', 'EVELIS ELENA VIDES ARAGON', '2019-01-01 00:00:00', 10000, 'Normal', 'superadmin', 'superadmin', '2019-01-01 00:00:00', '2019-01-01 00:00:00', 1),
('M20190101080000P320', 'P320', 1, '001', '2019', '1001', '0103', 'Manana_E1S0103', '5', '5A001', 'CARLOS JOSE VILORIA SARAVIA', '2019-01-01 00:00:00', 10000, 'Normal', 'superadmin', 'superadmin', '2019-01-01 00:00:00', '2019-01-01 00:00:00', 1),
('M20190101080000P321', 'P321', 1, '001', '2019', '1001', '0103', 'Manana_E1S0103', '5', '5B001', 'LUIS MATEO ALMAMZA GARCIA', '2019-01-01 00:00:00', 10000, 'Normal', 'superadmin', 'superadmin', '2019-01-01 00:00:00', '2019-01-01 00:00:00', 1),
('M20190101080000P322', 'P322', 1, '001', '2019', '1001', '0103', 'Manana_E1S0103', '5', '5B001', 'JUAN DAVID ARAGON BARRIOS', '2019-01-01 00:00:00', 10000, 'Normal', 'superadmin', 'superadmin', '2019-01-01 00:00:00', '2019-01-01 00:00:00', 1),
('M20190101080000P323', 'P323', 1, '001', '2019', '1001', '0103', 'Manana_E1S0103', '5', '5B001', 'ALVARO DE JESUS BENITEZ ZABALETA', '2019-01-01 00:00:00', 10000, 'Normal', 'superadmin', 'superadmin', '2019-01-01 00:00:00', '2019-01-01 00:00:00', 1),
('M20190101080000P324', 'P324', 1, '001', '2019', '1001', '0103', 'Manana_E1S0103', '5', '5B001', 'DAVID JOSE CAMARGO CAMACHO', '2019-01-01 00:00:00', 10000, 'Normal', 'superadmin', 'superadmin', '2019-01-01 00:00:00', '2019-01-01 00:00:00', 1),
('M20190101080000P325', 'P325', 1, '001', '2019', '1001', '0103', 'Manana_E1S0103', '5', '5B001', 'EMMANUEL ANTONIO CAMARGO MARTINEZ', '2019-01-01 00:00:00', 10000, 'Normal', 'superadmin', 'superadmin', '2019-01-01 00:00:00', '2019-01-01 00:00:00', 1),
('M20190101080000P326', 'P326', 1, '001', '2019', '1001', '0103', 'Manana_E1S0103', '5', '5B001', 'YAILIN JOHANA CAMPO VALENCIA', '2019-01-01 00:00:00', 10000, 'Normal', 'superadmin', 'superadmin', '2019-01-01 00:00:00', '2019-01-01 00:00:00', 1),
('M20190101080000P327', 'P327', 1, '001', '2019', '1001', '0103', 'Manana_E1S0103', '5', '5B001', 'YENIFER PAOLA CERVANTES ZABALETA', '2019-01-01 00:00:00', 10000, 'Normal', 'superadmin', 'superadmin', '2019-01-01 00:00:00', '2019-01-01 00:00:00', 1),
('M20190101080000P328', 'P328', 1, '001', '2019', '1001', '0103', 'Manana_E1S0103', '5', '5B001', 'WENDY VANESSA CHAMORRO MENDOZA', '2019-01-01 00:00:00', 10000, 'Normal', 'superadmin', 'superadmin', '2019-01-01 00:00:00', '2019-01-01 00:00:00', 1),
('M20190101080000P329', 'P329', 1, '001', '2019', '1001', '0103', 'Manana_E1S0103', '5', '5B001', 'GRIZZY ESTEFANY COLONA GARCIA', '2019-01-01 00:00:00', 10000, 'Normal', 'superadmin', 'superadmin', '2019-01-01 00:00:00', '2019-01-01 00:00:00', 1),
('M20190101080000P330', 'P330', 1, '001', '2019', '1001', '0103', 'Manana_E1S0103', '5', '5B001', 'JOEL ENRIQUE FINOL MIRANDA', '2019-01-01 00:00:00', 10000, 'Normal', 'superadmin', 'superadmin', '2019-01-01 00:00:00', '2019-01-01 00:00:00', 1),
('M20190101080000P331', 'P331', 1, '001', '2019', '1001', '0103', 'Manana_E1S0103', '5', '5B001', 'CARLOS  FONSECA RAMOS', '2019-01-01 00:00:00', 10000, 'Normal', 'superadmin', 'superadmin', '2019-01-01 00:00:00', '2019-01-01 00:00:00', 1),
('M20190101080000P332', 'P332', 1, '001', '2019', '1001', '0103', 'Manana_E1S0103', '5', '5B001', 'ANA MARIA HERRERA ROMERO', '2019-01-01 00:00:00', 10000, 'Normal', 'superadmin', 'superadmin', '2019-01-01 00:00:00', '2019-01-01 00:00:00', 1),
('M20190101080000P333', 'P333', 1, '001', '2019', '1001', '0103', 'Manana_E1S0103', '5', '5B001', 'DIANA CAROLINA MARTINEZ BECERRA', '2019-01-01 00:00:00', 10000, 'Normal', 'superadmin', 'superadmin', '2019-01-01 00:00:00', '2019-01-01 00:00:00', 1),
('M20190101080000P334', 'P334', 1, '001', '2019', '1001', '0103', 'Manana_E1S0103', '5', '5B001', 'ANGEL EDUARDO MARTINEZ MARTINEZ', '2019-01-01 00:00:00', 10000, 'Normal', 'superadmin', 'superadmin', '2019-01-01 00:00:00', '2019-01-01 00:00:00', 1),
('M20190101080000P335', 'P335', 1, '001', '2019', '1001', '0103', 'Manana_E1S0103', '5', '5B001', 'YUBANA ANDREA MEDINA BECERRA', '2019-01-01 00:00:00', 10000, 'Normal', 'superadmin', 'superadmin', '2019-01-01 00:00:00', '2019-01-01 00:00:00', 1),
('M20190101080000P336', 'P336', 1, '001', '2019', '1001', '0103', 'Manana_E1S0103', '5', '5B001', 'MATEO DE JESUS MENESES PANTOJA', '2019-01-01 00:00:00', 10000, 'Normal', 'superadmin', 'superadmin', '2019-01-01 00:00:00', '2019-01-01 00:00:00', 1),
('M20190101080000P337', 'P337', 1, '001', '2019', '1001', '0103', 'Manana_E1S0103', '5', '5B001', 'DAYLING ELENA ORDO?EZ VIDES', '2019-01-01 00:00:00', 10000, 'Normal', 'superadmin', 'superadmin', '2019-01-01 00:00:00', '2019-01-01 00:00:00', 1),
('M20190101080000P338', 'P338', 1, '001', '2019', '1001', '0103', 'Manana_E1S0103', '5', '5B001', 'ISAAC  OROZCO RAMIREZ', '2019-01-01 00:00:00', 10000, 'Normal', 'superadmin', 'superadmin', '2019-01-01 00:00:00', '2019-01-01 00:00:00', 1),
('M20190101080000P339', 'P339', 1, '001', '2019', '1001', '0103', 'Manana_E1S0103', '5', '5B001', 'GISSELLA PAOLA PANTOJA REDONDO', '2019-01-01 00:00:00', 10000, 'Normal', 'superadmin', 'superadmin', '2019-01-01 00:00:00', '2019-01-01 00:00:00', 1),
('M20190101080000P340', 'P340', 1, '001', '2019', '1001', '0103', 'Manana_E1S0103', '5', '5B001', 'KEINER  PANTOJA REDONDO', '2019-01-01 00:00:00', 10000, 'Normal', 'superadmin', 'superadmin', '2019-01-01 00:00:00', '2019-01-01 00:00:00', 1),
('M20190101080000P341', 'P341', 1, '001', '2019', '1001', '0103', 'Manana_E1S0103', '5', '5B001', 'CARLOS ARTURO RAMOS MARTINEZ', '2019-01-01 00:00:00', 10000, 'Normal', 'superadmin', 'superadmin', '2019-01-01 00:00:00', '2019-01-01 00:00:00', 1),
('M20190101080000P342', 'P342', 1, '001', '2019', '1001', '0103', 'Manana_E1S0103', '5', '5B001', 'DIEGO ARMANDO RODRIGUEZ BARRIOS', '2019-01-01 00:00:00', 10000, 'Normal', 'superadmin', 'superadmin', '2019-01-01 00:00:00', '2019-01-01 00:00:00', 1),
('M20190101080000P343', 'P343', 1, '001', '2019', '1001', '0103', 'Manana_E1S0103', '5', '5B001', 'KAREN JOHANA SANTANDER MARTINEZ', '2019-01-01 00:00:00', 10000, 'Normal', 'superadmin', 'superadmin', '2019-01-01 00:00:00', '2019-01-01 00:00:00', 1),
('M20190101080000P344', 'P344', 1, '001', '2019', '1001', '0103', 'Manana_E1S0103', '5', '5B001', 'KATHERIN JULIETH SANTANDER MARTINEZ', '2019-01-01 00:00:00', 10000, 'Normal', 'superadmin', 'superadmin', '2019-01-01 00:00:00', '2019-01-01 00:00:00', 1),
('M20190101080000P345', 'P345', 1, '001', '2019', '1001', '0103', 'Manana_E1S0103', '5', '5B001', 'MARIA LILA TAMARA RODRIGUEZ', '2019-01-01 00:00:00', 10000, 'Normal', 'superadmin', 'superadmin', '2019-01-01 00:00:00', '2019-01-01 00:00:00', 1),
('M20190101080000P346', 'P346', 1, '001', '2019', '1001', '0103', 'Manana_E1S0103', '5', '5B001', 'JESUS DAVID VALENCIA ALMANZA', '2019-01-01 00:00:00', 10000, 'Normal', 'superadmin', 'superadmin', '2019-01-01 00:00:00', '2019-01-01 00:00:00', 1),
('M20190101080000P347', 'P347', 1, '001', '2019', '1001', '0103', 'Manana_E1S0103', '5', '5B001', 'JONATHAN JOSE VILORIA SARAVIA', '2019-01-01 00:00:00', 10000, 'Normal', 'superadmin', 'superadmin', '2019-01-01 00:00:00', '2019-01-01 00:00:00', 1),
('M20190101080000P348', 'P348', 1, '002', '2019', '1002', '0101', 'Manana_E1S0101', '6', '6A002', 'DARIO JOSE ANGULO PADILLA', '2019-01-01 00:00:00', 10000, 'Normal', 'superadmin', 'superadmin', '2019-01-01 00:00:00', '2019-01-01 00:00:00', 1),
('M20190101080000P349', 'P349', 1, '002', '2019', '1002', '0101', 'Manana_E1S0101', '6', '6A002', 'MARIA JOSE ANILLO ESCORCIA', '2019-01-01 00:00:00', 10000, 'Normal', 'superadmin', 'superadmin', '2019-01-01 00:00:00', '2019-01-01 00:00:00', 1),
('M20190101080000P350', 'P350', 1, '002', '2019', '1002', '0101', 'Manana_E1S0101', '6', '6A002', 'DANIEL ENRIQUE BARRIOS MARQUEZ', '2019-01-01 00:00:00', 10000, 'Normal', 'superadmin', 'superadmin', '2019-01-01 00:00:00', '2019-01-01 00:00:00', 1),
('M20190101080000P351', 'P351', 1, '002', '2019', '1002', '0101', 'Manana_E1S0101', '6', '6A002', 'DANILO ANDRES BECERRA SANTANDER', '2019-01-01 00:00:00', 10000, 'Normal', 'superadmin', 'superadmin', '2019-01-01 00:00:00', '2019-01-01 00:00:00', 1),
('M20190101080000P352', 'P352', 1, '002', '2019', '1002', '0101', 'Manana_E1S0101', '6', '6A002', 'EMANUEL DAVID CAMACHO ALMANZA', '2019-01-01 00:00:00', 10000, 'Normal', 'superadmin', 'superadmin', '2019-01-01 00:00:00', '2019-01-01 00:00:00', 1),
('M20190101080000P353', 'P353', 1, '002', '2019', '1002', '0101', 'Manana_E1S0101', '6', '6A002', 'ALEXANDRA  CAMACHO GOMEZ', '2019-01-01 00:00:00', 10000, 'Normal', 'superadmin', 'superadmin', '2019-01-01 00:00:00', '2019-01-01 00:00:00', 1),
('M20190101080000P354', 'P354', 1, '002', '2019', '1002', '0101', 'Manana_E1S0101', '6', '6A002', 'AILYN ARIANA CERVERA RODRIGUEZ', '2019-01-01 00:00:00', 10000, 'Normal', 'superadmin', 'superadmin', '2019-01-01 00:00:00', '2019-01-01 00:00:00', 1),
('M20190101080000P355', 'P355', 1, '002', '2019', '1002', '0101', 'Manana_E1S0101', '6', '6A002', 'EVA SANDRITH DE LA HOZ PEREA', '2019-01-01 00:00:00', 10000, 'Normal', 'superadmin', 'superadmin', '2019-01-01 00:00:00', '2019-01-01 00:00:00', 1),
('M20190101080000P356', 'P356', 1, '002', '2019', '1002', '0101', 'Manana_E1S0101', '6', '6A002', 'PABLO ANDRES DELEON CARRE?O', '2019-01-01 00:00:00', 10000, 'Normal', 'superadmin', 'superadmin', '2019-01-01 00:00:00', '2019-01-01 00:00:00', 1),
('M20190101080000P357', 'P357', 1, '002', '2019', '1002', '0101', 'Manana_E1S0101', '6', '6A002', 'JOSE ALFREDO FONTALVO CAMARGO', '2019-01-01 00:00:00', 10000, 'Normal', 'superadmin', 'superadmin', '2019-01-01 00:00:00', '2019-01-01 00:00:00', 1),
('M20190101080000P358', 'P358', 1, '002', '2019', '1002', '0101', 'Manana_E1S0101', '6', '6A002', 'DELIMARYS  MARTINEZ MELGAREJO', '2019-01-01 00:00:00', 10000, 'Normal', 'superadmin', 'superadmin', '2019-01-01 00:00:00', '2019-01-01 00:00:00', 1),
('M20190101080000P359', 'P359', 1, '002', '2019', '1002', '0101', 'Manana_E1S0101', '6', '6A002', 'YURISA ANGELICA MARTINEZ MEDINA', '2019-01-01 00:00:00', 10000, 'Normal', 'superadmin', 'superadmin', '2019-01-01 00:00:00', '2019-01-01 00:00:00', 1),
('M20190101080000P360', 'P360', 1, '002', '2019', '1002', '0101', 'Manana_E1S0101', '6', '6A002', 'NOHEMY SARAY MELGAREJO VILLA', '2019-01-01 00:00:00', 10000, 'Normal', 'superadmin', 'superadmin', '2019-01-01 00:00:00', '2019-01-01 00:00:00', 1),
('M20190101080000P361', 'P361', 1, '002', '2019', '1002', '0101', 'Manana_E1S0101', '6', '6A002', 'RAFAEL JOSE MONSALVO CERVANTES', '2019-01-01 00:00:00', 10000, 'Normal', 'superadmin', 'superadmin', '2019-01-01 00:00:00', '2019-01-01 00:00:00', 1),
('M20190101080000P362', 'P362', 1, '002', '2019', '1002', '0101', 'Manana_E1S0101', '6', '6A002', 'ANTONI GABRIEL OROZCO TAPIAS', '2019-01-01 00:00:00', 10000, 'Normal', 'superadmin', 'superadmin', '2019-01-01 00:00:00', '2019-01-01 00:00:00', 1),
('M20190101080000P363', 'P363', 1, '002', '2019', '1002', '0101', 'Manana_E1S0101', '6', '6A002', 'GERARDO ANDRES OROZCO MU?IZ', '2019-01-01 00:00:00', 10000, 'Normal', 'superadmin', 'superadmin', '2019-01-01 00:00:00', '2019-01-01 00:00:00', 1),
('M20190101080000P364', 'P364', 1, '002', '2019', '1002', '0101', 'Manana_E1S0101', '6', '6A002', 'YARIETH JOHANA OSORIO MELGAREJO', '2019-01-01 00:00:00', 10000, 'Normal', 'superadmin', 'superadmin', '2019-01-01 00:00:00', '2019-01-01 00:00:00', 1),
('M20190101080000P365', 'P365', 1, '002', '2019', '1002', '0101', 'Manana_E1S0101', '6', '6A002', 'GILENYS SARAI PARRA MEDINA', '2019-01-01 00:00:00', 10000, 'Normal', 'superadmin', 'superadmin', '2019-01-01 00:00:00', '2019-01-01 00:00:00', 1),
('M20190101080000P366', 'P366', 1, '002', '2019', '1002', '0101', 'Manana_E1S0101', '6', '6A002', 'YULEIDYS JUDITH RUA MARQUEZ', '2019-01-01 00:00:00', 10000, 'Normal', 'superadmin', 'superadmin', '2019-01-01 00:00:00', '2019-01-01 00:00:00', 1),
('M20190101080000P367', 'P367', 1, '002', '2019', '1002', '0101', 'Manana_E1S0101', '6', '6A002', 'KARILIN JULIETH SANTANDER MEDINA', '2019-01-01 00:00:00', 10000, 'Normal', 'superadmin', 'superadmin', '2019-01-01 00:00:00', '2019-01-01 00:00:00', 1),
('M20190101080000P368', 'P368', 1, '002', '2019', '1002', '0101', 'Manana_E1S0101', '6', '6A002', 'LUIS ANGEL SAUMETH OBISPO', '2019-01-01 00:00:00', 10000, 'Normal', 'superadmin', 'superadmin', '2019-01-01 00:00:00', '2019-01-01 00:00:00', 1),
('M20190101080000P369', 'P369', 1, '002', '2019', '1002', '0101', 'Manana_E1S0101', '6', '6A002', 'JUAN DAVID SOSSA RODRIGUEZ', '2019-01-01 00:00:00', 10000, 'Normal', 'superadmin', 'superadmin', '2019-01-01 00:00:00', '2019-01-01 00:00:00', 1),
('M20190101080000P370', 'P370', 1, '002', '2019', '1002', '0101', 'Manana_E1S0101', '6', '6A002', 'JESUS MANUEL VALENCIA ALMANZA', '2019-01-01 00:00:00', 10000, 'Normal', 'superadmin', 'superadmin', '2019-01-01 00:00:00', '2019-01-01 00:00:00', 1),
('M20190101080000P371', 'P371', 1, '002', '2019', '1002', '0101', 'Manana_E1S0101', '6', '6B002', 'YOHALBERTH ALBERTO ALMANZA PI?ERO', '2019-01-01 00:00:00', 10000, 'Normal', 'superadmin', 'superadmin', '2019-01-01 00:00:00', '2019-01-01 00:00:00', 1),
('M20190101080000P372', 'P372', 1, '002', '2019', '1002', '0101', 'Manana_E1S0101', '6', '6B002', 'PAULA ANDREA BALLESTEROS GUTIERREZ', '2019-01-01 00:00:00', 10000, 'Normal', 'superadmin', 'superadmin', '2019-01-01 00:00:00', '2019-01-01 00:00:00', 1),
('M20190101080000P373', 'P373', 1, '002', '2019', '1002', '0101', 'Manana_E1S0101', '6', '6B002', 'DAYANIS  BARRAZA BECERRA', '2019-01-01 00:00:00', 10000, 'Normal', 'superadmin', 'superadmin', '2019-01-01 00:00:00', '2019-01-01 00:00:00', 1),
('M20190101080000P374', 'P374', 1, '002', '2019', '1002', '0101', 'Manana_E1S0101', '6', '6B002', 'ANYELIS PAOLA BARRIOS OROZCO', '2019-01-01 00:00:00', 10000, 'Normal', 'superadmin', 'superadmin', '2019-01-01 00:00:00', '2019-01-01 00:00:00', 1),
('M20190101080000P375', 'P375', 1, '002', '2019', '1002', '0101', 'Manana_E1S0101', '6', '6B002', 'ENDERSON SEGUNDO BOLA?O BOLA?O', '2019-01-01 00:00:00', 10000, 'Normal', 'superadmin', 'superadmin', '2019-01-01 00:00:00', '2019-01-01 00:00:00', 1),
('M20190101080000P376', 'P376', 1, '002', '2019', '1002', '0101', 'Manana_E1S0101', '6', '6B002', 'JOSE ARMANDO BOLA?O OROZCO', '2019-01-01 00:00:00', 10000, 'Normal', 'superadmin', 'superadmin', '2019-01-01 00:00:00', '2019-01-01 00:00:00', 1),
('M20190101080000P377', 'P377', 1, '002', '2019', '1002', '0101', 'Manana_E1S0101', '6', '6B002', 'YERENIS JOHANA BOLA?O DE HOYOS', '2019-01-01 00:00:00', 10000, 'Normal', 'superadmin', 'superadmin', '2019-01-01 00:00:00', '2019-01-01 00:00:00', 1),
('M20190101080000P378', 'P378', 1, '002', '2019', '1002', '0101', 'Manana_E1S0101', '6', '6B002', 'ERICK DE JESUS CAMARGO RUIZ', '2019-01-01 00:00:00', 10000, 'Normal', 'superadmin', 'superadmin', '2019-01-01 00:00:00', '2019-01-01 00:00:00', 1),
('M20190101080000P379', 'P379', 1, '002', '2019', '1002', '0101', 'Manana_E1S0101', '6', '6B002', 'JOEL DAVID DE LA BARRERA ALMANZA', '2019-01-01 00:00:00', 10000, 'Normal', 'superadmin', 'superadmin', '2019-01-01 00:00:00', '2019-01-01 00:00:00', 1),
('M20190101080000P380', 'P380', 1, '002', '2019', '1002', '0101', 'Manana_E1S0101', '6', '6B002', 'CAMILA PATRICIA DE LEON PERTUZ', '2019-01-01 00:00:00', 10000, 'Normal', 'superadmin', 'superadmin', '2019-01-01 00:00:00', '2019-01-01 00:00:00', 1),
('M20190101080000P381', 'P381', 1, '002', '2019', '1002', '0101', 'Manana_E1S0101', '6', '6B002', 'ADRIANA MARCELA DE LEON BARIOS', '2019-01-01 00:00:00', 10000, 'Normal', 'superadmin', 'superadmin', '2019-01-01 00:00:00', '2019-01-01 00:00:00', 1),
('M20190101080000P382', 'P382', 1, '002', '2019', '1002', '0101', 'Manana_E1S0101', '6', '6B002', 'OSCAR DAVID DIAZ OROZCO', '2019-01-01 00:00:00', 10000, 'Normal', 'superadmin', 'superadmin', '2019-01-01 00:00:00', '2019-01-01 00:00:00', 1),
('M20190101080000P383', 'P383', 1, '002', '2019', '1002', '0101', 'Manana_E1S0101', '6', '6B002', 'EDUAR JOSE GUERRERO JIMENEZ', '2019-01-01 00:00:00', 10000, 'Normal', 'superadmin', 'superadmin', '2019-01-01 00:00:00', '2019-01-01 00:00:00', 1),
('M20190101080000P384', 'P384', 1, '002', '2019', '1002', '0101', 'Manana_E1S0101', '6', '6B002', 'LUIS MARIO GUTIERREZ BROCHERO', '2019-01-01 00:00:00', 10000, 'Normal', 'superadmin', 'superadmin', '2019-01-01 00:00:00', '2019-01-01 00:00:00', 1),
('M20190101080000P385', 'P385', 1, '002', '2019', '1002', '0101', 'Manana_E1S0101', '6', '6B002', 'EPARQUIO  GUTIERREZ CARDENAS', '2019-01-01 00:00:00', 10000, 'Normal', 'superadmin', 'superadmin', '2019-01-01 00:00:00', '2019-01-01 00:00:00', 1),
('M20190101080000P386', 'P386', 1, '002', '2019', '1002', '0101', 'Manana_E1S0101', '6', '6B002', 'JAIRO ALFONSO JIMENEZ GAMEZ', '2019-01-01 00:00:00', 10000, 'Normal', 'superadmin', 'superadmin', '2019-01-01 00:00:00', '2019-01-01 00:00:00', 1),
('M20190101080000P387', 'P387', 1, '002', '2019', '1002', '0101', 'Manana_E1S0101', '6', '6B002', 'LUIS MANUEL MARTINEZ MELGAREJO', '2019-01-01 00:00:00', 10000, 'Normal', 'superadmin', 'superadmin', '2019-01-01 00:00:00', '2019-01-01 00:00:00', 1),
('M20190101080000P388', 'P388', 1, '002', '2019', '1002', '0101', 'Manana_E1S0101', '6', '6B002', 'YEISON ANDRES MEDINA BECERRA', '2019-01-01 00:00:00', 10000, 'Normal', 'superadmin', 'superadmin', '2019-01-01 00:00:00', '2019-01-01 00:00:00', 1),
('M20190101080000P389', 'P389', 1, '002', '2019', '1002', '0101', 'Manana_E1S0101', '6', '6B002', 'YEISIREE DEL CARMEN OROZCO TEHERAN', '2019-01-01 00:00:00', 10000, 'Normal', 'superadmin', 'superadmin', '2019-01-01 00:00:00', '2019-01-01 00:00:00', 1),
('M20190101080000P390', 'P390', 1, '002', '2019', '1002', '0101', 'Manana_E1S0101', '6', '6B002', 'DEINER JOSE OSORIO ARIZA', '2019-01-01 00:00:00', 10000, 'Normal', 'superadmin', 'superadmin', '2019-01-01 00:00:00', '2019-01-01 00:00:00', 1),
('M20190101080000P391', 'P391', 1, '002', '2019', '1002', '0101', 'Manana_E1S0101', '6', '6B002', 'ASMIL MICHEL PEREA BENITEZ', '2019-01-01 00:00:00', 10000, 'Normal', 'superadmin', 'superadmin', '2019-01-01 00:00:00', '2019-01-01 00:00:00', 1),
('M20190101080000P392', 'P392', 1, '002', '2019', '1002', '0101', 'Manana_E1S0101', '6', '6B002', 'NICOOL ANDREA RODRIGUEZ BECERRA', '2019-01-01 00:00:00', 10000, 'Normal', 'superadmin', 'superadmin', '2019-01-01 00:00:00', '2019-01-01 00:00:00', 1),
('M20190101080000P393', 'P393', 1, '002', '2019', '1002', '0101', 'Manana_E1S0101', '6', '6B002', 'KATERINE DEL AMPARO SANTANDER OROZCO', '2019-01-01 00:00:00', 10000, 'Normal', 'superadmin', 'superadmin', '2019-01-01 00:00:00', '2019-01-01 00:00:00', 1),
('M20190101080000P394', 'P394', 1, '002', '2019', '1002', '0101', 'Manana_E1S0101', '6', '6B002', 'CLAUDIA VANESSA SOSSA RODRIGUEZ', '2019-01-01 00:00:00', 10000, 'Normal', 'superadmin', 'superadmin', '2019-01-01 00:00:00', '2019-01-01 00:00:00', 1),
('M20190101080000P395', 'P395', 1, '002', '2019', '1002', '0101', 'Manana_E1S0101', '6', '6B002', 'MARTIN JOSE VASQUEZ SANTANDER', '2019-01-01 00:00:00', 10000, 'Normal', 'superadmin', 'superadmin', '2019-01-01 00:00:00', '2019-01-01 00:00:00', 1),
('M20190101080000P396', 'P396', 1, '002', '2019', '1002', '0101', 'Manana_E1S0101', '6', '6B002', 'ALEXANDER RAFAEL VILLA TAPIAS', '2019-01-01 00:00:00', 10000, 'Normal', 'superadmin', 'superadmin', '2019-01-01 00:00:00', '2019-01-01 00:00:00', 1),
('M20190101080000P397', 'P397', 1, '002', '2019', '1002', '0101', 'Manana_E1S0101', '6', '6B002', 'CRISTIAN JESUS VILLA BECERRA', '2019-01-01 00:00:00', 10000, 'Normal', 'superadmin', 'superadmin', '2019-01-01 00:00:00', '2019-01-01 00:00:00', 1),
('M20190101080000P398', 'P398', 1, '002', '2019', '1002', '0101', 'Manana_E1S0101', '6', '6B002', 'ANDREA PATRICIA VILORIA ALMANZA', '2019-01-01 00:00:00', 10000, 'Normal', 'superadmin', 'superadmin', '2019-01-01 00:00:00', '2019-01-01 00:00:00', 1),
('M20190101080000P399', 'P399', 1, '002', '2019', '1002', '0101', 'Manana_E1S0101', '6', '6B002', 'YESID JOSE ZABALETA RIVERA', '2019-01-01 00:00:00', 10000, 'Normal', 'superadmin', 'superadmin', '2019-01-01 00:00:00', '2019-01-01 00:00:00', 1),
('M20190101080000P400', 'P400', 1, '002', '2019', '1002', '0101', 'Manana_E1S0101', '6', '6B002', 'MARIA ALEJANDRA ZABALETA MARTINEZ', '2019-01-01 00:00:00', 10000, 'Normal', 'superadmin', 'superadmin', '2019-01-01 00:00:00', '2019-01-01 00:00:00', 1),
('M20190101080000P401', 'P401', 1, '002', '2019', '1002', '0101', 'Manana_E1S0101', '7', '7A002', 'DAVID JOSE ALMANZA GARCIA', '2019-01-01 00:00:00', 10000, 'Normal', 'superadmin', 'superadmin', '2019-01-01 00:00:00', '2019-01-01 00:00:00', 1),
('M20190101080000P402', 'P402', 1, '002', '2019', '1002', '0101', 'Manana_E1S0101', '7', '7A002', 'NATALIA MARIA ALMANZA PALMERA', '2019-01-01 00:00:00', 10000, 'Normal', 'superadmin', 'superadmin', '2019-01-01 00:00:00', '2019-01-01 00:00:00', 1),
('M20190101080000P403', 'P403', 1, '002', '2019', '1002', '0101', 'Manana_E1S0101', '7', '7A002', 'JHOINER DUVAN ALMANZA ORDO?EZ', '2019-01-01 00:00:00', 10000, 'Normal', 'superadmin', 'superadmin', '2019-01-01 00:00:00', '2019-01-01 00:00:00', 1),
('M20190101080000P404', 'P404', 1, '002', '2019', '1002', '0101', 'Manana_E1S0101', '7', '7A002', 'YENDERSON DAVID BALLESTEROS BOLA?O', '2019-01-01 00:00:00', 10000, 'Normal', 'superadmin', 'superadmin', '2019-01-01 00:00:00', '2019-01-01 00:00:00', 1),
('M20190101080000P405', 'P405', 1, '002', '2019', '1002', '0101', 'Manana_E1S0101', '7', '7A002', 'ROMARIO ALBERTO BARRIOS GARCIA', '2019-01-01 00:00:00', 10000, 'Normal', 'superadmin', 'superadmin', '2019-01-01 00:00:00', '2019-01-01 00:00:00', 1),
('M20190101080000P406', 'P406', 1, '002', '2019', '1002', '0101', 'Manana_E1S0101', '7', '7A002', 'JOSE MARIO BARRIOS GUERRERO', '2019-01-01 00:00:00', 10000, 'Normal', 'superadmin', 'superadmin', '2019-01-01 00:00:00', '2019-01-01 00:00:00', 1),
('M20190101080000P407', 'P407', 1, '002', '2019', '1002', '0101', 'Manana_E1S0101', '7', '7A002', 'YEISON JADER BARRIOS DE LEON', '2019-01-01 00:00:00', 10000, 'Normal', 'superadmin', 'superadmin', '2019-01-01 00:00:00', '2019-01-01 00:00:00', 1),
('M20190101080000P408', 'P408', 1, '002', '2019', '1002', '0101', 'Manana_E1S0101', '7', '7A002', 'SULAY ELENA BARRIOS BOLA?O', '2019-01-01 00:00:00', 10000, 'Normal', 'superadmin', 'superadmin', '2019-01-01 00:00:00', '2019-01-01 00:00:00', 1),
('M20190101080000P409', 'P409', 1, '002', '2019', '1002', '0101', 'Manana_E1S0101', '7', '7A002', 'GERALDINE  BELE?O LOZANO', '2019-01-01 00:00:00', 10000, 'Normal', 'superadmin', 'superadmin', '2019-01-01 00:00:00', '2019-01-01 00:00:00', 1),
('M20190101080000P410', 'P410', 1, '002', '2019', '1002', '0101', 'Manana_E1S0101', '7', '7A002', 'MELISSA DEL CARMEN BENITEZ MARTINEZ', '2019-01-01 00:00:00', 10000, 'Normal', 'superadmin', 'superadmin', '2019-01-01 00:00:00', '2019-01-01 00:00:00', 1),
('M20190101080000P411', 'P411', 1, '002', '2019', '1002', '0101', 'Manana_E1S0101', '7', '7A002', 'MARIA JOSE BOLA?O BOLA?O', '2019-01-01 00:00:00', 10000, 'Normal', 'superadmin', 'superadmin', '2019-01-01 00:00:00', '2019-01-01 00:00:00', 1),
('M20190101080000P412', 'P412', 1, '002', '2019', '1002', '0101', 'Manana_E1S0101', '7', '7A002', 'PEDRO JOSE CAMACHO HERNANDEZ', '2019-01-01 00:00:00', 10000, 'Normal', 'superadmin', 'superadmin', '2019-01-01 00:00:00', '2019-01-01 00:00:00', 1),
('M20190101080000P413', 'P413', 1, '002', '2019', '1002', '0101', 'Manana_E1S0101', '7', '7A002', 'JESUS DAVID CANAVAL RAMIREZ', '2019-01-01 00:00:00', 10000, 'Normal', 'superadmin', 'superadmin', '2019-01-01 00:00:00', '2019-01-01 00:00:00', 1),
('M20190101080000P414', 'P414', 1, '002', '2019', '1002', '0101', 'Manana_E1S0101', '7', '7A002', 'KEINER DE JESUS CARRE?O RUA', '2019-01-01 00:00:00', 10000, 'Normal', 'superadmin', 'superadmin', '2019-01-01 00:00:00', '2019-01-01 00:00:00', 1),
('M20190101080000P415', 'P415', 1, '002', '2019', '1002', '0101', 'Manana_E1S0101', '7', '7A002', 'IVANNA MARIA FONSECA ALMANZA', '2019-01-01 00:00:00', 10000, 'Normal', 'superadmin', 'superadmin', '2019-01-01 00:00:00', '2019-01-01 00:00:00', 1),
('M20190101080000P416', 'P416', 1, '002', '2019', '1002', '0101', 'Manana_E1S0101', '7', '7A002', 'ELIANA PAOLA GARCIA FINOL', '2019-01-01 00:00:00', 10000, 'Normal', 'superadmin', 'superadmin', '2019-01-01 00:00:00', '2019-01-01 00:00:00', 1),
('M20190101080000P417', 'P417', 1, '002', '2019', '1002', '0101', 'Manana_E1S0101', '7', '7A002', 'JULIANA BEATRIZ GONZALEZ CAMARGO', '2019-01-01 00:00:00', 10000, 'Normal', 'superadmin', 'superadmin', '2019-01-01 00:00:00', '2019-01-01 00:00:00', 1),
('M20190101080000P418', 'P418', 1, '002', '2019', '1002', '0101', 'Manana_E1S0101', '7', '7A002', 'YERENIS ELENA LAFAURIE SANTANDER', '2019-01-01 00:00:00', 10000, 'Normal', 'superadmin', 'superadmin', '2019-01-01 00:00:00', '2019-01-01 00:00:00', 1),
('M20190101080000P419', 'P419', 1, '002', '2019', '1002', '0101', 'Manana_E1S0101', '7', '7A002', 'ODETH DAYANA LOZANO CAMARGO', '2019-01-01 00:00:00', 10000, 'Normal', 'superadmin', 'superadmin', '2019-01-01 00:00:00', '2019-01-01 00:00:00', 1),
('M20190101080000P420', 'P420', 1, '002', '2019', '1002', '0101', 'Manana_E1S0101', '7', '7A002', 'ROGER ANDRES MARTINEZ JIMENEZ', '2019-01-01 00:00:00', 10000, 'Normal', 'superadmin', 'superadmin', '2019-01-01 00:00:00', '2019-01-01 00:00:00', 1),
('M20190101080000P421', 'P421', 1, '002', '2019', '1002', '0101', 'Manana_E1S0101', '7', '7A002', 'ALBERTO MARIO MEDINA MEDINA', '2019-01-01 00:00:00', 10000, 'Normal', 'superadmin', 'superadmin', '2019-01-01 00:00:00', '2019-01-01 00:00:00', 1),
('M20190101080000P422', 'P422', 1, '002', '2019', '1002', '0101', 'Manana_E1S0101', '7', '7A002', 'EYLENEN FRANKCHESKA MOLINA BERMUDEZ', '2019-01-01 00:00:00', 10000, 'Normal', 'superadmin', 'superadmin', '2019-01-01 00:00:00', '2019-01-01 00:00:00', 1),
('M20190101080000P423', 'P423', 1, '002', '2019', '1002', '0101', 'Manana_E1S0101', '7', '7A002', 'ROSAURA MARINA NAVARRO CAMARGO', '2019-01-01 00:00:00', 10000, 'Normal', 'superadmin', 'superadmin', '2019-01-01 00:00:00', '2019-01-01 00:00:00', 1),
('M20190101080000P424', 'P424', 1, '002', '2019', '1002', '0101', 'Manana_E1S0101', '7', '7A002', 'DAYERLIS  OROZCO ALMANZA', '2019-01-01 00:00:00', 10000, 'Normal', 'superadmin', 'superadmin', '2019-01-01 00:00:00', '2019-01-01 00:00:00', 1),
('M20190101080000P425', 'P425', 1, '002', '2019', '1002', '0101', 'Manana_E1S0101', '7', '7A002', 'YEISIREE DEL CARMEN OROZCO TERAN', '2019-01-01 00:00:00', 10000, 'Normal', 'superadmin', 'superadmin', '2019-01-01 00:00:00', '2019-01-01 00:00:00', 1),
('M20190101080000P426', 'P426', 1, '002', '2019', '1002', '0101', 'Manana_E1S0101', '7', '7A002', 'NAYERLIS  OSPINO MATAMORO', '2019-01-01 00:00:00', 10000, 'Normal', 'superadmin', 'superadmin', '2019-01-01 00:00:00', '2019-01-01 00:00:00', 1),
('M20190101080000P427', 'P427', 1, '002', '2019', '1002', '0101', 'Manana_E1S0101', '7', '7A002', 'WENDY MARIA PAEZ CAMACHO', '2019-01-01 00:00:00', 10000, 'Normal', 'superadmin', 'superadmin', '2019-01-01 00:00:00', '2019-01-01 00:00:00', 1),
('M20190101080000P428', 'P428', 1, '002', '2019', '1002', '0101', 'Manana_E1S0101', '7', '7A002', 'LAURA VANESSA POLO OSORIO', '2019-01-01 00:00:00', 10000, 'Normal', 'superadmin', 'superadmin', '2019-01-01 00:00:00', '2019-01-01 00:00:00', 1),
('M20190101080000P429', 'P429', 1, '002', '2019', '1002', '0101', 'Manana_E1S0101', '7', '7A002', 'STIVEN JOSE ROMERO VALENCIA', '2019-01-01 00:00:00', 10000, 'Normal', 'superadmin', 'superadmin', '2019-01-01 00:00:00', '2019-01-01 00:00:00', 1),
('M20190101080000P430', 'P430', 1, '002', '2019', '1002', '0101', 'Manana_E1S0101', '7', '7A002', 'MILLER DAVID SALTARIN MARTINEZ', '2019-01-01 00:00:00', 10000, 'Normal', 'superadmin', 'superadmin', '2019-01-01 00:00:00', '2019-01-01 00:00:00', 1),
('M20190101080000P431', 'P431', 1, '002', '2019', '1002', '0101', 'Manana_E1S0101', '7', '7A002', 'KARLA PATRICIA SANTANDER MARTINEZ', '2019-01-01 00:00:00', 10000, 'Normal', 'superadmin', 'superadmin', '2019-01-01 00:00:00', '2019-01-01 00:00:00', 1),
('M20190101080000P432', 'P432', 1, '002', '2019', '1002', '0101', 'Manana_E1S0101', '7', '7A002', 'DANIELA ALEJANDRA SILVA GONZALEZ', '2019-01-01 00:00:00', 10000, 'Normal', 'superadmin', 'superadmin', '2019-01-01 00:00:00', '2019-01-01 00:00:00', 1),
('M20190101080000P433', 'P433', 1, '002', '2019', '1002', '0101', 'Manana_E1S0101', '7', '7A002', 'ARES XANDER TOLOSA CANTILLO', '2019-01-01 00:00:00', 10000, 'Normal', 'superadmin', 'superadmin', '2019-01-01 00:00:00', '2019-01-01 00:00:00', 1),
('M20190101080000P434', 'P434', 1, '002', '2019', '1002', '0101', 'Manana_E1S0101', '7', '7A002', 'ANA ROSA TORRES OROZCO', '2019-01-01 00:00:00', 10000, 'Normal', 'superadmin', 'superadmin', '2019-01-01 00:00:00', '2019-01-01 00:00:00', 1),
('M20190101080000P435', 'P435', 1, '002', '2019', '1002', '0101', 'Manana_E1S0101', '7', '7A002', 'MAURICIO DE JESUS VALENCIA BECERRA', '2019-01-01 00:00:00', 10000, 'Normal', 'superadmin', 'superadmin', '2019-01-01 00:00:00', '2019-01-01 00:00:00', 1),
('M20190101080000P436', 'P436', 1, '002', '2019', '1002', '0101', 'Manana_E1S0101', '7', '7A002', 'WILMAR SEGUNDO VALENCIA DE LA HOZ', '2019-01-01 00:00:00', 10000, 'Normal', 'superadmin', 'superadmin', '2019-01-01 00:00:00', '2019-01-01 00:00:00', 1),
('M20190101080000P437', 'P437', 1, '002', '2019', '1002', '0101', 'Manana_E1S0101', '7', '7A002', 'ALFONSO JOSE VILLAMIL CERVANTES', '2019-01-01 00:00:00', 10000, 'Normal', 'superadmin', 'superadmin', '2019-01-01 00:00:00', '2019-01-01 00:00:00', 1),
('M20190101080000P438', 'P438', 1, '002', '2019', '1002', '0101', 'Manana_E1S0101', '7', '7B002', 'JONATHAN  ALVIAREZ FONSECA', '2019-01-01 00:00:00', 10000, 'Normal', 'superadmin', 'superadmin', '2019-01-01 00:00:00', '2019-01-01 00:00:00', 1),
('M20190101080000P439', 'P439', 1, '002', '2019', '1002', '0101', 'Manana_E1S0101', '7', '7B002', 'DILSON JOSE ARAGON CARRE?O', '2019-01-01 00:00:00', 10000, 'Normal', 'superadmin', 'superadmin', '2019-01-01 00:00:00', '2019-01-01 00:00:00', 1),
('M20190101080000P440', 'P440', 1, '002', '2019', '1002', '0101', 'Manana_E1S0101', '7', '7B002', 'ARMANDO DE JESUS ARAGON CARRE?O', '2019-01-01 00:00:00', 10000, 'Normal', 'superadmin', 'superadmin', '2019-01-01 00:00:00', '2019-01-01 00:00:00', 1),
('M20190101080000P441', 'P441', 1, '002', '2019', '1002', '0101', 'Manana_E1S0101', '7', '7B002', 'JOSE MARIO BARRIO GUERRERO', '2019-01-01 00:00:00', 10000, 'Normal', 'superadmin', 'superadmin', '2019-01-01 00:00:00', '2019-01-01 00:00:00', 1),
('M20190101080000P442', 'P442', 1, '002', '2019', '1002', '0101', 'Manana_E1S0101', '7', '7B002', 'CARLOS ROBERTO BOLA?O CERVERA', '2019-01-01 00:00:00', 10000, 'Normal', 'superadmin', 'superadmin', '2019-01-01 00:00:00', '2019-01-01 00:00:00', 1),
('M20190101080000P443', 'P443', 1, '002', '2019', '1002', '0101', 'Manana_E1S0101', '7', '7B002', 'SHARIK JOHANA BOLA?O DE HOYOS', '2019-01-01 00:00:00', 10000, 'Normal', 'superadmin', 'superadmin', '2019-01-01 00:00:00', '2019-01-01 00:00:00', 1),
('M20190101080000P444', 'P444', 1, '002', '2019', '1002', '0101', 'Manana_E1S0101', '7', '7B002', 'LUIS ALBERTO BOLA?O REALES', '2019-01-01 00:00:00', 10000, 'Normal', 'superadmin', 'superadmin', '2019-01-01 00:00:00', '2019-01-01 00:00:00', 1),
('M20190101080000P445', 'P445', 1, '002', '2019', '1002', '0101', 'Manana_E1S0101', '7', '7B002', 'NORELYS  CAMACHO ALMANZA', '2019-01-01 00:00:00', 10000, 'Normal', 'superadmin', 'superadmin', '2019-01-01 00:00:00', '2019-01-01 00:00:00', 1),
('M20190101080000P446', 'P446', 1, '002', '2019', '1002', '0101', 'Manana_E1S0101', '7', '7B002', 'VALENTINA  CAMACHO GUERRERO', '2019-01-01 00:00:00', 10000, 'Normal', 'superadmin', 'superadmin', '2019-01-01 00:00:00', '2019-01-01 00:00:00', 1),
('M20190101080000P447', 'P447', 1, '002', '2019', '1002', '0101', 'Manana_E1S0101', '7', '7B002', 'CARLOS JAVIERX CANDANOZA MARTINEZ', '2019-01-01 00:00:00', 10000, 'Normal', 'superadmin', 'superadmin', '2019-01-01 00:00:00', '2019-01-01 00:00:00', 1),
('M20190101080000P448', 'P448', 1, '002', '2019', '1002', '0101', 'Manana_E1S0101', '7', '7B002', 'CARLOS JAVIER CANDANOZA MARTINEZ', '2019-01-01 00:00:00', 10000, 'Normal', 'superadmin', 'superadmin', '2019-01-01 00:00:00', '2019-01-01 00:00:00', 1),
('M20190101080000P449', 'P449', 1, '002', '2019', '1002', '0101', 'Manana_E1S0101', '7', '7B002', 'EINER JOSECC COLONA CASTILLO', '2019-01-01 00:00:00', 10000, 'Normal', 'superadmin', 'superadmin', '2019-01-01 00:00:00', '2019-01-01 00:00:00', 1),
('M20190101080000P450', 'P450', 1, '002', '2019', '1002', '0101', 'Manana_E1S0101', '7', '7B002', 'SANDRA MILENA CUETO POLO', '2019-01-01 00:00:00', 10000, 'Normal', 'superadmin', 'superadmin', '2019-01-01 00:00:00', '2019-01-01 00:00:00', 1),
('M20190101080000P451', 'P451', 1, '002', '2019', '1002', '0101', 'Manana_E1S0101', '7', '7B002', 'ADRIAN DAVID DE LEON BARRIOS', '2019-01-01 00:00:00', 10000, 'Normal', 'superadmin', 'superadmin', '2019-01-01 00:00:00', '2019-01-01 00:00:00', 1),
('M20190101080000P452', 'P452', 1, '002', '2019', '1002', '0101', 'Manana_E1S0101', '7', '7B002', 'PAULA ANDREA GAMEZ ALMANZA', '2019-01-01 00:00:00', 10000, 'Normal', 'superadmin', 'superadmin', '2019-01-01 00:00:00', '2019-01-01 00:00:00', 1),
('M20190101080000P453', 'P453', 1, '002', '2019', '1002', '0101', 'Manana_E1S0101', '7', '7B002', 'SARA EDITH MARQUEZ CARDENAS', '2019-01-01 00:00:00', 10000, 'Normal', 'superadmin', 'superadmin', '2019-01-01 00:00:00', '2019-01-01 00:00:00', 1),
('M20190101080000P454', 'P454', 1, '002', '2019', '1002', '0101', 'Manana_E1S0101', '7', '7B002', 'ALCIDES DAVID MEDINA CANTILLO', '2019-01-01 00:00:00', 10000, 'Normal', 'superadmin', 'superadmin', '2019-01-01 00:00:00', '2019-01-01 00:00:00', 1),
('M20190101080000P455', 'P455', 1, '002', '2019', '1002', '0101', 'Manana_E1S0101', '7', '7B002', 'CAMILO ANDRES MEDINA SANTANDER', '2019-01-01 00:00:00', 10000, 'Normal', 'superadmin', 'superadmin', '2019-01-01 00:00:00', '2019-01-01 00:00:00', 1),
('M20190101080000P456', 'P456', 1, '002', '2019', '1002', '0101', 'Manana_E1S0101', '7', '7B002', 'YETSIBEL ANDREA OROZCO TEHERAN', '2019-01-01 00:00:00', 10000, 'Normal', 'superadmin', 'superadmin', '2019-01-01 00:00:00', '2019-01-01 00:00:00', 1),
('M20190101080000P457', 'P457', 1, '002', '2019', '1002', '0101', 'Manana_E1S0101', '7', '7B002', 'YETSIBEL ANDREA OROZCO TERAN', '2019-01-01 00:00:00', 10000, 'Normal', 'superadmin', 'superadmin', '2019-01-01 00:00:00', '2019-01-01 00:00:00', 1),
('M20190101080000P458', 'P458', 1, '002', '2019', '1002', '0101', 'Manana_E1S0101', '7', '7B002', 'HOLLMAN JUNIOR QUINTANA MARTINEZ', '2019-01-01 00:00:00', 10000, 'Normal', 'superadmin', 'superadmin', '2019-01-01 00:00:00', '2019-01-01 00:00:00', 1),
('M20190101080000P459', 'P459', 1, '002', '2019', '1002', '0101', 'Manana_E1S0101', '7', '7B002', 'RICARDO ALFONSO RODRIGUEZ CARDENAS', '2019-01-01 00:00:00', 10000, 'Normal', 'superadmin', 'superadmin', '2019-01-01 00:00:00', '2019-01-01 00:00:00', 1),
('M20190101080000P460', 'P460', 1, '002', '2019', '1002', '0101', 'Manana_E1S0101', '7', '7B002', 'LIZANDRO ANTONIO ROMERO VALENCIA', '2019-01-01 00:00:00', 10000, 'Normal', 'superadmin', 'superadmin', '2019-01-01 00:00:00', '2019-01-01 00:00:00', 1),
('M20190101080000P461', 'P461', 1, '002', '2019', '1002', '0101', 'Manana_E1S0101', '7', '7B002', 'CHERYL PATRICIA RUIZ BOLA?O', '2019-01-01 00:00:00', 10000, 'Normal', 'superadmin', 'superadmin', '2019-01-01 00:00:00', '2019-01-01 00:00:00', 1),
('M20190101080000P462', 'P462', 1, '002', '2019', '1002', '0101', 'Manana_E1S0101', '7', '7B002', 'ANDRES FELIPE SANTANDER OCHOA', '2019-01-01 00:00:00', 10000, 'Normal', 'superadmin', 'superadmin', '2019-01-01 00:00:00', '2019-01-01 00:00:00', 1),
('M20190101080000P463', 'P463', 1, '002', '2019', '1002', '0101', 'Manana_E1S0101', '7', '7B002', 'JUANA PRISCILA VILLA CERVANTES', '2019-01-01 00:00:00', 10000, 'Normal', 'superadmin', 'superadmin', '2019-01-01 00:00:00', '2019-01-01 00:00:00', 1),
('M20190101080000P464', 'P464', 1, '002', '2019', '1002', '0101', 'Manana_E1S0101', '7', '7B002', 'FABIAN  YEPES PADILLA', '2019-01-01 00:00:00', 10000, 'Normal', 'superadmin', 'superadmin', '2019-01-01 00:00:00', '2019-01-01 00:00:00', 1),
('M20190101080000P465', 'P465', 1, '002', '2019', '1002', '0101', 'Manana_E1S0101', '7', '7B002', 'ANYIS PAOLA ZABALETA AHUMADA', '2019-01-01 00:00:00', 10000, 'Normal', 'superadmin', 'superadmin', '2019-01-01 00:00:00', '2019-01-01 00:00:00', 1),
('M20190101080000P466', 'P466', 1, '002', '2019', '1002', '0101', 'Manana_E1S0101', '8', '8A002', 'GABRIEL HERNANDO ALMANZA RUIZ', '2019-01-01 00:00:00', 10000, 'Normal', 'superadmin', 'superadmin', '2019-01-01 00:00:00', '2019-01-01 00:00:00', 1),
('M20190101080000P467', 'P467', 1, '002', '2019', '1002', '0101', 'Manana_E1S0101', '8', '8A002', 'LEONIDAS ANDRES ALMANZA BECERRA', '2019-01-01 00:00:00', 10000, 'Normal', 'superadmin', 'superadmin', '2019-01-01 00:00:00', '2019-01-01 00:00:00', 1),
('M20190101080000P468', 'P468', 1, '002', '2019', '1002', '0101', 'Manana_E1S0101', '8', '8A002', 'KEINER DAVID ALMANZA ORDO?EZ', '2019-01-01 00:00:00', 10000, 'Normal', 'superadmin', 'superadmin', '2019-01-01 00:00:00', '2019-01-01 00:00:00', 1),
('M20190101080000P469', 'P469', 1, '002', '2019', '1002', '0101', 'Manana_E1S0101', '8', '8A002', 'IVAN RAMON ALMANZA LINARES', '2019-01-01 00:00:00', 10000, 'Normal', 'superadmin', 'superadmin', '2019-01-01 00:00:00', '2019-01-01 00:00:00', 1),
('M20190101080000P470', 'P470', 1, '002', '2019', '1002', '0101', 'Manana_E1S0101', '8', '8A002', 'ADRIANA LUCIA BARRIOS FONTALVO', '2019-01-01 00:00:00', 10000, 'Normal', 'superadmin', 'superadmin', '2019-01-01 00:00:00', '2019-01-01 00:00:00', 1),
('M20190101080000P471', 'P471', 1, '002', '2019', '1002', '0101', 'Manana_E1S0101', '8', '8A002', 'ANA SHARID BARRIOS DE LE?N', '2019-01-01 00:00:00', 10000, 'Normal', 'superadmin', 'superadmin', '2019-01-01 00:00:00', '2019-01-01 00:00:00', 1),
('M20190101080000P472', 'P472', 1, '002', '2019', '1002', '0101', 'Manana_E1S0101', '8', '8A002', 'MARIA ISABEL BARRIOS MADRID', '2019-01-01 00:00:00', 10000, 'Normal', 'superadmin', 'superadmin', '2019-01-01 00:00:00', '2019-01-01 00:00:00', 1),
('M20190101080000P473', 'P473', 1, '002', '2019', '1002', '0101', 'Manana_E1S0101', '8', '8A002', 'DIOSA  BOLA?O TORRES', '2019-01-01 00:00:00', 10000, 'Normal', 'superadmin', 'superadmin', '2019-01-01 00:00:00', '2019-01-01 00:00:00', 1),
('M20190101080000P474', 'P474', 1, '002', '2019', '1002', '0101', 'Manana_E1S0101', '8', '8A002', 'LUIS ALBERTO CONTRERAS BOLA?O', '2019-01-01 00:00:00', 10000, 'Normal', 'superadmin', 'superadmin', '2019-01-01 00:00:00', '2019-01-01 00:00:00', 1),
('M20190101080000P475', 'P475', 1, '002', '2019', '1002', '0101', 'Manana_E1S0101', '8', '8A002', 'YISANA DEL CARMEN CUETO BOLA?O', '2019-01-01 00:00:00', 10000, 'Normal', 'superadmin', 'superadmin', '2019-01-01 00:00:00', '2019-01-01 00:00:00', 1),
('M20190101080000P476', 'P476', 1, '002', '2019', '1002', '0101', 'Manana_E1S0101', '8', '8A002', 'YANIRIS CAROLINA DE LA HOZ PEREA', '2019-01-01 00:00:00', 10000, 'Normal', 'superadmin', 'superadmin', '2019-01-01 00:00:00', '2019-01-01 00:00:00', 1),
('M20190101080000P477', 'P477', 1, '002', '2019', '1002', '0101', 'Manana_E1S0101', '8', '8A002', 'ANDER JESUS ESPINOSA JASPE', '2019-01-01 00:00:00', 10000, 'Normal', 'superadmin', 'superadmin', '2019-01-01 00:00:00', '2019-01-01 00:00:00', 1),
('M20190101080000P478', 'P478', 1, '002', '2019', '1002', '0101', 'Manana_E1S0101', '8', '8A002', 'ALEXANDRA PATRICIA GOMEZ PALMERA', '2019-01-01 00:00:00', 10000, 'Normal', 'superadmin', 'superadmin', '2019-01-01 00:00:00', '2019-01-01 00:00:00', 1),
('M20190101080000P479', 'P479', 1, '002', '2019', '1002', '0101', 'Manana_E1S0101', '8', '8A002', 'ANUER YESID GONZALES ARRIETA', '2019-01-01 00:00:00', 10000, 'Normal', 'superadmin', 'superadmin', '2019-01-01 00:00:00', '2019-01-01 00:00:00', 1),
('M20190101080000P480', 'P480', 1, '002', '2019', '1002', '0101', 'Manana_E1S0101', '8', '8A002', 'JESUS DAVID GUTIERREZ BROCHERO', '2019-01-01 00:00:00', 10000, 'Normal', 'superadmin', 'superadmin', '2019-01-01 00:00:00', '2019-01-01 00:00:00', 1),
('M20190101080000P481', 'P481', 1, '002', '2019', '1002', '0101', 'Manana_E1S0101', '8', '8A002', 'KALETH MATEUS LORA CANTILLO', '2019-01-01 00:00:00', 10000, 'Normal', 'superadmin', 'superadmin', '2019-01-01 00:00:00', '2019-01-01 00:00:00', 1),
('M20190101080000P482', 'P482', 1, '002', '2019', '1002', '0101', 'Manana_E1S0101', '8', '8A002', 'ANA GABRIELA LOZANO SANTANDER', '2019-01-01 00:00:00', 10000, 'Normal', 'superadmin', 'superadmin', '2019-01-01 00:00:00', '2019-01-01 00:00:00', 1),
('M20190101080000P483', 'P483', 1, '002', '2019', '1002', '0101', 'Manana_E1S0101', '8', '8A002', 'ANDREA CAROLINA MARTINEZ OROZCO', '2019-01-01 00:00:00', 10000, 'Normal', 'superadmin', 'superadmin', '2019-01-01 00:00:00', '2019-01-01 00:00:00', 1),
('M20190101080000P484', 'P484', 1, '002', '2019', '1002', '0101', 'Manana_E1S0101', '8', '8A002', 'LUIS JAIME MARTINEZ MELGAREJO', '2019-01-01 00:00:00', 10000, 'Normal', 'superadmin', 'superadmin', '2019-01-01 00:00:00', '2019-01-01 00:00:00', 1),
('M20190101080000P485', 'P485', 1, '002', '2019', '1002', '0101', 'Manana_E1S0101', '8', '8A002', 'SERGIO ANDRES MARTINEZ ACOSTA', '2019-01-01 00:00:00', 10000, 'Normal', 'superadmin', 'superadmin', '2019-01-01 00:00:00', '2019-01-01 00:00:00', 1),
('M20190101080000P486', 'P486', 1, '002', '2019', '1002', '0101', 'Manana_E1S0101', '8', '8A002', 'DANA TERESA MEDINA CANTILLO', '2019-01-01 00:00:00', 10000, 'Normal', 'superadmin', 'superadmin', '2019-01-01 00:00:00', '2019-01-01 00:00:00', 1),
('M20190101080000P487', 'P487', 1, '002', '2019', '1002', '0101', 'Manana_E1S0101', '8', '8A002', 'CAMILO JOSE MELGAREJO GUERRERO', '2019-01-01 00:00:00', 10000, 'Normal', 'superadmin', 'superadmin', '2019-01-01 00:00:00', '2019-01-01 00:00:00', 1),
('M20190101080000P488', 'P488', 1, '002', '2019', '1002', '0101', 'Manana_E1S0101', '8', '8A002', 'BLADIMIR JOSE MENESES GUERRERO', '2019-01-01 00:00:00', 10000, 'Normal', 'superadmin', 'superadmin', '2019-01-01 00:00:00', '2019-01-01 00:00:00', 1),
('M20190101080000P489', 'P489', 1, '002', '2019', '1002', '0101', 'Manana_E1S0101', '8', '8A002', 'NATALY PAOLA MERCADO PALMERA', '2019-01-01 00:00:00', 10000, 'Normal', 'superadmin', 'superadmin', '2019-01-01 00:00:00', '2019-01-01 00:00:00', 1),
('M20190101080000P490', 'P490', 1, '002', '2019', '1002', '0101', 'Manana_E1S0101', '8', '8A002', 'NILFA AMPARO MONTERO RIVERA', '2019-01-01 00:00:00', 10000, 'Normal', 'superadmin', 'superadmin', '2019-01-01 00:00:00', '2019-01-01 00:00:00', 1),
('M20190101080000P491', 'P491', 1, '002', '2019', '1002', '0101', 'Manana_E1S0101', '8', '8A002', 'MILTON JAVIER MONTERO RIVERA', '2019-01-01 00:00:00', 10000, 'Normal', 'superadmin', 'superadmin', '2019-01-01 00:00:00', '2019-01-01 00:00:00', 1),
('M20190101080000P492', 'P492', 1, '002', '2019', '1002', '0101', 'Manana_E1S0101', '8', '8A002', 'JESUS DAVID MU?OZ LOZANO', '2019-01-01 00:00:00', 10000, 'Normal', 'superadmin', 'superadmin', '2019-01-01 00:00:00', '2019-01-01 00:00:00', 1),
('M20190101080000P493', 'P493', 1, '002', '2019', '1002', '0101', 'Manana_E1S0101', '8', '8A002', 'KATHERIN GABRIELA NIETO KOHEN', '2019-01-01 00:00:00', 10000, 'Normal', 'superadmin', 'superadmin', '2019-01-01 00:00:00', '2019-01-01 00:00:00', 1),
('M20190101080000P494', 'P494', 1, '002', '2019', '1002', '0101', 'Manana_E1S0101', '8', '8A002', 'JUAN DAVID OROZCO TAPIAS', '2019-01-01 00:00:00', 10000, 'Normal', 'superadmin', 'superadmin', '2019-01-01 00:00:00', '2019-01-01 00:00:00', 1),
('M20190101080000P495', 'P495', 1, '002', '2019', '1002', '0101', 'Manana_E1S0101', '8', '8A002', 'DYLAN ARMANDO OSORIO MERCADO', '2019-01-01 00:00:00', 10000, 'Normal', 'superadmin', 'superadmin', '2019-01-01 00:00:00', '2019-01-01 00:00:00', 1),
('M20190101080000P496', 'P496', 1, '002', '2019', '1002', '0101', 'Manana_E1S0101', '8', '8A002', 'YARELYS PATRICIA PALMERA BARRIOS', '2019-01-01 00:00:00', 10000, 'Normal', 'superadmin', 'superadmin', '2019-01-01 00:00:00', '2019-01-01 00:00:00', 1),
('M20190101080000P497', 'P497', 1, '002', '2019', '1002', '0101', 'Manana_E1S0101', '8', '8A002', 'BEATRIZ STELLA SILVA GONZALEZ', '2019-01-01 00:00:00', 10000, 'Normal', 'superadmin', 'superadmin', '2019-01-01 00:00:00', '2019-01-01 00:00:00', 1),
('M20190101080000P498', 'P498', 1, '002', '2019', '1002', '0101', 'Manana_E1S0101', '8', '8A002', 'DANIEL DAVID SILVA GONZALEZ', '2019-01-01 00:00:00', 10000, 'Normal', 'superadmin', 'superadmin', '2019-01-01 00:00:00', '2019-01-01 00:00:00', 1),
('M20190101080000P499', 'P499', 1, '002', '2019', '1002', '0101', 'Manana_E1S0101', '8', '8A002', 'JESUS DANIEL TORRES MARTINEZ', '2019-01-01 00:00:00', 10000, 'Normal', 'superadmin', 'superadmin', '2019-01-01 00:00:00', '2019-01-01 00:00:00', 1),
('M20190101080000P500', 'P500', 1, '002', '2019', '1002', '0101', 'Manana_E1S0101', '8', '8B002', 'MARIO LUIS AGUILAR BOLA?O', '2019-01-01 00:00:00', 10000, 'Normal', 'superadmin', 'superadmin', '2019-01-01 00:00:00', '2019-01-01 00:00:00', 1),
('M20190101080000P501', 'P501', 1, '002', '2019', '1002', '0101', 'Manana_E1S0101', '8', '8B002', 'JOSE ARTURO ALMANZA BECERRA', '2019-01-01 00:00:00', 10000, 'Normal', 'superadmin', 'superadmin', '2019-01-01 00:00:00', '2019-01-01 00:00:00', 1);
INSERT INTO `matriculasapp` (`id_matricula`, `id_estudiante`, `id_escuela`, `id_programa`, `id_periodo`, `id_planestudio`, `id_sede`, `id_jornada`, `numgrado_programa`, `id_grupo`, `nombrecompleto_estudiante`, `fecha_matricula`, `valor_matricula`, `estado_matricula`, `usuariocrea_matricula`, `usuarioedita_matricula`, `fechacrea_matricula`, `fechaedita_matricula`, `status_matricula`) VALUES
('M20190101080000P502', 'P502', 1, '002', '2019', '1002', '0101', 'Manana_E1S0101', '8', '8B002', 'KEIDER JAVIER ALMANZA PINZON', '2019-01-01 00:00:00', 10000, 'Normal', 'superadmin', 'superadmin', '2019-01-01 00:00:00', '2019-01-01 00:00:00', 1),
('M20190101080000P503', 'P503', 1, '002', '2019', '1002', '0101', 'Manana_E1S0101', '8', '8B002', 'MARIA KARLA ANILLO ESCORCIA', '2019-01-01 00:00:00', 10000, 'Normal', 'superadmin', 'superadmin', '2019-01-01 00:00:00', '2019-01-01 00:00:00', 1),
('M20190101080000P504', 'P504', 1, '002', '2019', '1002', '0101', 'Manana_E1S0101', '8', '8B002', 'JESUS GABRIEL ARAGON BARRIOS', '2019-01-01 00:00:00', 10000, 'Normal', 'superadmin', 'superadmin', '2019-01-01 00:00:00', '2019-01-01 00:00:00', 1),
('M20190101080000P505', 'P505', 1, '002', '2019', '1002', '0101', 'Manana_E1S0101', '8', '8B002', 'ALEXANDRA MILENA BARRAZA BECERRA', '2019-01-01 00:00:00', 10000, 'Normal', 'superadmin', 'superadmin', '2019-01-01 00:00:00', '2019-01-01 00:00:00', 1),
('M20190101080000P506', 'P506', 1, '002', '2019', '1002', '0101', 'Manana_E1S0101', '8', '8B002', 'STIVEN STICK BARRIOS OROZCO', '2019-01-01 00:00:00', 10000, 'Normal', 'superadmin', 'superadmin', '2019-01-01 00:00:00', '2019-01-01 00:00:00', 1),
('M20190101080000P507', 'P507', 1, '002', '2019', '1002', '0101', 'Manana_E1S0101', '8', '8B002', 'YIRLEIDIS PATRICIA BOLA?O CHARRIS', '2019-01-01 00:00:00', 10000, 'Normal', 'superadmin', 'superadmin', '2019-01-01 00:00:00', '2019-01-01 00:00:00', 1),
('M20190101080000P508', 'P508', 1, '002', '2019', '1002', '0101', 'Manana_E1S0101', '8', '8B002', 'VALENTINA ISABEL BOLA?O SANTANDER', '2019-01-01 00:00:00', 10000, 'Normal', 'superadmin', 'superadmin', '2019-01-01 00:00:00', '2019-01-01 00:00:00', 1),
('M20190101080000P509', 'P509', 1, '002', '2019', '1002', '0101', 'Manana_E1S0101', '8', '8B002', 'YAMITH  BOLA?O GARCIA', '2019-01-01 00:00:00', 10000, 'Normal', 'superadmin', 'superadmin', '2019-01-01 00:00:00', '2019-01-01 00:00:00', 1),
('M20190101080000P510', 'P510', 1, '002', '2019', '1002', '0101', 'Manana_E1S0101', '8', '8B002', 'NOELIS ESTHER CAMARGO CAMACHO', '2019-01-01 00:00:00', 10000, 'Normal', 'superadmin', 'superadmin', '2019-01-01 00:00:00', '2019-01-01 00:00:00', 1),
('M20190101080000P511', 'P511', 1, '002', '2019', '1002', '0101', 'Manana_E1S0101', '8', '8B002', 'CAROLINA MICHELL CHAVES ROMERO', '2019-01-01 00:00:00', 10000, 'Normal', 'superadmin', 'superadmin', '2019-01-01 00:00:00', '2019-01-01 00:00:00', 1),
('M20190101080000P512', 'P512', 1, '002', '2019', '1002', '0101', 'Manana_E1S0101', '8', '8B002', 'YEISON RAFAEL FERNANDEZ MELGAREJO', '2019-01-01 00:00:00', 10000, 'Normal', 'superadmin', 'superadmin', '2019-01-01 00:00:00', '2019-01-01 00:00:00', 1),
('M20190101080000P513', 'P513', 1, '002', '2019', '1002', '0101', 'Manana_E1S0101', '8', '8B002', 'YAIRETH DEL CARMEN FONSECA BARRIOS', '2019-01-01 00:00:00', 10000, 'Normal', 'superadmin', 'superadmin', '2019-01-01 00:00:00', '2019-01-01 00:00:00', 1),
('M20190101080000P514', 'P514', 1, '002', '2019', '1002', '0101', 'Manana_E1S0101', '8', '8B002', 'SHARICK PAOLA GARCIA MARTINEZ', '2019-01-01 00:00:00', 10000, 'Normal', 'superadmin', 'superadmin', '2019-01-01 00:00:00', '2019-01-01 00:00:00', 1),
('M20190101080000P515', 'P515', 1, '002', '2019', '1002', '0101', 'Manana_E1S0101', '8', '8B002', 'ASTRID MARIANNI GARCIA CAMACHO', '2019-01-01 00:00:00', 10000, 'Normal', 'superadmin', 'superadmin', '2019-01-01 00:00:00', '2019-01-01 00:00:00', 1),
('M20190101080000P516', 'P516', 1, '002', '2019', '1002', '0101', 'Manana_E1S0101', '8', '8B002', 'ORLANDO SEGUNDO GOMEZ GUTIERREZ', '2019-01-01 00:00:00', 10000, 'Normal', 'superadmin', 'superadmin', '2019-01-01 00:00:00', '2019-01-01 00:00:00', 1),
('M20190101080000P517', 'P517', 1, '002', '2019', '1002', '0101', 'Manana_E1S0101', '8', '8B002', 'JUAN  HERRERA PALMERA', '2019-01-01 00:00:00', 10000, 'Normal', 'superadmin', 'superadmin', '2019-01-01 00:00:00', '2019-01-01 00:00:00', 1),
('M20190101080000P518', 'P518', 1, '002', '2019', '1002', '0101', 'Manana_E1S0101', '8', '8B002', 'JENIFFER DEL CARMEN JIMEMEZ SANTANDER', '2019-01-01 00:00:00', 10000, 'Normal', 'superadmin', 'superadmin', '2019-01-01 00:00:00', '2019-01-01 00:00:00', 1),
('M20190101080000P519', 'P519', 1, '002', '2019', '1002', '0101', 'Manana_E1S0101', '8', '8B002', 'VALERY  JIMENEZ ALMANZA', '2019-01-01 00:00:00', 10000, 'Normal', 'superadmin', 'superadmin', '2019-01-01 00:00:00', '2019-01-01 00:00:00', 1),
('M20190101080000P520', 'P520', 1, '002', '2019', '1002', '0101', 'Manana_E1S0101', '8', '8B002', 'KEILY SANDRY KOHEN ALMANZA', '2019-01-01 00:00:00', 10000, 'Normal', 'superadmin', 'superadmin', '2019-01-01 00:00:00', '2019-01-01 00:00:00', 1),
('M20190101080000P521', 'P521', 1, '002', '2019', '1002', '0101', 'Manana_E1S0101', '8', '8B002', 'YERALDIN MARINA PALMERA ALMANZA', '2019-01-01 00:00:00', 10000, 'Normal', 'superadmin', 'superadmin', '2019-01-01 00:00:00', '2019-01-01 00:00:00', 1),
('M20190101080000P522', 'P522', 1, '002', '2019', '1002', '0101', 'Manana_E1S0101', '8', '8B002', 'YIRLEYDYS PATRICIA PALMERA CERVANTES', '2019-01-01 00:00:00', 10000, 'Normal', 'superadmin', 'superadmin', '2019-01-01 00:00:00', '2019-01-01 00:00:00', 1),
('M20190101080000P523', 'P523', 1, '002', '2019', '1002', '0101', 'Manana_E1S0101', '8', '8B002', 'GISELLA MARTINEZ QUINTANA MARTINEZ', '2019-01-01 00:00:00', 10000, 'Normal', 'superadmin', 'superadmin', '2019-01-01 00:00:00', '2019-01-01 00:00:00', 1),
('M20190101080000P524', 'P524', 1, '002', '2019', '1002', '0101', 'Manana_E1S0101', '8', '8B002', 'CLAUDIA PATRICIA RODRIGUEZ ALMANZA', '2019-01-01 00:00:00', 10000, 'Normal', 'superadmin', 'superadmin', '2019-01-01 00:00:00', '2019-01-01 00:00:00', 1),
('M20190101080000P525', 'P525', 1, '002', '2019', '1002', '0101', 'Manana_E1S0101', '8', '8B002', 'DAYERLIN CAROLINA ROSADO MARTINEZ', '2019-01-01 00:00:00', 10000, 'Normal', 'superadmin', 'superadmin', '2019-01-01 00:00:00', '2019-01-01 00:00:00', 1),
('M20190101080000P526', 'P526', 1, '002', '2019', '1002', '0101', 'Manana_E1S0101', '8', '8B002', 'ALVARO ANDRES RUIZ DE LEON', '2019-01-01 00:00:00', 10000, 'Normal', 'superadmin', 'superadmin', '2019-01-01 00:00:00', '2019-01-01 00:00:00', 1),
('M20190101080000P527', 'P527', 1, '002', '2019', '1002', '0101', 'Manana_E1S0101', '8', '8B002', 'VALERY JOHANA SALTARIN SANTANDER', '2019-01-01 00:00:00', 10000, 'Normal', 'superadmin', 'superadmin', '2019-01-01 00:00:00', '2019-01-01 00:00:00', 1),
('M20190101080000P528', 'P528', 1, '002', '2019', '1002', '0101', 'Manana_E1S0101', '8', '8B002', 'SIRLEY MARINA SANTANDER ALMANZA', '2019-01-01 00:00:00', 10000, 'Normal', 'superadmin', 'superadmin', '2019-01-01 00:00:00', '2019-01-01 00:00:00', 1),
('M20190101080000P529', 'P529', 1, '002', '2019', '1002', '0101', 'Manana_E1S0101', '8', '8B002', 'JOHEINER LUIS SANTANDER MARTINEZ', '2019-01-01 00:00:00', 10000, 'Normal', 'superadmin', 'superadmin', '2019-01-01 00:00:00', '2019-01-01 00:00:00', 1),
('M20190101080000P530', 'P530', 1, '002', '2019', '1002', '0101', 'Manana_E1S0101', '8', '8B002', 'CARLOS ANDRES SANTANDER OROZCO', '2019-01-01 00:00:00', 10000, 'Normal', 'superadmin', 'superadmin', '2019-01-01 00:00:00', '2019-01-01 00:00:00', 1),
('M20190101080000P531', 'P531', 1, '002', '2019', '1002', '0101', 'Manana_E1S0101', '8', '8B002', 'SAYARI DEL CARMEN TORRES BECERRA', '2019-01-01 00:00:00', 10000, 'Normal', 'superadmin', 'superadmin', '2019-01-01 00:00:00', '2019-01-01 00:00:00', 1),
('M20190101080000P532', 'P532', 1, '002', '2019', '1002', '0101', 'Manana_E1S0101', '8', '8B002', 'YIRA PATRICIA VALENCIA SANTANDER', '2019-01-01 00:00:00', 10000, 'Normal', 'superadmin', 'superadmin', '2019-01-01 00:00:00', '2019-01-01 00:00:00', 1),
('M20190101080000P533', 'P533', 1, '002', '2019', '1002', '0101', 'Manana_E1S0101', '9', '9A002', 'LUISA FERNANDA ALMANZA NAVARRO', '2019-01-01 00:00:00', 10000, 'Normal', 'superadmin', 'superadmin', '2019-01-01 00:00:00', '2019-01-01 00:00:00', 1),
('M20190101080000P534', 'P534', 1, '002', '2019', '1002', '0101', 'Manana_E1S0101', '9', '9A002', 'MOISES JAVIER ARAGON DE AVILA', '2019-01-01 00:00:00', 10000, 'Normal', 'superadmin', 'superadmin', '2019-01-01 00:00:00', '2019-01-01 00:00:00', 1),
('M20190101080000P535', 'P535', 1, '002', '2019', '1002', '0101', 'Manana_E1S0101', '9', '9A002', 'EDUARDO JOSE ARRIETA VILLA', '2019-01-01 00:00:00', 10000, 'Normal', 'superadmin', 'superadmin', '2019-01-01 00:00:00', '2019-01-01 00:00:00', 1),
('M20190101080000P536', 'P536', 1, '002', '2019', '1002', '0101', 'Manana_E1S0101', '9', '9A002', 'BRANDON DE JESUS BARRIOS PEREA', '2019-01-01 00:00:00', 10000, 'Normal', 'superadmin', 'superadmin', '2019-01-01 00:00:00', '2019-01-01 00:00:00', 1),
('M20190101080000P537', 'P537', 1, '002', '2019', '1002', '0101', 'Manana_E1S0101', '9', '9A002', 'DALGY DEL CARMEN BARRIOS MARQUEZ', '2019-01-01 00:00:00', 10000, 'Normal', 'superadmin', 'superadmin', '2019-01-01 00:00:00', '2019-01-01 00:00:00', 1),
('M20190101080000P538', 'P538', 1, '002', '2019', '1002', '0101', 'Manana_E1S0101', '9', '9A002', 'LILIBETH MARIA BOLA?O CAMARGO', '2019-01-01 00:00:00', 10000, 'Normal', 'superadmin', 'superadmin', '2019-01-01 00:00:00', '2019-01-01 00:00:00', 1),
('M20190101080000P539', 'P539', 1, '002', '2019', '1002', '0101', 'Manana_E1S0101', '9', '9A002', 'MARIANA DELCRISTO BROCHERO BOLA?O', '2019-01-01 00:00:00', 10000, 'Normal', 'superadmin', 'superadmin', '2019-01-01 00:00:00', '2019-01-01 00:00:00', 1),
('M20190101080000P540', 'P540', 1, '002', '2019', '1002', '0101', 'Manana_E1S0101', '9', '9A002', 'LUIS ADOLFO CAMARGO CABARCAS', '2019-01-01 00:00:00', 10000, 'Normal', 'superadmin', 'superadmin', '2019-01-01 00:00:00', '2019-01-01 00:00:00', 1),
('M20190101080000P541', 'P541', 1, '002', '2019', '1002', '0101', 'Manana_E1S0101', '9', '9A002', 'GUISSELLE DE JESUS CONTRERAS BARRIOS', '2019-01-01 00:00:00', 10000, 'Normal', 'superadmin', 'superadmin', '2019-01-01 00:00:00', '2019-01-01 00:00:00', 1),
('M20190101080000P542', 'P542', 1, '002', '2019', '1002', '0101', 'Manana_E1S0101', '9', '9A002', 'JESUS DAVID DE LA CRUZ ARAGON', '2019-01-01 00:00:00', 10000, 'Normal', 'superadmin', 'superadmin', '2019-01-01 00:00:00', '2019-01-01 00:00:00', 1),
('M20190101080000P543', 'P543', 1, '002', '2019', '1002', '0101', 'Manana_E1S0101', '9', '9A002', 'CAMILO ANDRES DE LEON PERTUZ', '2019-01-01 00:00:00', 10000, 'Normal', 'superadmin', 'superadmin', '2019-01-01 00:00:00', '2019-01-01 00:00:00', 1),
('M20190101080000P544', 'P544', 1, '002', '2019', '1002', '0101', 'Manana_E1S0101', '9', '9A002', 'KAROLAY DAYANA DIAZ DE LEON', '2019-01-01 00:00:00', 10000, 'Normal', 'superadmin', 'superadmin', '2019-01-01 00:00:00', '2019-01-01 00:00:00', 1),
('M20190101080000P545', 'P545', 1, '002', '2019', '1002', '0101', 'Manana_E1S0101', '9', '9A002', 'ROXIBEL DE LOS ANGELES FERNANDEZ MARTINEZ', '2019-01-01 00:00:00', 10000, 'Normal', 'superadmin', 'superadmin', '2019-01-01 00:00:00', '2019-01-01 00:00:00', 1),
('M20190101080000P546', 'P546', 1, '002', '2019', '1002', '0101', 'Manana_E1S0101', '9', '9A002', 'SAMUEL CAMILO JIMENEZ SANTANDER', '2019-01-01 00:00:00', 10000, 'Normal', 'superadmin', 'superadmin', '2019-01-01 00:00:00', '2019-01-01 00:00:00', 1),
('M20190101080000P547', 'P547', 1, '002', '2019', '1002', '0101', 'Manana_E1S0101', '9', '9A002', 'FABIO ANDRES LOZANO BOCANEGRA', '2019-01-01 00:00:00', 10000, 'Normal', 'superadmin', 'superadmin', '2019-01-01 00:00:00', '2019-01-01 00:00:00', 1),
('M20190101080000P548', 'P548', 1, '002', '2019', '1002', '0101', 'Manana_E1S0101', '9', '9A002', 'WELFRAN SEGUNDO MARTINEZ JIMENEZ', '2019-01-01 00:00:00', 10000, 'Normal', 'superadmin', 'superadmin', '2019-01-01 00:00:00', '2019-01-01 00:00:00', 1),
('M20190101080000P549', 'P549', 1, '002', '2019', '1002', '0101', 'Manana_E1S0101', '9', '9A002', 'MICHELL ANDREA MARTINEZ BOLA?O', '2019-01-01 00:00:00', 10000, 'Normal', 'superadmin', 'superadmin', '2019-01-01 00:00:00', '2019-01-01 00:00:00', 1),
('M20190101080000P550', 'P550', 1, '002', '2019', '1002', '0101', 'Manana_E1S0101', '9', '9A002', 'ALEXANDRA CAMILA MIER MEDINA', '2019-01-01 00:00:00', 10000, 'Normal', 'superadmin', 'superadmin', '2019-01-01 00:00:00', '2019-01-01 00:00:00', 1),
('M20190101080000P551', 'P551', 1, '002', '2019', '1002', '0101', 'Manana_E1S0101', '9', '9A002', 'NOHEMI ESTHER MORENO RUDAS', '2019-01-01 00:00:00', 10000, 'Normal', 'superadmin', 'superadmin', '2019-01-01 00:00:00', '2019-01-01 00:00:00', 1),
('M20190101080000P552', 'P552', 1, '002', '2019', '1002', '0101', 'Manana_E1S0101', '9', '9A002', 'STEFANI ANDRES OROZCO MARQUEZ', '2019-01-01 00:00:00', 10000, 'Normal', 'superadmin', 'superadmin', '2019-01-01 00:00:00', '2019-01-01 00:00:00', 1),
('M20190101080000P553', 'P553', 1, '002', '2019', '1002', '0101', 'Manana_E1S0101', '9', '9A002', 'YERILETH PAOLA PALMERA BECERRA', '2019-01-01 00:00:00', 10000, 'Normal', 'superadmin', 'superadmin', '2019-01-01 00:00:00', '2019-01-01 00:00:00', 1),
('M20190101080000P554', 'P554', 1, '002', '2019', '1002', '0101', 'Manana_E1S0101', '9', '9A002', 'CHELSY PATRICIA RUIZ BOLA?O', '2019-01-01 00:00:00', 10000, 'Normal', 'superadmin', 'superadmin', '2019-01-01 00:00:00', '2019-01-01 00:00:00', 1),
('M20190101080000P555', 'P555', 1, '002', '2019', '1002', '0101', 'Manana_E1S0101', '9', '9A002', 'MARIA JOSE TAMARA RODRIGUEZ', '2019-01-01 00:00:00', 10000, 'Normal', 'superadmin', 'superadmin', '2019-01-01 00:00:00', '2019-01-01 00:00:00', 1),
('M20190101080000P556', 'P556', 1, '002', '2019', '1002', '0101', 'Manana_E1S0101', '9', '9A002', 'YAJAIRA DEL CARMEN TORRES MARTINEZ', '2019-01-01 00:00:00', 10000, 'Normal', 'superadmin', 'superadmin', '2019-01-01 00:00:00', '2019-01-01 00:00:00', 1),
('M20190101080000P557', 'P557', 1, '002', '2019', '1002', '0101', 'Manana_E1S0101', '9', '9A002', 'WALBERTO ENRIQUE VALENCIA ARAGON', '2019-01-01 00:00:00', 10000, 'Normal', 'superadmin', 'superadmin', '2019-01-01 00:00:00', '2019-01-01 00:00:00', 1),
('M20190101080000P558', 'P558', 1, '002', '2019', '1002', '0101', 'Manana_E1S0101', '9', '9A002', 'STEFANY TATIANA ZABALETA AHUMADA', '2019-01-01 00:00:00', 10000, 'Normal', 'superadmin', 'superadmin', '2019-01-01 00:00:00', '2019-01-01 00:00:00', 1),
('M20190101080000P559', 'P559', 1, '002', '2019', '1002', '0101', 'Manana_E1S0101', '9', '9B002', 'MAGALIS ESTHER ACOSTA TORRES', '2019-01-01 00:00:00', 10000, 'Normal', 'superadmin', 'superadmin', '2019-01-01 00:00:00', '2019-01-01 00:00:00', 1),
('M20190101080000P560', 'P560', 1, '002', '2019', '1002', '0101', 'Manana_E1S0101', '9', '9B002', 'YOELIS DAYANA ARROYO ARAGON', '2019-01-01 00:00:00', 10000, 'Normal', 'superadmin', 'superadmin', '2019-01-01 00:00:00', '2019-01-01 00:00:00', 1),
('M20190101080000P561', 'P561', 1, '002', '2019', '1002', '0101', 'Manana_E1S0101', '9', '9B002', 'SABRINA  BARRIOS BOLA?O', '2019-01-01 00:00:00', 10000, 'Normal', 'superadmin', 'superadmin', '2019-01-01 00:00:00', '2019-01-01 00:00:00', 1),
('M20190101080000P562', 'P562', 1, '002', '2019', '1002', '0101', 'Manana_E1S0101', '9', '9B002', 'JESUS DAVID BERMUDEZ ROJANO', '2019-01-01 00:00:00', 10000, 'Normal', 'superadmin', 'superadmin', '2019-01-01 00:00:00', '2019-01-01 00:00:00', 1),
('M20190101080000P563', 'P563', 1, '002', '2019', '1002', '0101', 'Manana_E1S0101', '9', '9B002', 'EDUAR DAVID CAMARGO CAMACHO', '2019-01-01 00:00:00', 10000, 'Normal', 'superadmin', 'superadmin', '2019-01-01 00:00:00', '2019-01-01 00:00:00', 1),
('M20190101080000P564', 'P564', 1, '002', '2019', '1002', '0101', 'Manana_E1S0101', '9', '9B002', 'LIZAURA  CAMARGO MARTINEZ', '2019-01-01 00:00:00', 10000, 'Normal', 'superadmin', 'superadmin', '2019-01-01 00:00:00', '2019-01-01 00:00:00', 1),
('M20190101080000P565', 'P565', 1, '002', '2019', '1002', '0101', 'Manana_E1S0101', '9', '9B002', 'YAMARLIS DEL CARMEN DE LEON RUA', '2019-01-01 00:00:00', 10000, 'Normal', 'superadmin', 'superadmin', '2019-01-01 00:00:00', '2019-01-01 00:00:00', 1),
('M20190101080000P566', 'P566', 1, '002', '2019', '1002', '0101', 'Manana_E1S0101', '9', '9B002', 'ZHARICK PAOLA DE VEGA BARRIOS', '2019-01-01 00:00:00', 10000, 'Normal', 'superadmin', 'superadmin', '2019-01-01 00:00:00', '2019-01-01 00:00:00', 1),
('M20190101080000P567', 'P567', 1, '002', '2019', '1002', '0101', 'Manana_E1S0101', '9', '9B002', 'LIBARDO JOSE FONSECA RAMOS', '2019-01-01 00:00:00', 10000, 'Normal', 'superadmin', 'superadmin', '2019-01-01 00:00:00', '2019-01-01 00:00:00', 1),
('M20190101080000P568', 'P568', 1, '002', '2019', '1002', '0101', 'Manana_E1S0101', '9', '9B002', 'EVELIYN PATRICIA GOMEZ MEDINA', '2019-01-01 00:00:00', 10000, 'Normal', 'superadmin', 'superadmin', '2019-01-01 00:00:00', '2019-01-01 00:00:00', 1),
('M20190101080000P569', 'P569', 1, '002', '2019', '1002', '0101', 'Manana_E1S0101', '9', '9B002', 'LEONEL JOSE MARQUEZ ORTIZ', '2019-01-01 00:00:00', 10000, 'Normal', 'superadmin', 'superadmin', '2019-01-01 00:00:00', '2019-01-01 00:00:00', 1),
('M20190101080000P570', 'P570', 1, '002', '2019', '1002', '0101', 'Manana_E1S0101', '9', '9B002', 'YAMILETH  MARQUEZ ORTIZ', '2019-01-01 00:00:00', 10000, 'Normal', 'superadmin', 'superadmin', '2019-01-01 00:00:00', '2019-01-01 00:00:00', 1),
('M20190101080000P571', 'P571', 1, '002', '2019', '1002', '0101', 'Manana_E1S0101', '9', '9B002', 'ALEXANDRA DEL CARMEN MARQUEZ VALENCIA', '2019-01-01 00:00:00', 10000, 'Normal', 'superadmin', 'superadmin', '2019-01-01 00:00:00', '2019-01-01 00:00:00', 1),
('M20190101080000P572', 'P572', 1, '002', '2019', '1002', '0101', 'Manana_E1S0101', '9', '9B002', 'VICENTE SEGUNDO MARQUEZ ARAGON', '2019-01-01 00:00:00', 10000, 'Normal', 'superadmin', 'superadmin', '2019-01-01 00:00:00', '2019-01-01 00:00:00', 1),
('M20190101080000P573', 'P573', 1, '002', '2019', '1002', '0101', 'Manana_E1S0101', '9', '9B002', 'GISSELA MARIA MORENO OSORIO', '2019-01-01 00:00:00', 10000, 'Normal', 'superadmin', 'superadmin', '2019-01-01 00:00:00', '2019-01-01 00:00:00', 1),
('M20190101080000P574', 'P574', 1, '002', '2019', '1002', '0101', 'Manana_E1S0101', '9', '9B002', 'DEINER FRANCISCO OROZCO ROBLES', '2019-01-01 00:00:00', 10000, 'Normal', 'superadmin', 'superadmin', '2019-01-01 00:00:00', '2019-01-01 00:00:00', 1),
('M20190101080000P575', 'P575', 1, '002', '2019', '1002', '0101', 'Manana_E1S0101', '9', '9B002', 'ORLANDO MIGUEL RUA SALGUEDO', '2019-01-01 00:00:00', 10000, 'Normal', 'superadmin', 'superadmin', '2019-01-01 00:00:00', '2019-01-01 00:00:00', 1),
('M20190101080000P576', 'P576', 1, '002', '2019', '1002', '0101', 'Manana_E1S0101', '9', '9B002', 'NILSON RAFAEL SANTANDER CANTILLO', '2019-01-01 00:00:00', 10000, 'Normal', 'superadmin', 'superadmin', '2019-01-01 00:00:00', '2019-01-01 00:00:00', 1),
('M20190101080000P577', 'P577', 1, '002', '2019', '1002', '0101', 'Manana_E1S0101', '9', '9B002', 'SUGEIDIS MARIA TORRES SANTANDER', '2019-01-01 00:00:00', 10000, 'Normal', 'superadmin', 'superadmin', '2019-01-01 00:00:00', '2019-01-01 00:00:00', 1),
('M20190101080000P578', 'P578', 1, '002', '2019', '1002', '0101', 'Manana_E1S0101', '9', '9B002', 'CAMILO ANDRES VALENCIA ARAGON', '2019-01-01 00:00:00', 10000, 'Normal', 'superadmin', 'superadmin', '2019-01-01 00:00:00', '2019-01-01 00:00:00', 1),
('M20190101080000P579', 'P579', 1, '002', '2019', '1002', '0101', 'Manana_E1S0101', '10', '10A002', 'JESUS DAVID BOLA?O CHARRIS', '2019-01-01 00:00:00', 10000, 'Normal', 'superadmin', 'superadmin', '2019-01-01 00:00:00', '2019-01-01 00:00:00', 1),
('M20190101080000P580', 'P580', 1, '002', '2019', '1002', '0101', 'Manana_E1S0101', '10', '10A002', 'JHOHAN DAVID CAMPO PEREA', '2019-01-01 00:00:00', 10000, 'Normal', 'superadmin', 'superadmin', '2019-01-01 00:00:00', '2019-01-01 00:00:00', 1),
('M20190101080000P581', 'P581', 1, '002', '2019', '1002', '0101', 'Manana_E1S0101', '10', '10A002', 'ALDO JOSE CERVERA RODRIGUEZ', '2019-01-01 00:00:00', 10000, 'Normal', 'superadmin', 'superadmin', '2019-01-01 00:00:00', '2019-01-01 00:00:00', 1),
('M20190101080000P582', 'P582', 1, '002', '2019', '1002', '0101', 'Manana_E1S0101', '10', '10A002', 'JESUS GREGORIO CERVERA PALMERA', '2019-01-01 00:00:00', 10000, 'Normal', 'superadmin', 'superadmin', '2019-01-01 00:00:00', '2019-01-01 00:00:00', 1),
('M20190101080000P583', 'P583', 1, '002', '2019', '1002', '0101', 'Manana_E1S0101', '10', '10A002', 'ALY DAVID CERVERA RODRIGUEZ', '2019-01-01 00:00:00', 10000, 'Normal', 'superadmin', 'superadmin', '2019-01-01 00:00:00', '2019-01-01 00:00:00', 1),
('M20190101080000P584', 'P584', 1, '002', '2019', '1002', '0101', 'Manana_E1S0101', '10', '10A002', 'DEYBER ANDRES CONTRERAS BOLA?O', '2019-01-01 00:00:00', 10000, 'Normal', 'superadmin', 'superadmin', '2019-01-01 00:00:00', '2019-01-01 00:00:00', 1),
('M20190101080000P585', 'P585', 1, '002', '2019', '1002', '0101', 'Manana_E1S0101', '10', '10A002', 'IRIS PATRICIA FERNANDEZ CALDERON', '2019-01-01 00:00:00', 10000, 'Normal', 'superadmin', 'superadmin', '2019-01-01 00:00:00', '2019-01-01 00:00:00', 1),
('M20190101080000P586', 'P586', 1, '002', '2019', '1002', '0101', 'Manana_E1S0101', '10', '10A002', 'EVELYN DE JESUS GAMEZ ALMANZA', '2019-01-01 00:00:00', 10000, 'Normal', 'superadmin', 'superadmin', '2019-01-01 00:00:00', '2019-01-01 00:00:00', 1),
('M20190101080000P587', 'P587', 1, '002', '2019', '1002', '0101', 'Manana_E1S0101', '10', '10A002', 'SARAY GREGORIA GAMEZ ALMANZA', '2019-01-01 00:00:00', 10000, 'Normal', 'superadmin', 'superadmin', '2019-01-01 00:00:00', '2019-01-01 00:00:00', 1),
('M20190101080000P588', 'P588', 1, '002', '2019', '1002', '0101', 'Manana_E1S0101', '10', '10A002', 'BRAYAN ESTIVEN GARCIA MARTINEZ', '2019-01-01 00:00:00', 10000, 'Normal', 'superadmin', 'superadmin', '2019-01-01 00:00:00', '2019-01-01 00:00:00', 1),
('M20190101080000P589', 'P589', 1, '002', '2019', '1002', '0101', 'Manana_E1S0101', '10', '10A002', 'MILEIDIS ESTHER GOMEZ PALMERA', '2019-01-01 00:00:00', 10000, 'Normal', 'superadmin', 'superadmin', '2019-01-01 00:00:00', '2019-01-01 00:00:00', 1),
('M20190101080000P590', 'P590', 1, '002', '2019', '1002', '0101', 'Manana_E1S0101', '10', '10A002', 'MINERVA ELENA GOMEZ MARTINEZ', '2019-01-01 00:00:00', 10000, 'Normal', 'superadmin', 'superadmin', '2019-01-01 00:00:00', '2019-01-01 00:00:00', 1),
('M20190101080000P591', 'P591', 1, '002', '2019', '1002', '0101', 'Manana_E1S0101', '10', '10A002', 'JHONER JOSE GOMEZ BOLA?O', '2019-01-01 00:00:00', 10000, 'Normal', 'superadmin', 'superadmin', '2019-01-01 00:00:00', '2019-01-01 00:00:00', 1),
('M20190101080000P592', 'P592', 1, '002', '2019', '1002', '0101', 'Manana_E1S0101', '10', '10A002', 'NAZARETH DEL CARMEN HERNANDEZ ANAYA', '2019-01-01 00:00:00', 10000, 'Normal', 'superadmin', 'superadmin', '2019-01-01 00:00:00', '2019-01-01 00:00:00', 1),
('M20190101080000P593', 'P593', 1, '002', '2019', '1002', '0101', 'Manana_E1S0101', '10', '10A002', 'EDUARDO EMILIO MARTINEZ GARCIA', '2019-01-01 00:00:00', 10000, 'Normal', 'superadmin', 'superadmin', '2019-01-01 00:00:00', '2019-01-01 00:00:00', 1),
('M20190101080000P594', 'P594', 1, '002', '2019', '1002', '0101', 'Manana_E1S0101', '10', '10A002', 'CARLOS DAVID MARTINEZ MARTINEZ', '2019-01-01 00:00:00', 10000, 'Normal', 'superadmin', 'superadmin', '2019-01-01 00:00:00', '2019-01-01 00:00:00', 1),
('M20190101080000P595', 'P595', 1, '002', '2019', '1002', '0101', 'Manana_E1S0101', '10', '10A002', 'DANIELA ESTHER MARTINEZ MARTINEZ', '2019-01-01 00:00:00', 10000, 'Normal', 'superadmin', 'superadmin', '2019-01-01 00:00:00', '2019-01-01 00:00:00', 1),
('M20190101080000P596', 'P596', 1, '002', '2019', '1002', '0101', 'Manana_E1S0101', '10', '10A002', 'FRANCHESCA YANITZA MARTINEZ PALMERA', '2019-01-01 00:00:00', 10000, 'Normal', 'superadmin', 'superadmin', '2019-01-01 00:00:00', '2019-01-01 00:00:00', 1),
('M20190101080000P597', 'P597', 1, '002', '2019', '1002', '0101', 'Manana_E1S0101', '10', '10A002', 'NICOLAS ANDRES MEDINA MEDINA', '2019-01-01 00:00:00', 10000, 'Normal', 'superadmin', 'superadmin', '2019-01-01 00:00:00', '2019-01-01 00:00:00', 1),
('M20190101080000P598', 'P598', 1, '002', '2019', '1002', '0101', 'Manana_E1S0101', '10', '10A002', 'NICOL ANDREA MEDINA MEDINA', '2019-01-01 00:00:00', 10000, 'Normal', 'superadmin', 'superadmin', '2019-01-01 00:00:00', '2019-01-01 00:00:00', 1),
('M20190101080000P599', 'P599', 1, '002', '2019', '1002', '0101', 'Manana_E1S0101', '10', '10A002', 'CORNELIO SEGUNDO MELGAREJO CUETO', '2019-01-01 00:00:00', 10000, 'Normal', 'superadmin', 'superadmin', '2019-01-01 00:00:00', '2019-01-01 00:00:00', 1),
('M20190101080000P600', 'P600', 1, '002', '2019', '1002', '0101', 'Manana_E1S0101', '10', '10A002', 'ISAURA PATRICIA OROZCO DE LEON', '2019-01-01 00:00:00', 10000, 'Normal', 'superadmin', 'superadmin', '2019-01-01 00:00:00', '2019-01-01 00:00:00', 1),
('M20190101080000P601', 'P601', 1, '002', '2019', '1002', '0101', 'Manana_E1S0101', '10', '10A002', 'LAUREN PATRICIA OROZCO GUERRERO', '2019-01-01 00:00:00', 10000, 'Normal', 'superadmin', 'superadmin', '2019-01-01 00:00:00', '2019-01-01 00:00:00', 1),
('M20190101080000P602', 'P602', 1, '002', '2019', '1002', '0101', 'Manana_E1S0101', '10', '10A002', 'XILENA PATRICIA OROZCO RODRIGUEZ', '2019-01-01 00:00:00', 10000, 'Normal', 'superadmin', 'superadmin', '2019-01-01 00:00:00', '2019-01-01 00:00:00', 1),
('M20190101080000P603', 'P603', 1, '002', '2019', '1002', '0101', 'Manana_E1S0101', '10', '10A002', 'ISAAC SEGUNDO OROZCO ROBLES', '2019-01-01 00:00:00', 10000, 'Normal', 'superadmin', 'superadmin', '2019-01-01 00:00:00', '2019-01-01 00:00:00', 1),
('M20190101080000P604', 'P604', 1, '002', '2019', '1002', '0101', 'Manana_E1S0101', '10', '10A002', 'DIEGO ALEJANDRO OSORIO DE LA HOZ', '2019-01-01 00:00:00', 10000, 'Normal', 'superadmin', 'superadmin', '2019-01-01 00:00:00', '2019-01-01 00:00:00', 1),
('M20190101080000P605', 'P605', 1, '002', '2019', '1002', '0101', 'Manana_E1S0101', '10', '10A002', 'ROSAURA MARIA PALMERA SANTANDER', '2019-01-01 00:00:00', 10000, 'Normal', 'superadmin', 'superadmin', '2019-01-01 00:00:00', '2019-01-01 00:00:00', 1),
('M20190101080000P606', 'P606', 1, '002', '2019', '1002', '0101', 'Manana_E1S0101', '10', '10A002', 'JESUS HERNAN RIVERA ARAGON', '2019-01-01 00:00:00', 10000, 'Normal', 'superadmin', 'superadmin', '2019-01-01 00:00:00', '2019-01-01 00:00:00', 1),
('M20190101080000P607', 'P607', 1, '002', '2019', '1002', '0101', 'Manana_E1S0101', '10', '10A002', 'ANDREA ISABEL SANTANDER OROZCO', '2019-01-01 00:00:00', 10000, 'Normal', 'superadmin', 'superadmin', '2019-01-01 00:00:00', '2019-01-01 00:00:00', 1),
('M20190101080000P608', 'P608', 1, '002', '2019', '1002', '0101', 'Manana_E1S0101', '10', '10A002', 'YIRLENIS CECILIA VALENCIA DE LA HOZ', '2019-01-01 00:00:00', 10000, 'Normal', 'superadmin', 'superadmin', '2019-01-01 00:00:00', '2019-01-01 00:00:00', 1),
('M20190101080000P609', 'P609', 1, '002', '2019', '1002', '0101', 'Manana_E1S0101', '10', '10A002', 'CAMILA ANDREA VALENCIA PANTOJA', '2019-01-01 00:00:00', 10000, 'Normal', 'superadmin', 'superadmin', '2019-01-01 00:00:00', '2019-01-01 00:00:00', 1),
('M20190101080000P610', 'P610', 1, '002', '2019', '1002', '0101', 'Manana_E1S0101', '10', '10B002', 'ANTONIO  ACOSTA TORRES', '2019-01-01 00:00:00', 10000, 'Normal', 'superadmin', 'superadmin', '2019-01-01 00:00:00', '2019-01-01 00:00:00', 1),
('M20190101080000P611', 'P611', 1, '002', '2019', '1002', '0101', 'Manana_E1S0101', '10', '10B002', 'LUIS DANIEL ALMANZA VILLA', '2019-01-01 00:00:00', 10000, 'Normal', 'superadmin', 'superadmin', '2019-01-01 00:00:00', '2019-01-01 00:00:00', 1),
('M20190101080000P612', 'P612', 1, '002', '2019', '1002', '0101', 'Manana_E1S0101', '10', '10B002', 'YORDYS DE JESUS BARRIOS GOMEZ', '2019-01-01 00:00:00', 10000, 'Normal', 'superadmin', 'superadmin', '2019-01-01 00:00:00', '2019-01-01 00:00:00', 1),
('M20190101080000P613', 'P613', 1, '002', '2019', '1002', '0101', 'Manana_E1S0101', '10', '10B002', 'BLEIDYS JOHANA BOLA?O DE HOYOS', '2019-01-01 00:00:00', 10000, 'Normal', 'superadmin', 'superadmin', '2019-01-01 00:00:00', '2019-01-01 00:00:00', 1),
('M20190101080000P614', 'P614', 1, '002', '2019', '1002', '0101', 'Manana_E1S0101', '10', '10B002', 'MIRELLA ANDREA BOLA?O SANJUANELO', '2019-01-01 00:00:00', 10000, 'Normal', 'superadmin', 'superadmin', '2019-01-01 00:00:00', '2019-01-01 00:00:00', 1),
('M20190101080000P615', 'P615', 1, '002', '2019', '1002', '0101', 'Manana_E1S0101', '10', '10B002', 'LUIS MARIO CUETO POLO', '2019-01-01 00:00:00', 10000, 'Normal', 'superadmin', 'superadmin', '2019-01-01 00:00:00', '2019-01-01 00:00:00', 1),
('M20190101080000P616', 'P616', 1, '002', '2019', '1002', '0101', 'Manana_E1S0101', '10', '10B002', 'HERNANDO RAFAEL DE LA HOZ OROZCO', '2019-01-01 00:00:00', 10000, 'Normal', 'superadmin', 'superadmin', '2019-01-01 00:00:00', '2019-01-01 00:00:00', 1),
('M20190101080000P617', 'P617', 1, '002', '2019', '1002', '0101', 'Manana_E1S0101', '10', '10B002', 'JUAN DAVID DE LA HOZ GAMEZ', '2019-01-01 00:00:00', 10000, 'Normal', 'superadmin', 'superadmin', '2019-01-01 00:00:00', '2019-01-01 00:00:00', 1),
('M20190101080000P618', 'P618', 1, '002', '2019', '1002', '0101', 'Manana_E1S0101', '10', '10B002', 'YORYANIS  DE LEON CARRE?O', '2019-01-01 00:00:00', 10000, 'Normal', 'superadmin', 'superadmin', '2019-01-01 00:00:00', '2019-01-01 00:00:00', 1),
('M20190101080000P619', 'P619', 1, '002', '2019', '1002', '0101', 'Manana_E1S0101', '10', '10B002', 'DIANA LUCIA ESCORCIA CANTILLO', '2019-01-01 00:00:00', 10000, 'Normal', 'superadmin', 'superadmin', '2019-01-01 00:00:00', '2019-01-01 00:00:00', 1),
('M20190101080000P620', 'P620', 1, '002', '2019', '1002', '0101', 'Manana_E1S0101', '10', '10B002', 'DAMARIS DE JESUS FERIA ARAGON', '2019-01-01 00:00:00', 10000, 'Normal', 'superadmin', 'superadmin', '2019-01-01 00:00:00', '2019-01-01 00:00:00', 1),
('M20190101080000P621', 'P621', 1, '002', '2019', '1002', '0101', 'Manana_E1S0101', '10', '10B002', 'DANIRIS ESTHER FERIA ARAGON', '2019-01-01 00:00:00', 10000, 'Normal', 'superadmin', 'superadmin', '2019-01-01 00:00:00', '2019-01-01 00:00:00', 1),
('M20190101080000P622', 'P622', 1, '002', '2019', '1002', '0101', 'Manana_E1S0101', '10', '10B002', 'JESUS  FIGUEROA BARRIOS', '2019-01-01 00:00:00', 10000, 'Normal', 'superadmin', 'superadmin', '2019-01-01 00:00:00', '2019-01-01 00:00:00', 1),
('M20190101080000P623', 'P623', 1, '002', '2019', '1002', '0101', 'Manana_E1S0101', '10', '10B002', 'CARLOS DANIEL FONTALVO CAMARGO', '2019-01-01 00:00:00', 10000, 'Normal', 'superadmin', 'superadmin', '2019-01-01 00:00:00', '2019-01-01 00:00:00', 1),
('M20190101080000P624', 'P624', 1, '002', '2019', '1002', '0101', 'Manana_E1S0101', '10', '10B002', 'MAURICIO JAVITH GAMEZ GARCIA', '2019-01-01 00:00:00', 10000, 'Normal', 'superadmin', 'superadmin', '2019-01-01 00:00:00', '2019-01-01 00:00:00', 1),
('M20190101080000P625', 'P625', 1, '002', '2019', '1002', '0101', 'Manana_E1S0101', '10', '10B002', 'CAMILO ANDRES GONZALEZ ARAGON', '2019-01-01 00:00:00', 10000, 'Normal', 'superadmin', 'superadmin', '2019-01-01 00:00:00', '2019-01-01 00:00:00', 1),
('M20190101080000P626', 'P626', 1, '002', '2019', '1002', '0101', 'Manana_E1S0101', '10', '10B002', 'ROBERSON JESUS JIMENEZ SANTANDER', '2019-01-01 00:00:00', 10000, 'Normal', 'superadmin', 'superadmin', '2019-01-01 00:00:00', '2019-01-01 00:00:00', 1),
('M20190101080000P627', 'P627', 1, '002', '2019', '1002', '0101', 'Manana_E1S0101', '10', '10B002', 'ANDRES DANIEL LOZANO CAMARGO', '2019-01-01 00:00:00', 10000, 'Normal', 'superadmin', 'superadmin', '2019-01-01 00:00:00', '2019-01-01 00:00:00', 1),
('M20190101080000P628', 'P628', 1, '002', '2019', '1002', '0101', 'Manana_E1S0101', '10', '10B002', 'ARIEL SEGUNDO MARQUEZ PACHECO', '2019-01-01 00:00:00', 10000, 'Normal', 'superadmin', 'superadmin', '2019-01-01 00:00:00', '2019-01-01 00:00:00', 1),
('M20190101080000P629', 'P629', 1, '002', '2019', '1002', '0101', 'Manana_E1S0101', '10', '10B002', 'ARNOLD ENRIQUE MARQUEZ PACHECO', '2019-01-01 00:00:00', 10000, 'Normal', 'superadmin', 'superadmin', '2019-01-01 00:00:00', '2019-01-01 00:00:00', 1),
('M20190101080000P63', 'P63', 1, '000', '2019', '1000', '0102', 'Manana_E1S0102', '0', '0A000', 'KENER DAVID ALMANZA BECERRA', '2019-01-01 00:00:00', 10000, 'Normal', 'superadmin', 'superadmin', '2019-01-01 00:00:00', '2019-01-01 00:00:00', 1),
('M20190101080000P630', 'P630', 1, '002', '2019', '1002', '0101', 'Manana_E1S0101', '10', '10B002', 'LADIMIR  MARTINEZ MARQUEZ', '2019-01-01 00:00:00', 10000, 'Normal', 'superadmin', 'superadmin', '2019-01-01 00:00:00', '2019-01-01 00:00:00', 1),
('M20190101080000P631', 'P631', 1, '002', '2019', '1002', '0101', 'Manana_E1S0101', '10', '10B002', 'ANA MARIA MARTINEZ GARCIA', '2019-01-01 00:00:00', 10000, 'Normal', 'superadmin', 'superadmin', '2019-01-01 00:00:00', '2019-01-01 00:00:00', 1),
('M20190101080000P632', 'P632', 1, '002', '2019', '1002', '0101', 'Manana_E1S0101', '10', '10B002', 'BRENDALYS PATRICIA MATAMOROS MARCHENA', '2019-01-01 00:00:00', 10000, 'Normal', 'superadmin', 'superadmin', '2019-01-01 00:00:00', '2019-01-01 00:00:00', 1),
('M20190101080000P633', 'P633', 1, '002', '2019', '1002', '0101', 'Manana_E1S0101', '10', '10B002', 'YOINER ALFONSO MOLINA BERMUDEZ', '2019-01-01 00:00:00', 10000, 'Normal', 'superadmin', 'superadmin', '2019-01-01 00:00:00', '2019-01-01 00:00:00', 1),
('M20190101080000P634', 'P634', 1, '002', '2019', '1002', '0101', 'Manana_E1S0101', '10', '10B002', 'MAYERLIS DEL AMPARO OSPINO MATAMORO', '2019-01-01 00:00:00', 10000, 'Normal', 'superadmin', 'superadmin', '2019-01-01 00:00:00', '2019-01-01 00:00:00', 1),
('M20190101080000P635', 'P635', 1, '002', '2019', '1002', '0101', 'Manana_E1S0101', '10', '10B002', 'SARAY ESTHER RUA ARAGON', '2019-01-01 00:00:00', 10000, 'Normal', 'superadmin', 'superadmin', '2019-01-01 00:00:00', '2019-01-01 00:00:00', 1),
('M20190101080000P636', 'P636', 1, '002', '2019', '1002', '0101', 'Manana_E1S0101', '10', '10B002', 'JAIR GUSTAVO RUA SANTANA', '2019-01-01 00:00:00', 10000, 'Normal', 'superadmin', 'superadmin', '2019-01-01 00:00:00', '2019-01-01 00:00:00', 1),
('M20190101080000P637', 'P637', 1, '002', '2019', '1002', '0101', 'Manana_E1S0101', '10', '10B002', 'LUIS CAMILO SANTANDER MELGAREJO', '2019-01-01 00:00:00', 10000, 'Normal', 'superadmin', 'superadmin', '2019-01-01 00:00:00', '2019-01-01 00:00:00', 1),
('M20190101080000P638', 'P638', 1, '002', '2019', '1002', '0101', 'Manana_E1S0101', '10', '10B002', 'YADIRA ISABEL TORRES MARTINEZ', '2019-01-01 00:00:00', 10000, 'Normal', 'superadmin', 'superadmin', '2019-01-01 00:00:00', '2019-01-01 00:00:00', 1),
('M20190101080000P639', 'P639', 1, '002', '2019', '1002', '0101', 'Manana_E1S0101', '10', '10B002', 'YORLEYS PAOLA VALENCIA SANTANDER', '2019-01-01 00:00:00', 10000, 'Normal', 'superadmin', 'superadmin', '2019-01-01 00:00:00', '2019-01-01 00:00:00', 1),
('M20190101080000P64', 'P64', 1, '000', '2019', '1000', '0102', 'Manana_E1S0102', '0', '0A000', 'LIGIA AYDEE ALMANZA PI?ERO', '2019-01-01 00:00:00', 10000, 'Normal', 'superadmin', 'superadmin', '2019-01-01 00:00:00', '2019-01-01 00:00:00', 1),
('M20190101080000P640', 'P640', 1, '002', '2019', '1002', '0101', 'Manana_E1S0101', '11', '11A002', 'KAROLAY ANDREA BARRIOS CAMARGO', '2019-01-01 00:00:00', 10000, 'Normal', 'superadmin', 'superadmin', '2019-01-01 00:00:00', '2019-01-01 00:00:00', 1),
('M20190101080000P641', 'P641', 1, '002', '2019', '1002', '0101', 'Manana_E1S0101', '11', '11A002', 'MARYURIS DEL CARM FIGUEROA BARRIOS', '2019-01-01 00:00:00', 10000, 'Normal', 'superadmin', 'superadmin', '2019-01-01 00:00:00', '2019-01-01 00:00:00', 1),
('M20190101080000P642', 'P642', 1, '002', '2019', '1002', '0101', 'Manana_E1S0101', '11', '11A002', 'LILIMARYS  FONSECA GARAY', '2019-01-01 00:00:00', 10000, 'Normal', 'superadmin', 'superadmin', '2019-01-01 00:00:00', '2019-01-01 00:00:00', 1),
('M20190101080000P643', 'P643', 1, '002', '2019', '1002', '0101', 'Manana_E1S0101', '11', '11A002', 'HAISEL PATRICIA FONTALVO ALMANZA', '2019-01-01 00:00:00', 10000, 'Normal', 'superadmin', 'superadmin', '2019-01-01 00:00:00', '2019-01-01 00:00:00', 1),
('M20190101080000P644', 'P644', 1, '002', '2019', '1002', '0101', 'Manana_E1S0101', '11', '11A002', 'NATALIA PATRICIA GAMEZ GARCIA', '2019-01-01 00:00:00', 10000, 'Normal', 'superadmin', 'superadmin', '2019-01-01 00:00:00', '2019-01-01 00:00:00', 1),
('M20190101080000P645', 'P645', 1, '002', '2019', '1002', '0101', 'Manana_E1S0101', '11', '11A002', 'OSMAR MIGUEL GAMEZ ALMANZA', '2019-01-01 00:00:00', 10000, 'Normal', 'superadmin', 'superadmin', '2019-01-01 00:00:00', '2019-01-01 00:00:00', 1),
('M20190101080000P646', 'P646', 1, '002', '2019', '1002', '0101', 'Manana_E1S0101', '11', '11A002', 'YARYS PAOLA GARCIA OROZCO', '2019-01-01 00:00:00', 10000, 'Normal', 'superadmin', 'superadmin', '2019-01-01 00:00:00', '2019-01-01 00:00:00', 1),
('M20190101080000P647', 'P647', 1, '002', '2019', '1002', '0101', 'Manana_E1S0101', '11', '11A002', 'LESLY ANIETH GARCIA MARTINEZ', '2019-01-01 00:00:00', 10000, 'Normal', 'superadmin', 'superadmin', '2019-01-01 00:00:00', '2019-01-01 00:00:00', 1),
('M20190101080000P648', 'P648', 1, '002', '2019', '1002', '0101', 'Manana_E1S0101', '11', '11A002', 'DUBAN CAMILO GARCIA ALMANZA', '2019-01-01 00:00:00', 10000, 'Normal', 'superadmin', 'superadmin', '2019-01-01 00:00:00', '2019-01-01 00:00:00', 1),
('M20190101080000P649', 'P649', 1, '002', '2019', '1002', '0101', 'Manana_E1S0101', '11', '11A002', 'JESUS DAVID GARCIA CAMACHO', '2019-01-01 00:00:00', 10000, 'Normal', 'superadmin', 'superadmin', '2019-01-01 00:00:00', '2019-01-01 00:00:00', 1),
('M20190101080000P65', 'P65', 1, '000', '2019', '1000', '0102', 'Manana_E1S0102', '0', '0A000', 'GAEL ANDRES BARRIOS PANTOJA', '2019-01-01 00:00:00', 10000, 'Normal', 'superadmin', 'superadmin', '2019-01-01 00:00:00', '2019-01-01 00:00:00', 1),
('M20190101080000P650', 'P650', 1, '002', '2019', '1002', '0101', 'Manana_E1S0101', '11', '11A002', 'ANDRES GUSTAVO GUERRERO JIMENEZ', '2019-01-01 00:00:00', 10000, 'Normal', 'superadmin', 'superadmin', '2019-01-01 00:00:00', '2019-01-01 00:00:00', 1),
('M20190101080000P651', 'P651', 1, '002', '2019', '1002', '0101', 'Manana_E1S0101', '11', '11A002', 'ADRIANA MARIA LOZANO RUIZ', '2019-01-01 00:00:00', 10000, 'Normal', 'superadmin', 'superadmin', '2019-01-01 00:00:00', '2019-01-01 00:00:00', 1),
('M20190101080000P652', 'P652', 1, '002', '2019', '1002', '0101', 'Manana_E1S0101', '11', '11A002', 'IRENE ISABEL MARQUEZ VALENCIA', '2019-01-01 00:00:00', 10000, 'Normal', 'superadmin', 'superadmin', '2019-01-01 00:00:00', '2019-01-01 00:00:00', 1),
('M20190101080000P653', 'P653', 1, '002', '2019', '1002', '0101', 'Manana_E1S0101', '11', '11A002', 'NINOSKA ANDREA MARTINEZ ACOSTA', '2019-01-01 00:00:00', 10000, 'Normal', 'superadmin', 'superadmin', '2019-01-01 00:00:00', '2019-01-01 00:00:00', 1),
('M20190101080000P654', 'P654', 1, '002', '2019', '1002', '0101', 'Manana_E1S0101', '11', '11A002', 'GABRIEL JOSE MARTINEZ CAMARGO', '2019-01-01 00:00:00', 10000, 'Normal', 'superadmin', 'superadmin', '2019-01-01 00:00:00', '2019-01-01 00:00:00', 1),
('M20190101080000P655', 'P655', 1, '002', '2019', '1002', '0101', 'Manana_E1S0101', '11', '11A002', 'CAMILO ANDRES MEDINA CAMARGO', '2019-01-01 00:00:00', 10000, 'Normal', 'superadmin', 'superadmin', '2019-01-01 00:00:00', '2019-01-01 00:00:00', 1),
('M20190101080000P656', 'P656', 1, '002', '2019', '1002', '0101', 'Manana_E1S0101', '11', '11A002', 'JONATAN DAVID MELGAREJO VILLA', '2019-01-01 00:00:00', 10000, 'Normal', 'superadmin', 'superadmin', '2019-01-01 00:00:00', '2019-01-01 00:00:00', 1),
('M20190101080000P657', 'P657', 1, '002', '2019', '1002', '0101', 'Manana_E1S0101', '11', '11A002', 'ANA ISABEL MIRANDA FONSECA', '2019-01-01 00:00:00', 10000, 'Normal', 'superadmin', 'superadmin', '2019-01-01 00:00:00', '2019-01-01 00:00:00', 1),
('M20190101080000P658', 'P658', 1, '002', '2019', '1002', '0101', 'Manana_E1S0101', '11', '11A002', 'YESENIA DEL VALLE OROZCO TERAN', '2019-01-01 00:00:00', 10000, 'Normal', 'superadmin', 'superadmin', '2019-01-01 00:00:00', '2019-01-01 00:00:00', 1),
('M20190101080000P659', 'P659', 1, '002', '2019', '1002', '0101', 'Manana_E1S0101', '11', '11A002', 'LILIANA SALOME ORTEGA MONTERO', '2019-01-01 00:00:00', 10000, 'Normal', 'superadmin', 'superadmin', '2019-01-01 00:00:00', '2019-01-01 00:00:00', 1),
('M20190101080000P66', 'P66', 1, '000', '2019', '1000', '0102', 'Manana_E1S0102', '0', '0A000', 'ANDRES DAVID CAMARGO PADILLA', '2019-01-01 00:00:00', 10000, 'Normal', 'superadmin', 'superadmin', '2019-01-01 00:00:00', '2019-01-01 00:00:00', 1),
('M20190101080000P660', 'P660', 1, '002', '2019', '1002', '0101', 'Manana_E1S0101', '11', '11A002', 'MARLEY BELEN SANTANDER BARRIOS', '2019-01-01 00:00:00', 10000, 'Normal', 'superadmin', 'superadmin', '2019-01-01 00:00:00', '2019-01-01 00:00:00', 1),
('M20190101080000P661', 'P661', 1, '002', '2019', '1002', '0101', 'Manana_E1S0101', '11', '11A002', 'LUIS JAVIER SANTANDER SANCHEZ', '2019-01-01 00:00:00', 10000, 'Normal', 'superadmin', 'superadmin', '2019-01-01 00:00:00', '2019-01-01 00:00:00', 1),
('M20190101080000P662', 'P662', 1, '002', '2019', '1002', '0101', 'Manana_E1S0101', '11', '11A002', 'MARIA CLAUDIA VILLALBA GAMEZ', '2019-01-01 00:00:00', 10000, 'Normal', 'superadmin', 'superadmin', '2019-01-01 00:00:00', '2019-01-01 00:00:00', 1),
('M20190101080000P663', 'P663', 1, '002', '2019', '1002', '0101', 'Manana_E1S0101', '11', '11B002', 'DORIS MARITZA AGUILAR BOLA?O', '2019-01-01 00:00:00', 10000, 'Normal', 'superadmin', 'superadmin', '2019-01-01 00:00:00', '2019-01-01 00:00:00', 1),
('M20190101080000P664', 'P664', 1, '002', '2019', '1002', '0101', 'Manana_E1S0101', '11', '11B002', 'YESICA LORENA ALMANZA VILLA', '2019-01-01 00:00:00', 10000, 'Normal', 'superadmin', 'superadmin', '2019-01-01 00:00:00', '2019-01-01 00:00:00', 1),
('M20190101080000P665', 'P665', 1, '002', '2019', '1002', '0101', 'Manana_E1S0101', '11', '11B002', 'EDWIN JOSE ALMARZA LINARES', '2019-01-01 00:00:00', 10000, 'Normal', 'superadmin', 'superadmin', '2019-01-01 00:00:00', '2019-01-01 00:00:00', 1),
('M20190101080000P666', 'P666', 1, '002', '2019', '1002', '0101', 'Manana_E1S0101', '11', '11B002', 'ADRIANIS MARIA BARRIOS BECERRA', '2019-01-01 00:00:00', 10000, 'Normal', 'superadmin', 'superadmin', '2019-01-01 00:00:00', '2019-01-01 00:00:00', 1),
('M20190101080000P667', 'P667', 1, '002', '2019', '1002', '0101', 'Manana_E1S0101', '11', '11B002', 'DAYANIS MARIA BARRIOS MARTINEZ', '2019-01-01 00:00:00', 10000, 'Normal', 'superadmin', 'superadmin', '2019-01-01 00:00:00', '2019-01-01 00:00:00', 1),
('M20190101080000P668', 'P668', 1, '002', '2019', '1002', '0101', 'Manana_E1S0101', '11', '11B002', 'ANDRES GUILLERMO CAMARGO GARCIA', '2019-01-01 00:00:00', 10000, 'Normal', 'superadmin', 'superadmin', '2019-01-01 00:00:00', '2019-01-01 00:00:00', 1),
('M20190101080000P669', 'P669', 1, '002', '2019', '1002', '0101', 'Manana_E1S0101', '11', '11B002', 'GISELLA CAROLINA CAMARGO PALMERA', '2019-01-01 00:00:00', 10000, 'Normal', 'superadmin', 'superadmin', '2019-01-01 00:00:00', '2019-01-01 00:00:00', 1),
('M20190101080000P67', 'P67', 1, '000', '2019', '1000', '0102', 'Manana_E1S0102', '0', '0A000', 'CARLOS EMMANUEL CUERVO MARTINEZ', '2019-01-01 00:00:00', 10000, 'Normal', 'superadmin', 'superadmin', '2019-01-01 00:00:00', '2019-01-01 00:00:00', 1),
('M20190101080000P670', 'P670', 1, '002', '2019', '1002', '0101', 'Manana_E1S0101', '11', '11B002', 'YURLEIS PATRICIA FONSECA BARRIOS', '2019-01-01 00:00:00', 10000, 'Normal', 'superadmin', 'superadmin', '2019-01-01 00:00:00', '2019-01-01 00:00:00', 1),
('M20190101080000P671', 'P671', 1, '002', '2019', '1002', '0101', 'Manana_E1S0101', '11', '11B002', 'ANAIS MARIA GAMEZ ALMANZA', '2019-01-01 00:00:00', 10000, 'Normal', 'superadmin', 'superadmin', '2019-01-01 00:00:00', '2019-01-01 00:00:00', 1),
('M20190101080000P672', 'P672', 1, '002', '2019', '1002', '0101', 'Manana_E1S0101', '11', '11B002', 'JOSE LUIS GARCIA JIMENEZ', '2019-01-01 00:00:00', 10000, 'Normal', 'superadmin', 'superadmin', '2019-01-01 00:00:00', '2019-01-01 00:00:00', 1),
('M20190101080000P673', 'P673', 1, '002', '2019', '1002', '0101', 'Manana_E1S0101', '11', '11B002', 'LUIS MANUEL GOMEZ ORDO?EZ', '2019-01-01 00:00:00', 10000, 'Normal', 'superadmin', 'superadmin', '2019-01-01 00:00:00', '2019-01-01 00:00:00', 1),
('M20190101080000P674', 'P674', 1, '002', '2019', '1002', '0101', 'Manana_E1S0101', '11', '11B002', 'YAIRA PATRICIA GOMEZ BOLA?O', '2019-01-01 00:00:00', 10000, 'Normal', 'superadmin', 'superadmin', '2019-01-01 00:00:00', '2019-01-01 00:00:00', 1),
('M20190101080000P675', 'P675', 1, '002', '2019', '1002', '0101', 'Manana_E1S0101', '11', '11B002', 'ROBIN ALI MARTINEZ OROZCO', '2019-01-01 00:00:00', 10000, 'Normal', 'superadmin', 'superadmin', '2019-01-01 00:00:00', '2019-01-01 00:00:00', 1),
('M20190101080000P676', 'P676', 1, '002', '2019', '1002', '0101', 'Manana_E1S0101', '11', '11B002', 'IRINA MARCELA MELGAREJO MELGAREJO', '2019-01-01 00:00:00', 10000, 'Normal', 'superadmin', 'superadmin', '2019-01-01 00:00:00', '2019-01-01 00:00:00', 1),
('M20190101080000P677', 'P677', 1, '002', '2019', '1002', '0101', 'Manana_E1S0101', '11', '11B002', 'KEINER MANUEL NAVARRO MARQUEZ', '2019-01-01 00:00:00', 10000, 'Normal', 'superadmin', 'superadmin', '2019-01-01 00:00:00', '2019-01-01 00:00:00', 1),
('M20190101080000P678', 'P678', 1, '002', '2019', '1002', '0101', 'Manana_E1S0101', '11', '11B002', 'MARIO ALBERTO OSORIO DE LA HOZ', '2019-01-01 00:00:00', 10000, 'Normal', 'superadmin', 'superadmin', '2019-01-01 00:00:00', '2019-01-01 00:00:00', 1),
('M20190101080000P679', 'P679', 1, '002', '2019', '1002', '0101', 'Manana_E1S0101', '11', '11B002', 'ARMANDO RAFAEL PACHECO ROJANO', '2019-01-01 00:00:00', 10000, 'Normal', 'superadmin', 'superadmin', '2019-01-01 00:00:00', '2019-01-01 00:00:00', 1),
('M20190101080000P68', 'P68', 1, '000', '2019', '1000', '0102', 'Manana_E1S0102', '0', '0A000', 'FREINER DANIEL ESCORCIA MARTINEZ', '2019-01-01 00:00:00', 10000, 'Normal', 'superadmin', 'superadmin', '2019-01-01 00:00:00', '2019-01-01 00:00:00', 1),
('M20190101080000P680', 'P680', 1, '002', '2019', '1002', '0101', 'Manana_E1S0101', '11', '11B002', 'DUVAN ANDRES RUIZ DE LEON', '2019-01-01 00:00:00', 10000, 'Normal', 'superadmin', 'superadmin', '2019-01-01 00:00:00', '2019-01-01 00:00:00', 1),
('M20190101080000P681', 'P681', 1, '002', '2019', '1002', '0101', 'Manana_E1S0101', '11', '11B002', 'SENIT SILENA SALTARIN SANTANDER', '2019-01-01 00:00:00', 10000, 'Normal', 'superadmin', 'superadmin', '2019-01-01 00:00:00', '2019-01-01 00:00:00', 1),
('M20190101080000P682', 'P682', 1, '002', '2019', '1002', '0101', 'Manana_E1S0101', '11', '11B002', 'ANTONYS DE JESUS SANDOVAL RINCON', '2019-01-01 00:00:00', 10000, 'Normal', 'superadmin', 'superadmin', '2019-01-01 00:00:00', '2019-01-01 00:00:00', 1),
('M20190101080000P683', 'P683', 1, '002', '2019', '1002', '0101', 'Manana_E1S0101', '11', '11B002', 'DANIA ISABEL SANTANDER BOLA?O', '2019-01-01 00:00:00', 10000, 'Normal', 'superadmin', 'superadmin', '2019-01-01 00:00:00', '2019-01-01 00:00:00', 1),
('M20190101080000P684', 'P684', 1, '002', '2019', '1002', '0101', 'Manana_E1S0101', '11', '11B002', 'JOSE MIGUEL VALENCIA ARAGON', '2019-01-01 00:00:00', 10000, 'Normal', 'superadmin', 'superadmin', '2019-01-01 00:00:00', '2019-01-01 00:00:00', 1),
('M20190101080000P69', 'P69', 1, '000', '2019', '1000', '0102', 'Manana_E1S0102', '0', '0A000', 'LUIS JOSE JIMENEZ GAMEZ', '2019-01-01 00:00:00', 10000, 'Normal', 'superadmin', 'superadmin', '2019-01-01 00:00:00', '2019-01-01 00:00:00', 1),
('M20190101080000P70', 'P70', 1, '000', '2019', '1000', '0102', 'Manana_E1S0102', '0', '0A000', 'JOELYS MELISSA LOZANO GONZALEZ', '2019-01-01 00:00:00', 10000, 'Normal', 'superadmin', 'superadmin', '2019-01-01 00:00:00', '2019-01-01 00:00:00', 1),
('M20190101080000P71', 'P71', 1, '000', '2019', '1000', '0102', 'Manana_E1S0102', '0', '0A000', 'CESAR LUIS MARTINEZ GARCIA', '2019-01-01 00:00:00', 10000, 'Normal', 'superadmin', 'superadmin', '2019-01-01 00:00:00', '2019-01-01 00:00:00', 1),
('M20190101080000P72', 'P72', 1, '000', '2019', '1000', '0102', 'Manana_E1S0102', '0', '0A000', 'PEDRO LUIS MARTINEZ GAMEZ', '2019-01-01 00:00:00', 10000, 'Normal', 'superadmin', 'superadmin', '2019-01-01 00:00:00', '2019-01-01 00:00:00', 1),
('M20190101080000P73', 'P73', 1, '000', '2019', '1000', '0102', 'Manana_E1S0102', '0', '0A000', 'IAN DAVID MEDINA MEDINA', '2019-01-01 00:00:00', 10000, 'Normal', 'superadmin', 'superadmin', '2019-01-01 00:00:00', '2019-01-01 00:00:00', 1),
('M20190101080000P74', 'P74', 1, '000', '2019', '1000', '0102', 'Manana_E1S0102', '0', '0A000', 'KEISY JULIANA OROZCO ROBLES', '2019-01-01 00:00:00', 10000, 'Normal', 'superadmin', 'superadmin', '2019-01-01 00:00:00', '2019-01-01 00:00:00', 1),
('M20190101080000P75', 'P75', 1, '000', '2019', '1000', '0102', 'Manana_E1S0102', '0', '0A000', 'MARIA CELESTE OSORIO PEREZ', '2019-01-01 00:00:00', 10000, 'Normal', 'superadmin', 'superadmin', '2019-01-01 00:00:00', '2019-01-01 00:00:00', 1),
('M20190101080000P76', 'P76', 1, '000', '2019', '1000', '0102', 'Manana_E1S0102', '0', '0A000', 'JUAN GABRIEL OSORIO CARMONA', '2019-01-01 00:00:00', 10000, 'Normal', 'superadmin', 'superadmin', '2019-01-01 00:00:00', '2019-01-01 00:00:00', 1),
('M20190101080000P77', 'P77', 1, '000', '2019', '1000', '0102', 'Manana_E1S0102', '0', '0A000', 'CRISTIAN DANIEL OSPINO BARRIOS', '2019-01-01 00:00:00', 10000, 'Normal', 'superadmin', 'superadmin', '2019-01-01 00:00:00', '2019-01-01 00:00:00', 1),
('M20190101080000P78', 'P78', 1, '000', '2019', '1000', '0102', 'Manana_E1S0102', '0', '0A000', 'SAIRETH JOHANNA RAMIREZ CAMACHO', '2019-01-01 00:00:00', 10000, 'Normal', 'superadmin', 'superadmin', '2019-01-01 00:00:00', '2019-01-01 00:00:00', 1),
('M20190101080000P79', 'P79', 1, '000', '2019', '1000', '0102', 'Manana_E1S0102', '0', '0A000', 'LUCIANA NICOLL RODRIGUEZ ALMANZA', '2019-01-01 00:00:00', 10000, 'Normal', 'superadmin', 'superadmin', '2019-01-01 00:00:00', '2019-01-01 00:00:00', 1);
INSERT INTO `matriculasapp` (`id_matricula`, `id_estudiante`, `id_escuela`, `id_programa`, `id_periodo`, `id_planestudio`, `id_sede`, `id_jornada`, `numgrado_programa`, `id_grupo`, `nombrecompleto_estudiante`, `fecha_matricula`, `valor_matricula`, `estado_matricula`, `usuariocrea_matricula`, `usuarioedita_matricula`, `fechacrea_matricula`, `fechaedita_matricula`, `status_matricula`) VALUES
('M20190101080000P80', 'P80', 1, '000', '2019', '1000', '0102', 'Manana_E1S0102', '0', '0A000', 'GUADALUPE MARIA SANTANDER DE LEON', '2019-01-01 00:00:00', 10000, 'Normal', 'superadmin', 'superadmin', '2019-01-01 00:00:00', '2019-01-01 00:00:00', 1),
('M20190101080000P81', 'P81', 1, '000', '2019', '1000', '0102', 'Manana_E1S0102', '0', '0A000', 'ARIADNA  VILLA MARTINEZ', '2019-01-01 00:00:00', 10000, 'Normal', 'superadmin', 'superadmin', '2019-01-01 00:00:00', '2019-01-01 00:00:00', 1),
('M20190101080000P82', 'P82', 1, '000', '2019', '1000', '0102', 'Manana_E1S0102', '0', '0B000', 'JOVANY JOSE BOLA?O PALMERA', '2019-01-01 00:00:00', 10000, 'Normal', 'superadmin', 'superadmin', '2019-01-01 00:00:00', '2019-01-01 00:00:00', 1),
('M20190101080000P83', 'P83', 1, '000', '2019', '1000', '0102', 'Manana_E1S0102', '0', '0B000', 'LUISA FERNANDA BOLA?O JIMENEZ', '2019-01-01 00:00:00', 10000, 'Normal', 'superadmin', 'superadmin', '2019-01-01 00:00:00', '2019-01-01 00:00:00', 1),
('M20190101080000P84', 'P84', 1, '000', '2019', '1000', '0102', 'Manana_E1S0102', '0', '0B000', 'MATHIAS JAVIER CAMARGO RUIZ', '2019-01-01 00:00:00', 10000, 'Normal', 'superadmin', 'superadmin', '2019-01-01 00:00:00', '2019-01-01 00:00:00', 1),
('M20190101080000P85', 'P85', 1, '000', '2019', '1000', '0102', 'Manana_E1S0102', '0', '0B000', 'JOSE DE JESUS CARDENAS GUTIERREZ', '2019-01-01 00:00:00', 10000, 'Normal', 'superadmin', 'superadmin', '2019-01-01 00:00:00', '2019-01-01 00:00:00', 1),
('M20190101080000P86', 'P86', 1, '000', '2019', '1000', '0102', 'Manana_E1S0102', '0', '0B000', 'JORGE ANTONIO FONSECA GONZALEZ', '2019-01-01 00:00:00', 10000, 'Normal', 'superadmin', 'superadmin', '2019-01-01 00:00:00', '2019-01-01 00:00:00', 1),
('M20190101080000P87', 'P87', 1, '000', '2019', '1000', '0102', 'Manana_E1S0102', '0', '0B000', 'DEILYN PATRICIA FONSECA PALMERA', '2019-01-01 00:00:00', 10000, 'Normal', 'superadmin', 'superadmin', '2019-01-01 00:00:00', '2019-01-01 00:00:00', 1),
('M20190101080000P88', 'P88', 1, '000', '2019', '1000', '0102', 'Manana_E1S0102', '0', '0B000', 'MARIA ANGEL GOMEZ GUERRERO', '2019-01-01 00:00:00', 10000, 'Normal', 'superadmin', 'superadmin', '2019-01-01 00:00:00', '2019-01-01 00:00:00', 1),
('M20190101080000P89', 'P89', 1, '000', '2019', '1000', '0102', 'Manana_E1S0102', '0', '0B000', 'SILENA DEL CARMEN GONZALEZ GUTIERREZ', '2019-01-01 00:00:00', 10000, 'Normal', 'superadmin', 'superadmin', '2019-01-01 00:00:00', '2019-01-01 00:00:00', 1),
('M20190101080000P90', 'P90', 1, '000', '2019', '1000', '0102', 'Manana_E1S0102', '0', '0B000', 'JAMES DAVID GRANADOS MERI?O', '2019-01-01 00:00:00', 10000, 'Normal', 'superadmin', 'superadmin', '2019-01-01 00:00:00', '2019-01-01 00:00:00', 1),
('M20190101080000P91', 'P91', 1, '000', '2019', '1000', '0102', 'Manana_E1S0102', '0', '0B000', 'LUIS ANGEL HERNANDEZ ORTEGA', '2019-01-01 00:00:00', 10000, 'Normal', 'superadmin', 'superadmin', '2019-01-01 00:00:00', '2019-01-01 00:00:00', 1),
('M20190101080000P92', 'P92', 1, '000', '2019', '1000', '0102', 'Manana_E1S0102', '0', '0B000', 'TATIANA PATRICIA MARTINEZ GUTIERREZ', '2019-01-01 00:00:00', 10000, 'Normal', 'superadmin', 'superadmin', '2019-01-01 00:00:00', '2019-01-01 00:00:00', 1),
('M20190101080000P93', 'P93', 1, '000', '2019', '1000', '0102', 'Manana_E1S0102', '0', '0B000', 'MIRIAN JULIANA MARTINEZ JIMENEZ', '2019-01-01 00:00:00', 10000, 'Normal', 'superadmin', 'superadmin', '2019-01-01 00:00:00', '2019-01-01 00:00:00', 1),
('M20190101080000P94', 'P94', 1, '000', '2019', '1000', '0102', 'Manana_E1S0102', '0', '0B000', 'CESAR LUIS MARTINEZ ENAMORADO', '2019-01-01 00:00:00', 10000, 'Normal', 'superadmin', 'superadmin', '2019-01-01 00:00:00', '2019-01-01 00:00:00', 1),
('M20190101080000P95', 'P95', 1, '000', '2019', '1000', '0102', 'Manana_E1S0102', '0', '0B000', 'JOSE MANUEL NARVAEZ OROZCO', '2019-01-01 00:00:00', 10000, 'Normal', 'superadmin', 'superadmin', '2019-01-01 00:00:00', '2019-01-01 00:00:00', 1),
('M20190101080000P96', 'P96', 1, '000', '2019', '1000', '0102', 'Manana_E1S0102', '0', '0B000', 'CRISTIAN ANDRES OROZCO SOSSA', '2019-01-01 00:00:00', 10000, 'Normal', 'superadmin', 'superadmin', '2019-01-01 00:00:00', '2019-01-01 00:00:00', 1),
('M20190101080000P97', 'P97', 1, '000', '2019', '1000', '0102', 'Manana_E1S0102', '0', '0B000', 'AYLIN PATRICIA OROZCO TAPIAS', '2019-01-01 00:00:00', 10000, 'Normal', 'superadmin', 'superadmin', '2019-01-01 00:00:00', '2019-01-01 00:00:00', 1),
('M20190101080000P98', 'P98', 1, '000', '2019', '1000', '0102', 'Manana_E1S0102', '0', '0B000', 'LUIS GABRIEL ORTIZ BARRIOS', '2019-01-01 00:00:00', 10000, 'Normal', 'superadmin', 'superadmin', '2019-01-01 00:00:00', '2019-01-01 00:00:00', 1),
('M20190101080000P99', 'P99', 1, '000', '2019', '1000', '0102', 'Manana_E1S0102', '0', '0B000', 'VALERY  RAMOS REDONDO', '2019-01-01 00:00:00', 10000, 'Normal', 'superadmin', 'superadmin', '2019-01-01 00:00:00', '2019-01-01 00:00:00', 1);

-- --------------------------------------------------------

--
-- Estructura de tabla para la tabla `municipiosciudadesapp`
--

CREATE TABLE IF NOT EXISTS `municipiosciudadesapp` (
  `id_municipio` bigint(20) NOT NULL COMMENT 'Codigo del Municipio',
  `id_departamento` bigint(20) NOT NULL DEFAULT '0' COMMENT 'Codigo del Departamento',
  `id_pais` bigint(20) NOT NULL DEFAULT '0' COMMENT 'Codigo de Pais',
  `nombre_municipio` varchar(60) DEFAULT NULL COMMENT 'Nombre del Municipio',
  `status_municipio` tinyint(1) DEFAULT '1',
  PRIMARY KEY (`id_municipio`,`id_departamento`,`id_pais`),
  UNIQUE KEY `MunicipiosCiudadesApp_id_municipio_Idx` (`id_municipio`)
) ENGINE=InnoDB DEFAULT CHARSET=latin1 COMMENT='Ciudades o Municipios de cada Departamento';

-- --------------------------------------------------------

--
-- Estructura de tabla para la tabla `observadorestudianteapp`
--

CREATE TABLE IF NOT EXISTS `observadorestudianteapp` (
  `id_estudiante` varchar(24) NOT NULL COMMENT 'Codigo de Estudiante',
  `nombrecompleto_estudiante` varchar(200) NOT NULL COMMENT 'Nombre del Estudiante',
  `idacudiente1_estudiante` varchar(24) DEFAULT NULL COMMENT 'Acudiente 1',
  `idacudiente2_estudiante` varchar(24) DEFAULT NULL COMMENT 'Acudiente 2',
  `nombreacudiente1_estudiante` varchar(200) DEFAULT NULL COMMENT 'Nombre del Acudiente 1',
  `nombreacudiente2_estudiante` varchar(200) DEFAULT NULL COMMENT 'Nombre del Acudiente 2',
  `parentescoacudiente1_estudiante` varchar(40) DEFAULT NULL COMMENT 'Parentesco con Acuediente 1',
  `parentescoacudiente2_estudiante` varchar(40) DEFAULT NULL COMMENT 'Parentesco con Acudiente 2',
  `grupotiposangre_estudiante` varchar(2) DEFAULT NULL COMMENT 'Grupo Tipo Sangre',
  `rhtiposangre_estudiante` varchar(2) DEFAULT NULL COMMENT 'Factor RH Tipo de Sangre',
  `deficienciaauditiva_estudiante` tinyint(1) DEFAULT '0' COMMENT 'Deficiencia Auditiva',
  `deficienciavisual_estudiante` tinyint(1) DEFAULT '0' COMMENT 'Deficiencia Visual',
  `pesokg_estudiante` float DEFAULT NULL COMMENT 'Peso en Kg',
  `estaturam_estudiante` float DEFAULT NULL COMMENT 'Estatura en Metros',
  `alergias_estudiante` varchar(100) DEFAULT NULL COMMENT 'Alergias del Estudiante',
  `enfermedadcronica_estudiante` varchar(100) DEFAULT NULL COMMENT 'Enfermedad Cronica del Estudiante',
  `foto_estudiante` varchar(500) DEFAULT NULL COMMENT 'Foto del Estudiante',
  `imgdocumento_estudiante` varchar(500) DEFAULT NULL COMMENT 'Documento de Identidad Escaneado',
  `status_estudiante` tinyint(1) DEFAULT '1' COMMENT 'Estado del Registro',
  PRIMARY KEY (`id_estudiante`)
) ENGINE=InnoDB DEFAULT CHARSET=latin1 COMMENT='Observador del Estudiante';

--
-- Volcado de datos para la tabla `observadorestudianteapp`
--

INSERT INTO `observadorestudianteapp` (`id_estudiante`, `nombrecompleto_estudiante`, `idacudiente1_estudiante`, `idacudiente2_estudiante`, `nombreacudiente1_estudiante`, `nombreacudiente2_estudiante`, `parentescoacudiente1_estudiante`, `parentescoacudiente2_estudiante`, `grupotiposangre_estudiante`, `rhtiposangre_estudiante`, `deficienciaauditiva_estudiante`, `deficienciavisual_estudiante`, `pesokg_estudiante`, `estaturam_estudiante`, `alergias_estudiante`, `enfermedadcronica_estudiante`, `foto_estudiante`, `imgdocumento_estudiante`, `status_estudiante`) VALUES
('P0', '   ', NULL, NULL, NULL, NULL, NULL, NULL, NULL, NULL, 0, 0, NULL, NULL, NULL, NULL, NULL, NULL, 1),
('P100', 'MARIA ANGEL SANTANDER FONTALVO', 'NINGUNO', 'NINGUNO', 'NINGUNO', 'NINGUNO', 'NINGUNO', 'NINGUNO', '', '', 0, 0, 0, 0, 'No', 'No', 'EstudianteP100.jpg', 'DocumentoP100.jpg', 1),
('P101', 'KEILIN PAOLA SANTANDER MEDINA', 'NINGUNO', 'NINGUNO', 'NINGUNO', 'NINGUNO', 'NINGUNO', 'NINGUNO', '', '', 0, 0, 0, 0, 'No', 'No', 'EstudianteP101.jpg', 'DocumentoP101.jpg', 1),
('P102', 'YULEIMY MARIA SARMIENTO MORON', 'NINGUNO', 'NINGUNO', 'NINGUNO', 'NINGUNO', 'NINGUNO', 'NINGUNO', '', '', 0, 0, 0, 0, 'No', 'No', 'EstudianteP102.jpg', 'DocumentoP102.jpg', 1),
('P103', 'ROSA ANGELICA TAMARA RODRIGUEZ', 'NINGUNO', 'NINGUNO', 'NINGUNO', 'NINGUNO', 'NINGUNO', 'NINGUNO', '', '', 0, 0, 0, 0, 'No', 'No', 'EstudianteP103.jpg', 'DocumentoP103.jpg', 1),
('P104', 'CARLOS ANDRES VARELA VALDES', 'NINGUNO', 'NINGUNO', 'NINGUNO', 'NINGUNO', 'NINGUNO', 'NINGUNO', '', '', 0, 0, 0, 0, 'No', 'No', 'EstudianteP104.jpg', 'DocumentoP104.jpg', 1),
('P105', 'SAIRETH ERLEN ALMANZA GARCIA', 'NINGUNO', 'NINGUNO', 'NINGUNO', 'NINGUNO', 'NINGUNO', 'NINGUNO', '', '', 0, 0, 0, 0, 'No', 'No', 'EstudianteP105.jpg', 'DocumentoP105.jpg', 1),
('P106', 'YEIDER FARID BALLESTEROS BECERRA', 'NINGUNO', 'NINGUNO', 'NINGUNO', 'NINGUNO', 'NINGUNO', 'NINGUNO', '', '', 0, 0, 0, 0, 'No', 'No', 'EstudianteP106.jpg', 'DocumentoP106.jpg', 1),
('P107', 'DAVID GUSTAVO BARRIOS PEREA', 'NINGUNO', 'NINGUNO', 'NINGUNO', 'NINGUNO', 'NINGUNO', 'NINGUNO', '', '', 0, 0, 0, 0, 'No', 'No', 'EstudianteP107.jpg', 'DocumentoP107.jpg', 1),
('P108', 'LUIS MANUEL CERVANTES CAMARGO', 'NINGUNO', 'NINGUNO', 'NINGUNO', 'NINGUNO', 'NINGUNO', 'NINGUNO', '', '', 0, 0, 0, 0, 'No', 'No', 'EstudianteP108.jpg', 'DocumentoP108.jpg', 1),
('P109', 'JUDITH DEL AMPARO CERVERA MARTINEZ', 'NINGUNO', 'NINGUNO', 'NINGUNO', 'NINGUNO', 'NINGUNO', 'NINGUNO', '', '', 0, 0, 0, 0, 'No', 'No', 'EstudianteP109.jpg', 'DocumentoP109.jpg', 1),
('P110', 'SHAIRA NICOLL CUETO MATAMORO', 'NINGUNO', 'NINGUNO', 'NINGUNO', 'NINGUNO', 'NINGUNO', 'NINGUNO', '', '', 0, 0, 0, 0, 'No', 'No', 'EstudianteP110.jpg', 'DocumentoP110.jpg', 1),
('P111', 'YENEDID JULIETH DE LA ROSA ALMANZA', 'NINGUNO', 'NINGUNO', 'NINGUNO', 'NINGUNO', 'NINGUNO', 'NINGUNO', '', '', 0, 0, 0, 0, 'No', 'No', 'EstudianteP111.jpg', 'DocumentoP111.jpg', 1),
('P112', 'JHONMARLY RAQUEL FERNANDEZ GARCIA', 'NINGUNO', 'NINGUNO', 'NINGUNO', 'NINGUNO', 'NINGUNO', 'NINGUNO', '', '', 0, 0, 0, 0, 'No', 'No', 'EstudianteP112.jpg', 'DocumentoP112.jpg', 1),
('P113', 'CRISBER ALEF FIGUEROA ESTARITA', 'NINGUNO', 'NINGUNO', 'NINGUNO', 'NINGUNO', 'NINGUNO', 'NINGUNO', '', '', 0, 0, 0, 0, 'No', 'No', 'EstudianteP113.jpg', 'DocumentoP113.jpg', 1),
('P114', 'EDUARDO ENRIQUE FONSECA CARRASCAL', 'NINGUNO', 'NINGUNO', 'NINGUNO', 'NINGUNO', 'NINGUNO', 'NINGUNO', '', '', 0, 0, 0, 0, 'No', 'No', 'EstudianteP114.jpg', 'DocumentoP114.jpg', 1),
('P115', 'MARIA ANGEL GARCIA LOZANO', 'NINGUNO', 'NINGUNO', 'NINGUNO', 'NINGUNO', 'NINGUNO', 'NINGUNO', '', '', 0, 0, 0, 0, 'No', 'No', 'EstudianteP115.jpg', 'DocumentoP115.jpg', 1),
('P116', 'LALLYS MARIA GUTIERREZ GARCIA', 'NINGUNO', 'NINGUNO', 'NINGUNO', 'NINGUNO', 'NINGUNO', 'NINGUNO', '', '', 0, 0, 0, 0, 'No', 'No', 'EstudianteP116.jpg', 'DocumentoP116.jpg', 1),
('P117', 'JUAN MANUEL GUTIERREZ CARDENAS', 'NINGUNO', 'NINGUNO', 'NINGUNO', 'NINGUNO', 'NINGUNO', 'NINGUNO', '', '', 0, 0, 0, 0, 'No', 'No', 'EstudianteP117.jpg', 'DocumentoP117.jpg', 1),
('P118', 'PEDRO JOSE HERRERA YA?EZ', 'NINGUNO', 'NINGUNO', 'NINGUNO', 'NINGUNO', 'NINGUNO', 'NINGUNO', '', '', 0, 0, 0, 0, 'No', 'No', 'EstudianteP118.jpg', 'DocumentoP118.jpg', 1),
('P119', 'SAMUEL ANDRES JIMENEZ MELGAREJO', 'NINGUNO', 'NINGUNO', 'NINGUNO', 'NINGUNO', 'NINGUNO', 'NINGUNO', '', '', 0, 0, 0, 0, 'No', 'No', 'EstudianteP119.jpg', 'DocumentoP119.jpg', 1),
('P120', 'JUAN ANDRES LORA BOLA?O', 'NINGUNO', 'NINGUNO', 'NINGUNO', 'NINGUNO', 'NINGUNO', 'NINGUNO', '', '', 0, 0, 0, 0, 'No', 'No', 'EstudianteP120.jpg', 'DocumentoP120.jpg', 1),
('P121', 'LUIS GUILLERMO MEDINA MEDINA', 'NINGUNO', 'NINGUNO', 'NINGUNO', 'NINGUNO', 'NINGUNO', 'NINGUNO', '', '', 0, 0, 0, 0, 'No', 'No', 'EstudianteP121.jpg', 'DocumentoP121.jpg', 1),
('P122', 'YAHAIRA SOFIA MEDINA MENESES', 'NINGUNO', 'NINGUNO', 'NINGUNO', 'NINGUNO', 'NINGUNO', 'NINGUNO', '', '', 0, 0, 0, 0, 'No', 'No', 'EstudianteP122.jpg', 'DocumentoP122.jpg', 1),
('P123', 'JUAN GUILLERMO NAVARRO CAMARGO', 'NINGUNO', 'NINGUNO', 'NINGUNO', 'NINGUNO', 'NINGUNO', 'NINGUNO', '', '', 0, 0, 0, 0, 'No', 'No', 'EstudianteP123.jpg', 'DocumentoP123.jpg', 1),
('P124', 'FOLGER FARID OROZCO MARTINEZ', 'NINGUNO', 'NINGUNO', 'NINGUNO', 'NINGUNO', 'NINGUNO', 'NINGUNO', '', '', 0, 0, 0, 0, 'No', 'No', 'EstudianteP124.jpg', 'DocumentoP124.jpg', 1),
('P125', 'JUAN ANDRES OSORIO DE LA HOZ', 'NINGUNO', 'NINGUNO', 'NINGUNO', 'NINGUNO', 'NINGUNO', 'NINGUNO', '', '', 0, 0, 0, 0, 'No', 'No', 'EstudianteP125.jpg', 'DocumentoP125.jpg', 1),
('P126', 'EUDER JAVIER PALMERA BARRIOS', 'NINGUNO', 'NINGUNO', 'NINGUNO', 'NINGUNO', 'NINGUNO', 'NINGUNO', '', '', 0, 0, 0, 0, 'No', 'No', 'EstudianteP126.jpg', 'DocumentoP126.jpg', 1),
('P127', 'RONALD DAVID SALGADO VILLAR', 'NINGUNO', 'NINGUNO', 'NINGUNO', 'NINGUNO', 'NINGUNO', 'NINGUNO', '', '', 0, 0, 0, 0, 'No', 'No', 'EstudianteP127.jpg', 'DocumentoP127.jpg', 1),
('P128', 'YULEIMY CHIQUINQUIRA SARMIENTO MORON', 'NINGUNO', 'NINGUNO', 'NINGUNO', 'NINGUNO', 'NINGUNO', 'NINGUNO', '', '', 0, 0, 0, 0, 'No', 'No', 'EstudianteP128.jpg', 'DocumentoP128.jpg', 1),
('P129', 'DAVID JOSE VILLA CERVANTES', 'NINGUNO', 'NINGUNO', 'NINGUNO', 'NINGUNO', 'NINGUNO', 'NINGUNO', '', '', 0, 0, 0, 0, 'No', 'No', 'EstudianteP129.jpg', 'DocumentoP129.jpg', 1),
('P130', 'SMITH JOSE BARRIOS OROZCO', 'NINGUNO', 'NINGUNO', 'NINGUNO', 'NINGUNO', 'NINGUNO', 'NINGUNO', '', '', 0, 0, 0, 0, 'No', 'No', 'EstudianteP130.jpg', 'DocumentoP130.jpg', 1),
('P131', 'DAVID JOSE BOLA?O CHARRIS', 'NINGUNO', 'NINGUNO', 'NINGUNO', 'NINGUNO', 'NINGUNO', 'NINGUNO', '', '', 0, 0, 0, 0, 'No', 'No', 'EstudianteP131.jpg', 'DocumentoP131.jpg', 1),
('P132', 'SILVESTRE GUILLERMO BORRERO BECERRA', 'NINGUNO', 'NINGUNO', 'NINGUNO', 'NINGUNO', 'NINGUNO', 'NINGUNO', '', '', 0, 0, 0, 0, 'No', 'No', 'EstudianteP132.jpg', 'DocumentoP132.jpg', 1),
('P133', 'YOSDEIDER DE JESUS CAMPO VALENCIA', 'NINGUNO', 'NINGUNO', 'NINGUNO', 'NINGUNO', 'NINGUNO', 'NINGUNO', '', '', 0, 0, 0, 0, 'No', 'No', 'EstudianteP133.jpg', 'DocumentoP133.jpg', 1),
('P134', 'ZAMIR ANDRES CARDENAS GUTIERREZ', 'NINGUNO', 'NINGUNO', 'NINGUNO', 'NINGUNO', 'NINGUNO', 'NINGUNO', '', '', 0, 0, 0, 0, 'No', 'No', 'EstudianteP134.jpg', 'DocumentoP134.jpg', 1),
('P135', 'VALENTINA ISABEL CASTRO ORTIZ', 'NINGUNO', 'NINGUNO', 'NINGUNO', 'NINGUNO', 'NINGUNO', 'NINGUNO', '', '', 0, 0, 0, 0, 'No', 'No', 'EstudianteP135.jpg', 'DocumentoP135.jpg', 1),
('P136', 'ANDREA CAROLINA DE LA HOZ PEREA', 'NINGUNO', 'NINGUNO', 'NINGUNO', 'NINGUNO', 'NINGUNO', 'NINGUNO', '', '', 0, 0, 0, 0, 'No', 'No', 'EstudianteP136.jpg', 'DocumentoP136.jpg', 1),
('P137', 'YENEDIS JULIETH DE LA ROSA ALMANZA', 'NINGUNO', 'NINGUNO', 'NINGUNO', 'NINGUNO', 'NINGUNO', 'NINGUNO', '', '', 0, 0, 0, 0, 'No', 'No', 'EstudianteP137.jpg', 'DocumentoP137.jpg', 1),
('P138', 'SHERLYS MERLID FIGUEROA ESTARITA', 'NINGUNO', 'NINGUNO', 'NINGUNO', 'NINGUNO', 'NINGUNO', 'NINGUNO', '', '', 0, 0, 0, 0, 'No', 'No', 'EstudianteP138.jpg', 'DocumentoP138.jpg', 1),
('P139', 'ANGEL JOSE GOMEZ GUTIERREZ', 'NINGUNO', 'NINGUNO', 'NINGUNO', 'NINGUNO', 'NINGUNO', 'NINGUNO', '', '', 0, 0, 0, 0, 'No', 'No', 'EstudianteP139.jpg', 'DocumentoP139.jpg', 1),
('P140', 'ANTHONY JESUS GONZALEZ STAND', 'NINGUNO', 'NINGUNO', 'NINGUNO', 'NINGUNO', 'NINGUNO', 'NINGUNO', '', '', 0, 0, 0, 0, 'No', 'No', 'EstudianteP140.jpg', 'DocumentoP140.jpg', 1),
('P141', 'ELIEZER JOSE GUTIERREZ FONSECA', 'NINGUNO', 'NINGUNO', 'NINGUNO', 'NINGUNO', 'NINGUNO', 'NINGUNO', '', '', 0, 0, 0, 0, 'No', 'No', 'EstudianteP141.jpg', 'DocumentoP141.jpg', 1),
('P142', 'EGLIMAR DANIELA MARTINEZ LINARES', 'NINGUNO', 'NINGUNO', 'NINGUNO', 'NINGUNO', 'NINGUNO', 'NINGUNO', '', '', 0, 0, 0, 0, 'No', 'No', 'EstudianteP142.jpg', 'DocumentoP142.jpg', 1),
('P143', 'NICOLAS DANIEL MEDINA CAMPO', 'NINGUNO', 'NINGUNO', 'NINGUNO', 'NINGUNO', 'NINGUNO', 'NINGUNO', '', '', 0, 0, 0, 0, 'No', 'No', 'EstudianteP143.jpg', 'DocumentoP143.jpg', 1),
('P144', 'ANYOEL DE JESUS MIQUILENA PALMERA', 'NINGUNO', 'NINGUNO', 'NINGUNO', 'NINGUNO', 'NINGUNO', 'NINGUNO', '', '', 0, 0, 0, 0, 'No', 'No', 'EstudianteP144.jpg', 'DocumentoP144.jpg', 1),
('P145', 'GENESIS ESTHER NARVAEZ MARQUEZ', 'NINGUNO', 'NINGUNO', 'NINGUNO', 'NINGUNO', 'NINGUNO', 'NINGUNO', '', '', 0, 0, 0, 0, 'No', 'No', 'EstudianteP145.jpg', 'DocumentoP145.jpg', 1),
('P146', 'LUIS IGNACIO OCHOA CARABALLO', 'NINGUNO', 'NINGUNO', 'NINGUNO', 'NINGUNO', 'NINGUNO', 'NINGUNO', '', '', 0, 0, 0, 0, 'No', 'No', 'EstudianteP146.jpg', 'DocumentoP146.jpg', 1),
('P147', 'ANGELIN CECILIA OROZCO TAPIAS', 'NINGUNO', 'NINGUNO', 'NINGUNO', 'NINGUNO', 'NINGUNO', 'NINGUNO', '', '', 0, 0, 0, 0, 'No', 'No', 'EstudianteP147.jpg', 'DocumentoP147.jpg', 1),
('P148', 'JESUS DANIEL OROZCO PALMERA', 'NINGUNO', 'NINGUNO', 'NINGUNO', 'NINGUNO', 'NINGUNO', 'NINGUNO', '', '', 0, 0, 0, 0, 'No', 'No', 'EstudianteP148.jpg', 'DocumentoP148.jpg', 1),
('P149', 'YOLIBETH PAOLA OROZCO RAMIREZ', 'NINGUNO', 'NINGUNO', 'NINGUNO', 'NINGUNO', 'NINGUNO', 'NINGUNO', '', '', 0, 0, 0, 0, 'No', 'No', 'EstudianteP149.jpg', 'DocumentoP149.jpg', 1),
('P150', 'MICHEL PAOLA OSPINO BARRIOS', 'NINGUNO', 'NINGUNO', 'NINGUNO', 'NINGUNO', 'NINGUNO', 'NINGUNO', '', '', 0, 0, 0, 0, 'No', 'No', 'EstudianteP150.jpg', 'DocumentoP150.jpg', 1),
('P151', 'EUDER  PALMERA BARRIOS', 'NINGUNO', 'NINGUNO', 'NINGUNO', 'NINGUNO', 'NINGUNO', 'NINGUNO', '', '', 0, 0, 0, 0, 'No', 'No', 'EstudianteP151.jpg', 'DocumentoP151.jpg', 1),
('P152', 'MANUEL EDUARDO PEREA BENITEZ', 'NINGUNO', 'NINGUNO', 'NINGUNO', 'NINGUNO', 'NINGUNO', 'NINGUNO', '', '', 0, 0, 0, 0, 'No', 'No', 'EstudianteP152.jpg', 'DocumentoP152.jpg', 1),
('P153', 'JEFERSON DAVID QUINTANA MARTINEZ', 'NINGUNO', 'NINGUNO', 'NINGUNO', 'NINGUNO', 'NINGUNO', 'NINGUNO', '', '', 0, 0, 0, 0, 'No', 'No', 'EstudianteP153.jpg', 'DocumentoP153.jpg', 1),
('P154', 'DANIEL ALEJANDRO RANGEL GOMEZ', 'NINGUNO', 'NINGUNO', 'NINGUNO', 'NINGUNO', 'NINGUNO', 'NINGUNO', '', '', 0, 0, 0, 0, 'No', 'No', 'EstudianteP154.jpg', 'DocumentoP154.jpg', 1),
('P155', 'YULEIMY ALEJANDRA RUIZ GONZALEZ', 'NINGUNO', 'NINGUNO', 'NINGUNO', 'NINGUNO', 'NINGUNO', 'NINGUNO', '', '', 0, 0, 0, 0, 'No', 'No', 'EstudianteP155.jpg', 'DocumentoP155.jpg', 1),
('P156', 'PABLO ANTONIO TAPIAS GOMEZ', 'NINGUNO', 'NINGUNO', 'NINGUNO', 'NINGUNO', 'NINGUNO', 'NINGUNO', '', '', 0, 0, 0, 0, 'No', 'No', 'EstudianteP156.jpg', 'DocumentoP156.jpg', 1),
('P157', 'MELANI DE JESUS VALENCIA CASTILLO', 'NINGUNO', 'NINGUNO', 'NINGUNO', 'NINGUNO', 'NINGUNO', 'NINGUNO', '', '', 0, 0, 0, 0, 'No', 'No', 'EstudianteP157.jpg', 'DocumentoP157.jpg', 1),
('P158', 'ILYANIS MARIA AGUILAR BOLA?O', 'NINGUNO', 'NINGUNO', 'NINGUNO', 'NINGUNO', 'NINGUNO', 'NINGUNO', '', '', 0, 0, 0, 0, 'No', 'No', 'EstudianteP158.jpg', 'DocumentoP158.jpg', 1),
('P159', 'CARLOS MANUEL ALMANZA BECERRA', 'NINGUNO', 'NINGUNO', 'NINGUNO', 'NINGUNO', 'NINGUNO', 'NINGUNO', '', '', 0, 0, 0, 0, 'No', 'No', 'EstudianteP159.jpg', 'DocumentoP159.jpg', 1),
('P160', 'ANTONYS JESUS ARAGON BARRIOS', 'NINGUNO', 'NINGUNO', 'NINGUNO', 'NINGUNO', 'NINGUNO', 'NINGUNO', '', '', 0, 0, 0, 0, 'No', 'No', 'EstudianteP160.jpg', 'DocumentoP160.jpg', 1),
('P161', 'ORIANIS  BALLESTEROS MELGAREJO', 'NINGUNO', 'NINGUNO', 'NINGUNO', 'NINGUNO', 'NINGUNO', 'NINGUNO', '', '', 0, 0, 0, 0, 'No', 'No', 'EstudianteP161.jpg', 'DocumentoP161.jpg', 1),
('P162', 'YESENIA  BARRAZA POLO', 'NINGUNO', 'NINGUNO', 'NINGUNO', 'NINGUNO', 'NINGUNO', 'NINGUNO', '', '', 0, 0, 0, 0, 'No', 'No', 'EstudianteP162.jpg', 'DocumentoP162.jpg', 1),
('P163', 'GREGORIO DE JESUS BOGEL RODRIGUEZ', 'NINGUNO', 'NINGUNO', 'NINGUNO', 'NINGUNO', 'NINGUNO', 'NINGUNO', '', '', 0, 0, 0, 0, 'No', 'No', 'EstudianteP163.jpg', 'DocumentoP163.jpg', 1),
('P164', 'RAFAEL DE JESUS BOLA?O OROZCO', 'NINGUNO', 'NINGUNO', 'NINGUNO', 'NINGUNO', 'NINGUNO', 'NINGUNO', '', '', 0, 0, 0, 0, 'No', 'No', 'EstudianteP164.jpg', 'DocumentoP164.jpg', 1),
('P165', 'SERGIO ANDRES BOLA?O BECERRA', 'NINGUNO', 'NINGUNO', 'NINGUNO', 'NINGUNO', 'NINGUNO', 'NINGUNO', '', '', 0, 0, 0, 0, 'No', 'No', 'EstudianteP165.jpg', 'DocumentoP165.jpg', 1),
('P166', 'JOEL DAVID CAMARGO CAMARGO', 'NINGUNO', 'NINGUNO', 'NINGUNO', 'NINGUNO', 'NINGUNO', 'NINGUNO', '', '', 0, 0, 0, 0, 'No', 'No', 'EstudianteP166.jpg', 'DocumentoP166.jpg', 1),
('P167', 'VALERY ZULAY CRESPO MEDINA', 'NINGUNO', 'NINGUNO', 'NINGUNO', 'NINGUNO', 'NINGUNO', 'NINGUNO', '', '', 0, 0, 0, 0, 'No', 'No', 'EstudianteP167.jpg', 'DocumentoP167.jpg', 1),
('P168', 'DANIEL  CUETO CARRANZA', 'NINGUNO', 'NINGUNO', 'NINGUNO', 'NINGUNO', 'NINGUNO', 'NINGUNO', '', '', 0, 0, 0, 0, 'No', 'No', 'EstudianteP168.jpg', 'DocumentoP168.jpg', 1),
('P169', 'CINDY PAOLA DE LA HOZ BECERRA', 'NINGUNO', 'NINGUNO', 'NINGUNO', 'NINGUNO', 'NINGUNO', 'NINGUNO', '', '', 0, 0, 0, 0, 'No', 'No', 'EstudianteP169.jpg', 'DocumentoP169.jpg', 1),
('P170', 'MELANY KATIANA FONTANILLA PALMERA', 'NINGUNO', 'NINGUNO', 'NINGUNO', 'NINGUNO', 'NINGUNO', 'NINGUNO', '', '', 0, 0, 0, 0, 'No', 'No', 'EstudianteP170.jpg', 'DocumentoP170.jpg', 1),
('P171', 'EGLIMAR DANIELA MARTINEZ LINARES', 'NINGUNO', 'NINGUNO', 'NINGUNO', 'NINGUNO', 'NINGUNO', 'NINGUNO', '', '', 0, 0, 0, 0, 'No', 'No', 'EstudianteP171.jpg', 'DocumentoP171.jpg', 1),
('P172', 'ELKIN JUNIOR MARTINEZ GARCIA', 'NINGUNO', 'NINGUNO', 'NINGUNO', 'NINGUNO', 'NINGUNO', 'NINGUNO', '', '', 0, 0, 0, 0, 'No', 'No', 'EstudianteP172.jpg', 'DocumentoP172.jpg', 1),
('P173', 'YILIBETH PATRICIA MELGAREJO CAMARGO', 'NINGUNO', 'NINGUNO', 'NINGUNO', 'NINGUNO', 'NINGUNO', 'NINGUNO', '', '', 0, 0, 0, 0, 'No', 'No', 'EstudianteP173.jpg', 'DocumentoP173.jpg', 1),
('P174', 'YEANKELLY MARISELA OROZCO TERAN', 'NINGUNO', 'NINGUNO', 'NINGUNO', 'NINGUNO', 'NINGUNO', 'NINGUNO', '', '', 0, 0, 0, 0, 'No', 'No', 'EstudianteP174.jpg', 'DocumentoP174.jpg', 1),
('P175', 'DARIANA SOFIA OSORIO ARIZA', 'NINGUNO', 'NINGUNO', 'NINGUNO', 'NINGUNO', 'NINGUNO', 'NINGUNO', '', '', 0, 0, 0, 0, 'No', 'No', 'EstudianteP175.jpg', 'DocumentoP175.jpg', 1),
('P176', 'ISABELLA  PALMERA PERTUZI', 'NINGUNO', 'NINGUNO', 'NINGUNO', 'NINGUNO', 'NINGUNO', 'NINGUNO', '', '', 0, 0, 0, 0, 'No', 'No', 'EstudianteP176.jpg', 'DocumentoP176.jpg', 1),
('P177', 'YILBER FARID PALMERA CERVANTES', 'NINGUNO', 'NINGUNO', 'NINGUNO', 'NINGUNO', 'NINGUNO', 'NINGUNO', '', '', 0, 0, 0, 0, 'No', 'No', 'EstudianteP177.jpg', 'DocumentoP177.jpg', 1),
('P178', 'EIMER RAFAEL RAMOS REDONDO', 'NINGUNO', 'NINGUNO', 'NINGUNO', 'NINGUNO', 'NINGUNO', 'NINGUNO', '', '', 0, 0, 0, 0, 'No', 'No', 'EstudianteP178.jpg', 'DocumentoP178.jpg', 1),
('P179', 'ADRIAN DE JESUS ROMERO SANTANDER', 'NINGUNO', 'NINGUNO', 'NINGUNO', 'NINGUNO', 'NINGUNO', 'NINGUNO', '', '', 0, 0, 0, 0, 'No', 'No', 'EstudianteP179.jpg', 'DocumentoP179.jpg', 1),
('P180', 'ARMANDO DANIEL SANTANDER MEDINA', 'NINGUNO', 'NINGUNO', 'NINGUNO', 'NINGUNO', 'NINGUNO', 'NINGUNO', '', '', 0, 0, 0, 0, 'No', 'No', 'EstudianteP180.jpg', 'DocumentoP180.jpg', 1),
('P181', 'VICTORIA ISABEL VIDES ARAGON', 'NINGUNO', 'NINGUNO', 'NINGUNO', 'NINGUNO', 'NINGUNO', 'NINGUNO', '', '', 0, 0, 0, 0, 'No', 'No', 'EstudianteP181.jpg', 'DocumentoP181.jpg', 1),
('P182', 'MATHIAS DAVID VILLA CERVANTES', 'NINGUNO', 'NINGUNO', 'NINGUNO', 'NINGUNO', 'NINGUNO', 'NINGUNO', '', '', 0, 0, 0, 0, 'No', 'No', 'EstudianteP182.jpg', 'DocumentoP182.jpg', 1),
('P183', 'PAOLA KATHERINE VILORIA ALMANZA', 'NINGUNO', 'NINGUNO', 'NINGUNO', 'NINGUNO', 'NINGUNO', 'NINGUNO', '', '', 0, 0, 0, 0, 'No', 'No', 'EstudianteP183.jpg', 'DocumentoP183.jpg', 1),
('P184', 'LUIS MARIO BARRIOS MADRID', 'NINGUNO', 'NINGUNO', 'NINGUNO', 'NINGUNO', 'NINGUNO', 'NINGUNO', '', '', 0, 0, 0, 0, 'No', 'No', 'EstudianteP184.jpg', 'DocumentoP184.jpg', 1),
('P185', 'SHAROL JULIETH BLANCO PALMERA', 'NINGUNO', 'NINGUNO', 'NINGUNO', 'NINGUNO', 'NINGUNO', 'NINGUNO', '', '', 0, 0, 0, 0, 'No', 'No', 'EstudianteP185.jpg', 'DocumentoP185.jpg', 1),
('P186', 'JESUS MANUEL CAMARGO CAMARGO', 'NINGUNO', 'NINGUNO', 'NINGUNO', 'NINGUNO', 'NINGUNO', 'NINGUNO', '', '', 0, 0, 0, 0, 'No', 'No', 'EstudianteP186.jpg', 'DocumentoP186.jpg', 1),
('P187', 'DEIVIS DAVID CERVERA GARCIA', 'NINGUNO', 'NINGUNO', 'NINGUNO', 'NINGUNO', 'NINGUNO', 'NINGUNO', '', '', 0, 0, 0, 0, 'No', 'No', 'EstudianteP187.jpg', 'DocumentoP187.jpg', 1),
('P188', 'IVAN DE JESUS CERVERA GAMEZ', 'NINGUNO', 'NINGUNO', 'NINGUNO', 'NINGUNO', 'NINGUNO', 'NINGUNO', '', '', 0, 0, 0, 0, 'No', 'No', 'EstudianteP188.jpg', 'DocumentoP188.jpg', 1),
('P189', 'JASLEIDYS MERCEDES CERVERA PALMERA', 'NINGUNO', 'NINGUNO', 'NINGUNO', 'NINGUNO', 'NINGUNO', 'NINGUNO', '', '', 0, 0, 0, 0, 'No', 'No', 'EstudianteP189.jpg', 'DocumentoP189.jpg', 1),
('P190', 'VALENTINA  COLONA CASTILLO', 'NINGUNO', 'NINGUNO', 'NINGUNO', 'NINGUNO', 'NINGUNO', 'NINGUNO', '', '', 0, 0, 0, 0, 'No', 'No', 'EstudianteP190.jpg', 'DocumentoP190.jpg', 1),
('P191', 'BETSY LILIANA GALLARDO RUIZ', 'NINGUNO', 'NINGUNO', 'NINGUNO', 'NINGUNO', 'NINGUNO', 'NINGUNO', '', '', 0, 0, 0, 0, 'No', 'No', 'EstudianteP191.jpg', 'DocumentoP191.jpg', 1),
('P192', 'SAELYZ JOHANA GARCIA BARRIOS', 'NINGUNO', 'NINGUNO', 'NINGUNO', 'NINGUNO', 'NINGUNO', 'NINGUNO', '', '', 0, 0, 0, 0, 'No', 'No', 'EstudianteP192.jpg', 'DocumentoP192.jpg', 1),
('P193', 'ANA MILENA JIMENEZ GAMEZ', 'NINGUNO', 'NINGUNO', 'NINGUNO', 'NINGUNO', 'NINGUNO', 'NINGUNO', '', '', 0, 0, 0, 0, 'No', 'No', 'EstudianteP193.jpg', 'DocumentoP193.jpg', 1),
('P194', 'LUCIANA PATRICIA LORA ESCORCIA', 'NINGUNO', 'NINGUNO', 'NINGUNO', 'NINGUNO', 'NINGUNO', 'NINGUNO', '', '', 0, 0, 0, 0, 'No', 'No', 'EstudianteP194.jpg', 'DocumentoP194.jpg', 1),
('P195', 'LUIS ALBERTO LOZANO PERTUZ', 'NINGUNO', 'NINGUNO', 'NINGUNO', 'NINGUNO', 'NINGUNO', 'NINGUNO', '', '', 0, 0, 0, 0, 'No', 'No', 'EstudianteP195.jpg', 'DocumentoP195.jpg', 1),
('P196', 'YELURSON LUIS MARTINEZ DE LEON', 'NINGUNO', 'NINGUNO', 'NINGUNO', 'NINGUNO', 'NINGUNO', 'NINGUNO', '', '', 0, 0, 0, 0, 'No', 'No', 'EstudianteP196.jpg', 'DocumentoP196.jpg', 1),
('P197', 'DAVID DANIEL MARTINEZ OROZCO', 'NINGUNO', 'NINGUNO', 'NINGUNO', 'NINGUNO', 'NINGUNO', 'NINGUNO', '', '', 0, 0, 0, 0, 'No', 'No', 'EstudianteP197.jpg', 'DocumentoP197.jpg', 1),
('P198', 'KEIROL DE DIOS MARTINEZ MANGA', 'NINGUNO', 'NINGUNO', 'NINGUNO', 'NINGUNO', 'NINGUNO', 'NINGUNO', '', '', 0, 0, 0, 0, 'No', 'No', 'EstudianteP198.jpg', 'DocumentoP198.jpg', 1),
('P199', 'EILYN DANIELA MEDINA MARTINEZ', 'NINGUNO', 'NINGUNO', 'NINGUNO', 'NINGUNO', 'NINGUNO', 'NINGUNO', '', '', 0, 0, 0, 0, 'No', 'No', 'EstudianteP199.jpg', 'DocumentoP199.jpg', 1),
('P200', 'ISABELLA MARIA MIER MEDINA', 'NINGUNO', 'NINGUNO', 'NINGUNO', 'NINGUNO', 'NINGUNO', 'NINGUNO', '', '', 0, 0, 0, 0, 'No', 'No', 'EstudianteP200.jpg', 'DocumentoP200.jpg', 1),
('P201', 'EINER GUILLERMO OCHOA VIDES', 'NINGUNO', 'NINGUNO', 'NINGUNO', 'NINGUNO', 'NINGUNO', 'NINGUNO', '', '', 0, 0, 0, 0, 'No', 'No', 'EstudianteP201.jpg', 'DocumentoP201.jpg', 1),
('P202', 'MARYURIS  OCHOA FERNANDEZ', 'NINGUNO', 'NINGUNO', 'NINGUNO', 'NINGUNO', 'NINGUNO', 'NINGUNO', '', '', 0, 0, 0, 0, 'No', 'No', 'EstudianteP202.jpg', 'DocumentoP202.jpg', 1),
('P203', 'MICHELL LUNA OROZCO SOSSA', 'NINGUNO', 'NINGUNO', 'NINGUNO', 'NINGUNO', 'NINGUNO', 'NINGUNO', '', '', 0, 0, 0, 0, 'No', 'No', 'EstudianteP203.jpg', 'DocumentoP203.jpg', 1),
('P204', 'YAMIR DE JESUS OROZCO MELGAREJO', 'NINGUNO', 'NINGUNO', 'NINGUNO', 'NINGUNO', 'NINGUNO', 'NINGUNO', '', '', 0, 0, 0, 0, 'No', 'No', 'EstudianteP204.jpg', 'DocumentoP204.jpg', 1),
('P205', 'JONATAN ALBERTO ZABALETA AHUMADA', 'NINGUNO', 'NINGUNO', 'NINGUNO', 'NINGUNO', 'NINGUNO', 'NINGUNO', '', '', 0, 0, 0, 0, 'No', 'No', 'EstudianteP205.jpg', 'DocumentoP205.jpg', 1),
('P206', 'MAYERLIN AMPARO ALMANZA PI?EROS', 'NINGUNO', 'NINGUNO', 'NINGUNO', 'NINGUNO', 'NINGUNO', 'NINGUNO', '', '', 0, 0, 0, 0, 'No', 'No', 'EstudianteP206.jpg', 'DocumentoP206.jpg', 1),
('P207', 'DUBERLIS MARCELA BLANCO BECERRA', 'NINGUNO', 'NINGUNO', 'NINGUNO', 'NINGUNO', 'NINGUNO', 'NINGUNO', '', '', 0, 0, 0, 0, 'No', 'No', 'EstudianteP207.jpg', 'DocumentoP207.jpg', 1),
('P208', 'NELSON MANUEL BOLA?O RUIZ', 'NINGUNO', 'NINGUNO', 'NINGUNO', 'NINGUNO', 'NINGUNO', 'NINGUNO', '', '', 0, 0, 0, 0, 'No', 'No', 'EstudianteP208.jpg', 'DocumentoP208.jpg', 1),
('P209', 'LUIFER DAVID CAMARGO PADILLA', 'NINGUNO', 'NINGUNO', 'NINGUNO', 'NINGUNO', 'NINGUNO', 'NINGUNO', '', '', 0, 0, 0, 0, 'No', 'No', 'EstudianteP209.jpg', 'DocumentoP209.jpg', 1),
('P210', 'JHONATAN DE JESUS CAMPO PALMERA', 'NINGUNO', 'NINGUNO', 'NINGUNO', 'NINGUNO', 'NINGUNO', 'NINGUNO', '', '', 0, 0, 0, 0, 'No', 'No', 'EstudianteP210.jpg', 'DocumentoP210.jpg', 1),
('P211', 'CHANTAL  CERVANTES ZABALETA', 'NINGUNO', 'NINGUNO', 'NINGUNO', 'NINGUNO', 'NINGUNO', 'NINGUNO', '', '', 0, 0, 0, 0, 'No', 'No', 'EstudianteP211.jpg', 'DocumentoP211.jpg', 1),
('P212', 'ENIRETH CAMILA DE ANGEL ARRIETA', 'NINGUNO', 'NINGUNO', 'NINGUNO', 'NINGUNO', 'NINGUNO', 'NINGUNO', '', '', 0, 0, 0, 0, 'No', 'No', 'EstudianteP212.jpg', 'DocumentoP212.jpg', 1),
('P213', 'ARYANNIS  DE LEON BARRIOS', 'NINGUNO', 'NINGUNO', 'NINGUNO', 'NINGUNO', 'NINGUNO', 'NINGUNO', '', '', 0, 0, 0, 0, 'No', 'No', 'EstudianteP213.jpg', 'DocumentoP213.jpg', 1),
('P214', 'ARIANA CECILIA GOMEZ GAMEZ', 'NINGUNO', 'NINGUNO', 'NINGUNO', 'NINGUNO', 'NINGUNO', 'NINGUNO', '', '', 0, 0, 0, 0, 'No', 'No', 'EstudianteP214.jpg', 'DocumentoP214.jpg', 1),
('P215', 'YORDANA MARIA JARAMILLO OROZCO', 'NINGUNO', 'NINGUNO', 'NINGUNO', 'NINGUNO', 'NINGUNO', 'NINGUNO', '', '', 0, 0, 0, 0, 'No', 'No', 'EstudianteP215.jpg', 'DocumentoP215.jpg', 1),
('P216', 'MEIDER JESUS LORA ESCORCIA', 'NINGUNO', 'NINGUNO', 'NINGUNO', 'NINGUNO', 'NINGUNO', 'NINGUNO', '', '', 0, 0, 0, 0, 'No', 'No', 'EstudianteP216.jpg', 'DocumentoP216.jpg', 1),
('P217', 'MILAGRO DEL CARMEN MARTINEZ SANTANDER', 'NINGUNO', 'NINGUNO', 'NINGUNO', 'NINGUNO', 'NINGUNO', 'NINGUNO', '', '', 0, 0, 0, 0, 'No', 'No', 'EstudianteP217.jpg', 'DocumentoP217.jpg', 1),
('P218', 'MARIA ALEJANDRA OCHOA CARABALLO', 'NINGUNO', 'NINGUNO', 'NINGUNO', 'NINGUNO', 'NINGUNO', 'NINGUNO', '', '', 0, 0, 0, 0, 'No', 'No', 'EstudianteP218.jpg', 'DocumentoP218.jpg', 1),
('P219', 'JAIDER LUIS OCHOA FERNANDEZ', 'NINGUNO', 'NINGUNO', 'NINGUNO', 'NINGUNO', 'NINGUNO', 'NINGUNO', '', '', 0, 0, 0, 0, 'No', 'No', 'EstudianteP219.jpg', 'DocumentoP219.jpg', 1),
('P220', 'LIS ANYENLIS OROZCO MU?IZ', 'NINGUNO', 'NINGUNO', 'NINGUNO', 'NINGUNO', 'NINGUNO', 'NINGUNO', '', '', 0, 0, 0, 0, 'No', 'No', 'EstudianteP220.jpg', 'DocumentoP220.jpg', 1),
('P221', 'RUBEN DARIO PALMERA BARRIOS', 'NINGUNO', 'NINGUNO', 'NINGUNO', 'NINGUNO', 'NINGUNO', 'NINGUNO', '', '', 0, 0, 0, 0, 'No', 'No', 'EstudianteP221.jpg', 'DocumentoP221.jpg', 1),
('P222', 'JHONATAN DAVID PALMERA PUENTES', 'NINGUNO', 'NINGUNO', 'NINGUNO', 'NINGUNO', 'NINGUNO', 'NINGUNO', '', '', 0, 0, 0, 0, 'No', 'No', 'EstudianteP222.jpg', 'DocumentoP222.jpg', 1),
('P223', 'MARIA DE JESUS PEREA BENITEZ', 'NINGUNO', 'NINGUNO', 'NINGUNO', 'NINGUNO', 'NINGUNO', 'NINGUNO', '', '', 0, 0, 0, 0, 'No', 'No', 'EstudianteP223.jpg', 'DocumentoP223.jpg', 1),
('P224', 'JESUS DAVID SANTANDER ESCALANTE', 'NINGUNO', 'NINGUNO', 'NINGUNO', 'NINGUNO', 'NINGUNO', 'NINGUNO', '', '', 0, 0, 0, 0, 'No', 'No', 'EstudianteP224.jpg', 'DocumentoP224.jpg', 1),
('P225', 'MARIA ELENA TAMARA RODRIGUEZ', 'NINGUNO', 'NINGUNO', 'NINGUNO', 'NINGUNO', 'NINGUNO', 'NINGUNO', '', '', 0, 0, 0, 0, 'No', 'No', 'EstudianteP225.jpg', 'DocumentoP225.jpg', 1),
('P226', 'ANDRES ALFONSO VILLAMIL CERVANTES', 'NINGUNO', 'NINGUNO', 'NINGUNO', 'NINGUNO', 'NINGUNO', 'NINGUNO', '', '', 0, 0, 0, 0, 'No', 'No', 'EstudianteP226.jpg', 'DocumentoP226.jpg', 1),
('P227', 'LUZ KARIME YEPES PADILLA', 'NINGUNO', 'NINGUNO', 'NINGUNO', 'NINGUNO', 'NINGUNO', 'NINGUNO', '', '', 0, 0, 0, 0, 'No', 'No', 'EstudianteP227.jpg', 'DocumentoP227.jpg', 1),
('P228', 'MANUEL JOSE ALMANZA GARCIA', 'NINGUNO', 'NINGUNO', 'NINGUNO', 'NINGUNO', 'NINGUNO', 'NINGUNO', '', '', 0, 0, 0, 0, 'No', 'No', 'EstudianteP228.jpg', 'DocumentoP228.jpg', 1),
('P229', 'DILAN JAIR BOLA?O OROZCO', 'NINGUNO', 'NINGUNO', 'NINGUNO', 'NINGUNO', 'NINGUNO', 'NINGUNO', '', '', 0, 0, 0, 0, 'No', 'No', 'EstudianteP229.jpg', 'DocumentoP229.jpg', 1),
('P230', 'JEFFERSON  COLONA GARCIA', 'NINGUNO', 'NINGUNO', 'NINGUNO', 'NINGUNO', 'NINGUNO', 'NINGUNO', '', '', 0, 0, 0, 0, 'No', 'No', 'EstudianteP230.jpg', 'DocumentoP230.jpg', 1),
('P231', 'KEITHYN JOHANA FONSECA MARCHENA', 'NINGUNO', 'NINGUNO', 'NINGUNO', 'NINGUNO', 'NINGUNO', 'NINGUNO', '', '', 0, 0, 0, 0, 'No', 'No', 'EstudianteP231.jpg', 'DocumentoP231.jpg', 1),
('P232', 'EDGAR ALFREDO FONTALVO BOLA?O', 'NINGUNO', 'NINGUNO', 'NINGUNO', 'NINGUNO', 'NINGUNO', 'NINGUNO', '', '', 0, 0, 0, 0, 'No', 'No', 'EstudianteP232.jpg', 'DocumentoP232.jpg', 1),
('P233', 'LEADER ALBERTO GOMEZ GUTIERREZ', 'NINGUNO', 'NINGUNO', 'NINGUNO', 'NINGUNO', 'NINGUNO', 'NINGUNO', '', '', 0, 0, 0, 0, 'No', 'No', 'EstudianteP233.jpg', 'DocumentoP233.jpg', 1),
('P234', 'MARINEY  LORA CANTILLO', 'NINGUNO', 'NINGUNO', 'NINGUNO', 'NINGUNO', 'NINGUNO', 'NINGUNO', '', '', 0, 0, 0, 0, 'No', 'No', 'EstudianteP234.jpg', 'DocumentoP234.jpg', 1),
('P235', 'RONAL ALBERTO MARTINEZ LOZANO', 'NINGUNO', 'NINGUNO', 'NINGUNO', 'NINGUNO', 'NINGUNO', 'NINGUNO', '', '', 0, 0, 0, 0, 'No', 'No', 'EstudianteP235.jpg', 'DocumentoP235.jpg', 1),
('P236', 'LAURA SOFIA MARTINEZ BECERRA', 'NINGUNO', 'NINGUNO', 'NINGUNO', 'NINGUNO', 'NINGUNO', 'NINGUNO', '', '', 0, 0, 0, 0, 'No', 'No', 'EstudianteP236.jpg', 'DocumentoP236.jpg', 1),
('P237', 'MILAGROS DEL CARMEN MARTINEZ SANTANDER', 'NINGUNO', 'NINGUNO', 'NINGUNO', 'NINGUNO', 'NINGUNO', 'NINGUNO', '', '', 0, 0, 0, 0, 'No', 'No', 'EstudianteP237.jpg', 'DocumentoP237.jpg', 1),
('P238', 'LILIBETH  MELGAREJO SANTANDER', 'NINGUNO', 'NINGUNO', 'NINGUNO', 'NINGUNO', 'NINGUNO', 'NINGUNO', '', '', 0, 0, 0, 0, 'No', 'No', 'EstudianteP238.jpg', 'DocumentoP238.jpg', 1),
('P239', 'SANTIAGO ANDRES NAVARRO CAMARGO', 'NINGUNO', 'NINGUNO', 'NINGUNO', 'NINGUNO', 'NINGUNO', 'NINGUNO', '', '', 0, 0, 0, 0, 'No', 'No', 'EstudianteP239.jpg', 'DocumentoP239.jpg', 1),
('P240', 'LESMY DANIELA OROZCO CASTRO', 'NINGUNO', 'NINGUNO', 'NINGUNO', 'NINGUNO', 'NINGUNO', 'NINGUNO', '', '', 0, 0, 0, 0, 'No', 'No', 'EstudianteP240.jpg', 'DocumentoP240.jpg', 1),
('P241', 'ARYIS DE JESUS PADILLA LOZANO', 'NINGUNO', 'NINGUNO', 'NINGUNO', 'NINGUNO', 'NINGUNO', 'NINGUNO', '', '', 0, 0, 0, 0, 'No', 'No', 'EstudianteP241.jpg', 'DocumentoP241.jpg', 1),
('P242', 'DEIVER DANIEL PANTOJA REDONDO', 'NINGUNO', 'NINGUNO', 'NINGUNO', 'NINGUNO', 'NINGUNO', 'NINGUNO', '', '', 0, 0, 0, 0, 'No', 'No', 'EstudianteP242.jpg', 'DocumentoP242.jpg', 1),
('P243', 'LUISFER  QUINTANA MARTINEZ', 'NINGUNO', 'NINGUNO', 'NINGUNO', 'NINGUNO', 'NINGUNO', 'NINGUNO', '', '', 0, 0, 0, 0, 'No', 'No', 'EstudianteP243.jpg', 'DocumentoP243.jpg', 1),
('P244', 'MARIANA CANDELARIA SALTARIN GARCIA', 'NINGUNO', 'NINGUNO', 'NINGUNO', 'NINGUNO', 'NINGUNO', 'NINGUNO', '', '', 0, 0, 0, 0, 'No', 'No', 'EstudianteP244.jpg', 'DocumentoP244.jpg', 1),
('P245', 'DIUVER DE JESUS TAPIAS MARTINEZ', 'NINGUNO', 'NINGUNO', 'NINGUNO', 'NINGUNO', 'NINGUNO', 'NINGUNO', '', '', 0, 0, 0, 0, 'No', 'No', 'EstudianteP245.jpg', 'DocumentoP245.jpg', 1),
('P246', 'SAMUEL DAVID TAPIAS CAMARGO', 'NINGUNO', 'NINGUNO', 'NINGUNO', 'NINGUNO', 'NINGUNO', 'NINGUNO', '', '', 0, 0, 0, 0, 'No', 'No', 'EstudianteP246.jpg', 'DocumentoP246.jpg', 1),
('P247', 'JESUS DANIEL VALENCIA CASTILLO', 'NINGUNO', 'NINGUNO', 'NINGUNO', 'NINGUNO', 'NINGUNO', 'NINGUNO', '', '', 0, 0, 0, 0, 'No', 'No', 'EstudianteP247.jpg', 'DocumentoP247.jpg', 1),
('P248', 'MARIA FERNANDA VILORIA ALMANZA', 'NINGUNO', 'NINGUNO', 'NINGUNO', 'NINGUNO', 'NINGUNO', 'NINGUNO', '', '', 0, 0, 0, 0, 'No', 'No', 'EstudianteP248.jpg', 'DocumentoP248.jpg', 1),
('P249', 'SEBASTIAN  BALLESTERO MELGAREJO', 'NINGUNO', 'NINGUNO', 'NINGUNO', 'NINGUNO', 'NINGUNO', 'NINGUNO', '', '', 0, 0, 0, 0, 'No', 'No', 'EstudianteP249.jpg', 'DocumentoP249.jpg', 1),
('P250', 'ANDRES  BARRIOS DE LEON', 'NINGUNO', 'NINGUNO', 'NINGUNO', 'NINGUNO', 'NINGUNO', 'NINGUNO', '', '', 0, 0, 0, 0, 'No', 'No', 'EstudianteP250.jpg', 'DocumentoP250.jpg', 1),
('P251', 'EMANUEL JOSE BARRIOS CANTILLO', 'NINGUNO', 'NINGUNO', 'NINGUNO', 'NINGUNO', 'NINGUNO', 'NINGUNO', '', '', 0, 0, 0, 0, 'No', 'No', 'EstudianteP251.jpg', 'DocumentoP251.jpg', 1),
('P252', 'YEISON JOSE BOLANO VILLA', 'NINGUNO', 'NINGUNO', 'NINGUNO', 'NINGUNO', 'NINGUNO', 'NINGUNO', '', '', 0, 0, 0, 0, 'No', 'No', 'EstudianteP252.jpg', 'DocumentoP252.jpg', 1),
('P253', 'ALEJANDRA MARIA BOLA?O OROZCO', 'NINGUNO', 'NINGUNO', 'NINGUNO', 'NINGUNO', 'NINGUNO', 'NINGUNO', '', '', 0, 0, 0, 0, 'No', 'No', 'EstudianteP253.jpg', 'DocumentoP253.jpg', 1),
('P254', 'LUZ MARIA BOLA?O ROSADO', 'NINGUNO', 'NINGUNO', 'NINGUNO', 'NINGUNO', 'NINGUNO', 'NINGUNO', '', '', 0, 0, 0, 0, 'No', 'No', 'EstudianteP254.jpg', 'DocumentoP254.jpg', 1),
('P255', 'KEILER DE JESUS CAMARGO PALMERA', 'NINGUNO', 'NINGUNO', 'NINGUNO', 'NINGUNO', 'NINGUNO', 'NINGUNO', '', '', 0, 0, 0, 0, 'No', 'No', 'EstudianteP255.jpg', 'DocumentoP255.jpg', 1),
('P256', 'YORLINDIS PAOLA CAMPO PEREA', 'NINGUNO', 'NINGUNO', 'NINGUNO', 'NINGUNO', 'NINGUNO', 'NINGUNO', '', '', 0, 0, 0, 0, 'No', 'No', 'EstudianteP256.jpg', 'DocumentoP256.jpg', 1),
('P257', 'AIDEE MARIA CUEVA GARCIA', 'NINGUNO', 'NINGUNO', 'NINGUNO', 'NINGUNO', 'NINGUNO', 'NINGUNO', '', '', 0, 0, 0, 0, 'No', 'No', 'EstudianteP257.jpg', 'DocumentoP257.jpg', 1),
('P258', 'YEISON  ESPINOSA JASPE', 'NINGUNO', 'NINGUNO', 'NINGUNO', 'NINGUNO', 'NINGUNO', 'NINGUNO', '', '', 0, 0, 0, 0, 'No', 'No', 'EstudianteP258.jpg', 'DocumentoP258.jpg', 1),
('P259', 'ROSA ANGELICA FONTALVO BOLA?O', 'NINGUNO', 'NINGUNO', 'NINGUNO', 'NINGUNO', 'NINGUNO', 'NINGUNO', '', '', 0, 0, 0, 0, 'No', 'No', 'EstudianteP259.jpg', 'DocumentoP259.jpg', 1),
('P260', 'RODOLFO SEGUNDO GOMEZ GUTIERREZ', 'NINGUNO', 'NINGUNO', 'NINGUNO', 'NINGUNO', 'NINGUNO', 'NINGUNO', '', '', 0, 0, 0, 0, 'No', 'No', 'EstudianteP260.jpg', 'DocumentoP260.jpg', 1),
('P261', 'SAMUEL DAVID GOMEZ MARTINEZ', 'NINGUNO', 'NINGUNO', 'NINGUNO', 'NINGUNO', 'NINGUNO', 'NINGUNO', '', '', 0, 0, 0, 0, 'No', 'No', 'EstudianteP261.jpg', 'DocumentoP261.jpg', 1),
('P262', 'JAZETH DAVID HERNANDEZ BARRIOS', 'NINGUNO', 'NINGUNO', 'NINGUNO', 'NINGUNO', 'NINGUNO', 'NINGUNO', '', '', 0, 0, 0, 0, 'No', 'No', 'EstudianteP262.jpg', 'DocumentoP262.jpg', 1),
('P263', 'FAEN DAVID LOZANO GONZALEZ', 'NINGUNO', 'NINGUNO', 'NINGUNO', 'NINGUNO', 'NINGUNO', 'NINGUNO', '', '', 0, 0, 0, 0, 'No', 'No', 'EstudianteP263.jpg', 'DocumentoP263.jpg', 1),
('P264', 'AMNALYS GREGORIA MARTINEZ MARTINEZ', 'NINGUNO', 'NINGUNO', 'NINGUNO', 'NINGUNO', 'NINGUNO', 'NINGUNO', '', '', 0, 0, 0, 0, 'No', 'No', 'EstudianteP264.jpg', 'DocumentoP264.jpg', 1),
('P265', 'LEIDER GUSTAVO OROZCO GUERRERO', 'NINGUNO', 'NINGUNO', 'NINGUNO', 'NINGUNO', 'NINGUNO', 'NINGUNO', '', '', 0, 0, 0, 0, 'No', 'No', 'EstudianteP265.jpg', 'DocumentoP265.jpg', 1),
('P266', 'SEBASTIAN JOSE OSORIO ARIZA', 'NINGUNO', 'NINGUNO', 'NINGUNO', 'NINGUNO', 'NINGUNO', 'NINGUNO', '', '', 0, 0, 0, 0, 'No', 'No', 'EstudianteP266.jpg', 'DocumentoP266.jpg', 1),
('P267', 'JUAN JOSE PALMERA SANTANDER', 'NINGUNO', 'NINGUNO', 'NINGUNO', 'NINGUNO', 'NINGUNO', 'NINGUNO', '', '', 0, 0, 0, 0, 'No', 'No', 'EstudianteP267.jpg', 'DocumentoP267.jpg', 1),
('P268', 'DILSA MARIA RODRIGUEZ CAMARGO', 'NINGUNO', 'NINGUNO', 'NINGUNO', 'NINGUNO', 'NINGUNO', 'NINGUNO', '', '', 0, 0, 0, 0, 'No', 'No', 'EstudianteP268.jpg', 'DocumentoP268.jpg', 1),
('P269', 'BRAYNER DAVID RODRIGUEZ CARDENAS', 'NINGUNO', 'NINGUNO', 'NINGUNO', 'NINGUNO', 'NINGUNO', 'NINGUNO', '', '', 0, 0, 0, 0, 'No', 'No', 'EstudianteP269.jpg', 'DocumentoP269.jpg', 1),
('P270', 'JORGE DAVID SANTANDER OROZCO', 'NINGUNO', 'NINGUNO', 'NINGUNO', 'NINGUNO', 'NINGUNO', 'NINGUNO', '', '', 0, 0, 0, 0, 'No', 'No', 'EstudianteP270.jpg', 'DocumentoP270.jpg', 1),
('P271', 'EDWIN DE JESUS VALENCIA BECERRA', 'NINGUNO', 'NINGUNO', 'NINGUNO', 'NINGUNO', 'NINGUNO', 'NINGUNO', '', '', 0, 0, 0, 0, 'No', 'No', 'EstudianteP271.jpg', 'DocumentoP271.jpg', 1),
('P272', 'DILAN TAREK VALENCIA VERGARA', 'NINGUNO', 'NINGUNO', 'NINGUNO', 'NINGUNO', 'NINGUNO', 'NINGUNO', '', '', 0, 0, 0, 0, 'No', 'No', 'EstudianteP272.jpg', 'DocumentoP272.jpg', 1),
('P273', 'IVAN ALONSO ANILLO ESCORCIA', 'NINGUNO', 'NINGUNO', 'NINGUNO', 'NINGUNO', 'NINGUNO', 'NINGUNO', '', '', 0, 0, 0, 0, 'No', 'No', 'EstudianteP273.jpg', 'DocumentoP273.jpg', 1),
('P274', 'EVELYN JESUS BARRAZA ZABALETA', 'NINGUNO', 'NINGUNO', 'NINGUNO', 'NINGUNO', 'NINGUNO', 'NINGUNO', '', '', 0, 0, 0, 0, 'No', 'No', 'EstudianteP274.jpg', 'DocumentoP274.jpg', 1),
('P275', 'KEINER DAVID BLANCO BECERRA', 'NINGUNO', 'NINGUNO', 'NINGUNO', 'NINGUNO', 'NINGUNO', 'NINGUNO', '', '', 0, 0, 0, 0, 'No', 'No', 'EstudianteP275.jpg', 'DocumentoP275.jpg', 1),
('P276', 'CARLOS DAVID BOLA?O BECERRA', 'NINGUNO', 'NINGUNO', 'NINGUNO', 'NINGUNO', 'NINGUNO', 'NINGUNO', '', '', 0, 0, 0, 0, 'No', 'No', 'EstudianteP276.jpg', 'DocumentoP276.jpg', 1),
('P277', 'LUIS FERNANDO CAMACHO GARCIA', 'NINGUNO', 'NINGUNO', 'NINGUNO', 'NINGUNO', 'NINGUNO', 'NINGUNO', '', '', 0, 0, 0, 0, 'No', 'No', 'EstudianteP277.jpg', 'DocumentoP277.jpg', 1),
('P278', 'NICOL TATIANA CAMARGO USCATEGUI', 'NINGUNO', 'NINGUNO', 'NINGUNO', 'NINGUNO', 'NINGUNO', 'NINGUNO', '', '', 0, 0, 0, 0, 'No', 'No', 'EstudianteP278.jpg', 'DocumentoP278.jpg', 1),
('P279', 'JEFFERSON  COLONA GARCIA', 'NINGUNO', 'NINGUNO', 'NINGUNO', 'NINGUNO', 'NINGUNO', 'NINGUNO', '', '', 0, 0, 0, 0, 'No', 'No', 'EstudianteP279.jpg', 'DocumentoP279.jpg', 1),
('P280', 'YANAURIS MARIA DE LA HOZ BECERRA', 'NINGUNO', 'NINGUNO', 'NINGUNO', 'NINGUNO', 'NINGUNO', 'NINGUNO', '', '', 0, 0, 0, 0, 'No', 'No', 'EstudianteP280.jpg', 'DocumentoP280.jpg', 1),
('P281', 'DANIEL  FLOREZ SANTANDER', 'NINGUNO', 'NINGUNO', 'NINGUNO', 'NINGUNO', 'NINGUNO', 'NINGUNO', '', '', 0, 0, 0, 0, 'No', 'No', 'EstudianteP281.jpg', 'DocumentoP281.jpg', 1),
('P282', 'JOHAN STIVEN FULLA SANTANDER', 'NINGUNO', 'NINGUNO', 'NINGUNO', 'NINGUNO', 'NINGUNO', 'NINGUNO', '', '', 0, 0, 0, 0, 'No', 'No', 'EstudianteP282.jpg', 'DocumentoP282.jpg', 1),
('P283', 'MARIA ANGELICA GAMEZ ALMANZA', 'NINGUNO', 'NINGUNO', 'NINGUNO', 'NINGUNO', 'NINGUNO', 'NINGUNO', '', '', 0, 0, 0, 0, 'No', 'No', 'EstudianteP283.jpg', 'DocumentoP283.jpg', 1),
('P284', 'JOSE MANUEL GUTIEEREZ CARDENAS', 'NINGUNO', 'NINGUNO', 'NINGUNO', 'NINGUNO', 'NINGUNO', 'NINGUNO', '', '', 0, 0, 0, 0, 'No', 'No', 'EstudianteP284.jpg', 'DocumentoP284.jpg', 1),
('P285', 'YORYANIS  LORA CANTILLO', 'NINGUNO', 'NINGUNO', 'NINGUNO', 'NINGUNO', 'NINGUNO', 'NINGUNO', '', '', 0, 0, 0, 0, 'No', 'No', 'EstudianteP285.jpg', 'DocumentoP285.jpg', 1),
('P286', 'LUIS SANTIAGO MEDINA MEDINA', 'NINGUNO', 'NINGUNO', 'NINGUNO', 'NINGUNO', 'NINGUNO', 'NINGUNO', '', '', 0, 0, 0, 0, 'No', 'No', 'EstudianteP286.jpg', 'DocumentoP286.jpg', 1),
('P287', 'CLARA LUZ MENESES PE?ARANDA', 'NINGUNO', 'NINGUNO', 'NINGUNO', 'NINGUNO', 'NINGUNO', 'NINGUNO', '', '', 0, 0, 0, 0, 'No', 'No', 'EstudianteP287.jpg', 'DocumentoP287.jpg', 1),
('P288', 'MARIA VALENTINA OSPINO BARRIOS', 'NINGUNO', 'NINGUNO', 'NINGUNO', 'NINGUNO', 'NINGUNO', 'NINGUNO', '', '', 0, 0, 0, 0, 'No', 'No', 'EstudianteP288.jpg', 'DocumentoP288.jpg', 1),
('P289', 'MARIA  PEREA BENITEZ', 'NINGUNO', 'NINGUNO', 'NINGUNO', 'NINGUNO', 'NINGUNO', 'NINGUNO', '', '', 0, 0, 0, 0, 'No', 'No', 'EstudianteP289.jpg', 'DocumentoP289.jpg', 1),
('P290', 'JOHAN JAVIER QUINTANA MARTINEZ', 'NINGUNO', 'NINGUNO', 'NINGUNO', 'NINGUNO', 'NINGUNO', 'NINGUNO', '', '', 0, 0, 0, 0, 'No', 'No', 'EstudianteP290.jpg', 'DocumentoP290.jpg', 1),
('P291', 'KEVIN ANDRES ROMERO SARMIENTO', 'NINGUNO', 'NINGUNO', 'NINGUNO', 'NINGUNO', 'NINGUNO', 'NINGUNO', '', '', 0, 0, 0, 0, 'No', 'No', 'EstudianteP291.jpg', 'DocumentoP291.jpg', 1),
('P292', 'PABLO EMILIO SANTANDER PADILLA', 'NINGUNO', 'NINGUNO', 'NINGUNO', 'NINGUNO', 'NINGUNO', 'NINGUNO', '', '', 0, 0, 0, 0, 'No', 'No', 'EstudianteP292.jpg', 'DocumentoP292.jpg', 1),
('P293', 'SHERYL  TOLOSA CANTILLO', 'NINGUNO', 'NINGUNO', 'NINGUNO', 'NINGUNO', 'NINGUNO', 'NINGUNO', '', '', 0, 0, 0, 0, 'No', 'No', 'EstudianteP293.jpg', 'DocumentoP293.jpg', 1),
('P294', 'EDWIN DAVID ACOSTA FONSECA', 'NINGUNO', 'NINGUNO', 'NINGUNO', 'NINGUNO', 'NINGUNO', 'NINGUNO', '', '', 0, 0, 0, 0, 'No', 'No', 'EstudianteP294.jpg', 'DocumentoP294.jpg', 1),
('P295', 'NEIL DE JESUS ALMANZA BECERRA', 'NINGUNO', 'NINGUNO', 'NINGUNO', 'NINGUNO', 'NINGUNO', 'NINGUNO', '', '', 0, 0, 0, 0, 'No', 'No', 'EstudianteP295.jpg', 'DocumentoP295.jpg', 1),
('P296', 'KAROL DAYANA ANDRADE FERNANDEZ', 'NINGUNO', 'NINGUNO', 'NINGUNO', 'NINGUNO', 'NINGUNO', 'NINGUNO', '', '', 0, 0, 0, 0, 'No', 'No', 'EstudianteP296.jpg', 'DocumentoP296.jpg', 1),
('P297', 'ANDERSON DAVID BARRIOS MARTINEZ', 'NINGUNO', 'NINGUNO', 'NINGUNO', 'NINGUNO', 'NINGUNO', 'NINGUNO', '', '', 0, 0, 0, 0, 'No', 'No', 'EstudianteP297.jpg', 'DocumentoP297.jpg', 1),
('P298', 'YEINER DARIO BARRIOS GOMEZ', 'NINGUNO', 'NINGUNO', 'NINGUNO', 'NINGUNO', 'NINGUNO', 'NINGUNO', '', '', 0, 0, 0, 0, 'No', 'No', 'EstudianteP298.jpg', 'DocumentoP298.jpg', 1),
('P299', 'SAMUEL DAVID BERDUGO CAMACHO', 'NINGUNO', 'NINGUNO', 'NINGUNO', 'NINGUNO', 'NINGUNO', 'NINGUNO', '', '', 0, 0, 0, 0, 'No', 'No', 'EstudianteP299.jpg', 'DocumentoP299.jpg', 1),
('P300', 'JESUS DANIEL CAMARGO PADILLA', 'NINGUNO', 'NINGUNO', 'NINGUNO', 'NINGUNO', 'NINGUNO', 'NINGUNO', '', '', 0, 0, 0, 0, 'No', 'No', 'EstudianteP300.jpg', 'DocumentoP300.jpg', 1),
('P301', 'JOEL  CAMARGO CAMARGO', 'NINGUNO', 'NINGUNO', 'NINGUNO', 'NINGUNO', 'NINGUNO', 'NINGUNO', '', '', 0, 0, 0, 0, 'No', 'No', 'EstudianteP301.jpg', 'DocumentoP301.jpg', 1),
('P302', 'JHAN CARLOS CAMP? PEREA', 'NINGUNO', 'NINGUNO', 'NINGUNO', 'NINGUNO', 'NINGUNO', 'NINGUNO', '', '', 0, 0, 0, 0, 'No', 'No', 'EstudianteP302.jpg', 'DocumentoP302.jpg', 1),
('P303', 'GABRIELA ANDREA CERVERA GAMEZ', 'NINGUNO', 'NINGUNO', 'NINGUNO', 'NINGUNO', 'NINGUNO', 'NINGUNO', '', '', 0, 0, 0, 0, 'No', 'No', 'EstudianteP303.jpg', 'DocumentoP303.jpg', 1),
('P304', 'ELMIS ETILZA CERVERA MARTINEZ', 'NINGUNO', 'NINGUNO', 'NINGUNO', 'NINGUNO', 'NINGUNO', 'NINGUNO', '', '', 0, 0, 0, 0, 'No', 'No', 'EstudianteP304.jpg', 'DocumentoP304.jpg', 1),
('P305', 'JOEL DAVID DE LA ROSA ALMANZA', 'NINGUNO', 'NINGUNO', 'NINGUNO', 'NINGUNO', 'NINGUNO', 'NINGUNO', '', '', 0, 0, 0, 0, 'No', 'No', 'EstudianteP305.jpg', 'DocumentoP305.jpg', 1),
('P306', 'JESUS  FONSECA ALMANZA', 'NINGUNO', 'NINGUNO', 'NINGUNO', 'NINGUNO', 'NINGUNO', 'NINGUNO', '', '', 0, 0, 0, 0, 'No', 'No', 'EstudianteP306.jpg', 'DocumentoP306.jpg', 1),
('P307', 'JOVANNY RAFAEL GOMEZ BOLA?O', 'NINGUNO', 'NINGUNO', 'NINGUNO', 'NINGUNO', 'NINGUNO', 'NINGUNO', '', '', 0, 0, 0, 0, 'No', 'No', 'EstudianteP307.jpg', 'DocumentoP307.jpg', 1),
('P308', 'VALENTINA  MARTINEZ SANTANDER', 'NINGUNO', 'NINGUNO', 'NINGUNO', 'NINGUNO', 'NINGUNO', 'NINGUNO', '', '', 0, 0, 0, 0, 'No', 'No', 'EstudianteP308.jpg', 'DocumentoP308.jpg', 1),
('P309', 'SAMIR ALEXANDER MEDINA OSORIO', 'NINGUNO', 'NINGUNO', 'NINGUNO', 'NINGUNO', 'NINGUNO', 'NINGUNO', '', '', 0, 0, 0, 0, 'No', 'No', 'EstudianteP309.jpg', 'DocumentoP309.jpg', 1),
('P310', 'YARITH PATRICIA OROZCO MELGAREJO', 'NINGUNO', 'NINGUNO', 'NINGUNO', 'NINGUNO', 'NINGUNO', 'NINGUNO', '', '', 0, 0, 0, 0, 'No', 'No', 'EstudianteP310.jpg', 'DocumentoP310.jpg', 1),
('P311', 'VICTOR JOSE OROZCO MU?IZ', 'NINGUNO', 'NINGUNO', 'NINGUNO', 'NINGUNO', 'NINGUNO', 'NINGUNO', '', '', 0, 0, 0, 0, 'No', 'No', 'EstudianteP311.jpg', 'DocumentoP311.jpg', 1),
('P312', 'KEINER DAVID PANTOJA REDONDO', 'NINGUNO', 'NINGUNO', 'NINGUNO', 'NINGUNO', 'NINGUNO', 'NINGUNO', '', '', 0, 0, 0, 0, 'No', 'No', 'EstudianteP312.jpg', 'DocumentoP312.jpg', 1),
('P313', 'DANIEL JOSE SANTANDER DE LEON', 'NINGUNO', 'NINGUNO', 'NINGUNO', 'NINGUNO', 'NINGUNO', 'NINGUNO', '', '', 0, 0, 0, 0, 'No', 'No', 'EstudianteP313.jpg', 'DocumentoP313.jpg', 1),
('P314', 'SHARITH JULIETH SANTANDER PEREA', 'NINGUNO', 'NINGUNO', 'NINGUNO', 'NINGUNO', 'NINGUNO', 'NINGUNO', '', '', 0, 0, 0, 0, 'No', 'No', 'EstudianteP314.jpg', 'DocumentoP314.jpg', 1),
('P315', 'MANUEL ANTONIO SOSSA RODRIGUEZ', 'NINGUNO', 'NINGUNO', 'NINGUNO', 'NINGUNO', 'NINGUNO', 'NINGUNO', '', '', 0, 0, 0, 0, 'No', 'No', 'EstudianteP315.jpg', 'DocumentoP315.jpg', 1),
('P316', 'ESTEBAN RAFAEL SOSSA ALMANZA', 'NINGUNO', 'NINGUNO', 'NINGUNO', 'NINGUNO', 'NINGUNO', 'NINGUNO', '', '', 0, 0, 0, 0, 'No', 'No', 'EstudianteP316.jpg', 'DocumentoP316.jpg', 1),
('P317', 'SHERYL ANDREA TOLOSA CANTILLO', 'NINGUNO', 'NINGUNO', 'NINGUNO', 'NINGUNO', 'NINGUNO', 'NINGUNO', '', '', 0, 0, 0, 0, 'No', 'No', 'EstudianteP317.jpg', 'DocumentoP317.jpg', 1),
('P318', 'JESUS ANTONIO VALENCIA ALMANZA', 'NINGUNO', 'NINGUNO', 'NINGUNO', 'NINGUNO', 'NINGUNO', 'NINGUNO', '', '', 0, 0, 0, 0, 'No', 'No', 'EstudianteP318.jpg', 'DocumentoP318.jpg', 1),
('P319', 'EVELIS ELENA VIDES ARAGON', 'NINGUNO', 'NINGUNO', 'NINGUNO', 'NINGUNO', 'NINGUNO', 'NINGUNO', '', '', 0, 0, 0, 0, 'No', 'No', 'EstudianteP319.jpg', 'DocumentoP319.jpg', 1),
('P320', 'CARLOS JOSE VILORIA SARAVIA', 'NINGUNO', 'NINGUNO', 'NINGUNO', 'NINGUNO', 'NINGUNO', 'NINGUNO', '', '', 0, 0, 0, 0, 'No', 'No', 'EstudianteP320.jpg', 'DocumentoP320.jpg', 1),
('P321', 'LUIS MATEO ALMAMZA GARCIA', 'NINGUNO', 'NINGUNO', 'NINGUNO', 'NINGUNO', 'NINGUNO', 'NINGUNO', '', '', 0, 0, 0, 0, 'No', 'No', 'EstudianteP321.jpg', 'DocumentoP321.jpg', 1),
('P322', 'JUAN DAVID ARAGON BARRIOS', 'NINGUNO', 'NINGUNO', 'NINGUNO', 'NINGUNO', 'NINGUNO', 'NINGUNO', '', '', 0, 0, 0, 0, 'No', 'No', 'EstudianteP322.jpg', 'DocumentoP322.jpg', 1),
('P323', 'ALVARO DE JESUS BENITEZ ZABALETA', 'NINGUNO', 'NINGUNO', 'NINGUNO', 'NINGUNO', 'NINGUNO', 'NINGUNO', '', '', 0, 0, 0, 0, 'No', 'No', 'EstudianteP323.jpg', 'DocumentoP323.jpg', 1),
('P324', 'DAVID JOSE CAMARGO CAMACHO', 'NINGUNO', 'NINGUNO', 'NINGUNO', 'NINGUNO', 'NINGUNO', 'NINGUNO', '', '', 0, 0, 0, 0, 'No', 'No', 'EstudianteP324.jpg', 'DocumentoP324.jpg', 1),
('P325', 'EMMANUEL ANTONIO CAMARGO MARTINEZ', 'NINGUNO', 'NINGUNO', 'NINGUNO', 'NINGUNO', 'NINGUNO', 'NINGUNO', '', '', 0, 0, 0, 0, 'No', 'No', 'EstudianteP325.jpg', 'DocumentoP325.jpg', 1),
('P326', 'YAILIN JOHANA CAMPO VALENCIA', 'NINGUNO', 'NINGUNO', 'NINGUNO', 'NINGUNO', 'NINGUNO', 'NINGUNO', '', '', 0, 0, 0, 0, 'No', 'No', 'EstudianteP326.jpg', 'DocumentoP326.jpg', 1),
('P327', 'YENIFER PAOLA CERVANTES ZABALETA', 'NINGUNO', 'NINGUNO', 'NINGUNO', 'NINGUNO', 'NINGUNO', 'NINGUNO', '', '', 0, 0, 0, 0, 'No', 'No', 'EstudianteP327.jpg', 'DocumentoP327.jpg', 1),
('P328', 'WENDY VANESSA CHAMORRO MENDOZA', 'NINGUNO', 'NINGUNO', 'NINGUNO', 'NINGUNO', 'NINGUNO', 'NINGUNO', '', '', 0, 0, 0, 0, 'No', 'No', 'EstudianteP328.jpg', 'DocumentoP328.jpg', 1),
('P329', 'GRIZZY ESTEFANY COLONA GARCIA', 'NINGUNO', 'NINGUNO', 'NINGUNO', 'NINGUNO', 'NINGUNO', 'NINGUNO', '', '', 0, 0, 0, 0, 'No', 'No', 'EstudianteP329.jpg', 'DocumentoP329.jpg', 1),
('P330', 'JOEL ENRIQUE FINOL MIRANDA', 'NINGUNO', 'NINGUNO', 'NINGUNO', 'NINGUNO', 'NINGUNO', 'NINGUNO', '', '', 0, 0, 0, 0, 'No', 'No', 'EstudianteP330.jpg', 'DocumentoP330.jpg', 1),
('P331', 'CARLOS  FONSECA RAMOS', 'NINGUNO', 'NINGUNO', 'NINGUNO', 'NINGUNO', 'NINGUNO', 'NINGUNO', '', '', 0, 0, 0, 0, 'No', 'No', 'EstudianteP331.jpg', 'DocumentoP331.jpg', 1),
('P332', 'ANA MARIA HERRERA ROMERO', 'NINGUNO', 'NINGUNO', 'NINGUNO', 'NINGUNO', 'NINGUNO', 'NINGUNO', '', '', 0, 0, 0, 0, 'No', 'No', 'EstudianteP332.jpg', 'DocumentoP332.jpg', 1),
('P333', 'DIANA CAROLINA MARTINEZ BECERRA', 'NINGUNO', 'NINGUNO', 'NINGUNO', 'NINGUNO', 'NINGUNO', 'NINGUNO', '', '', 0, 0, 0, 0, 'No', 'No', 'EstudianteP333.jpg', 'DocumentoP333.jpg', 1),
('P334', 'ANGEL EDUARDO MARTINEZ MARTINEZ', 'NINGUNO', 'NINGUNO', 'NINGUNO', 'NINGUNO', 'NINGUNO', 'NINGUNO', '', '', 0, 0, 0, 0, 'No', 'No', 'EstudianteP334.jpg', 'DocumentoP334.jpg', 1),
('P335', 'YUBANA ANDREA MEDINA BECERRA', 'NINGUNO', 'NINGUNO', 'NINGUNO', 'NINGUNO', 'NINGUNO', 'NINGUNO', '', '', 0, 0, 0, 0, 'No', 'No', 'EstudianteP335.jpg', 'DocumentoP335.jpg', 1),
('P336', 'MATEO DE JESUS MENESES PANTOJA', 'NINGUNO', 'NINGUNO', 'NINGUNO', 'NINGUNO', 'NINGUNO', 'NINGUNO', '', '', 0, 0, 0, 0, 'No', 'No', 'EstudianteP336.jpg', 'DocumentoP336.jpg', 1),
('P337', 'DAYLING ELENA ORDO?EZ VIDES', 'NINGUNO', 'NINGUNO', 'NINGUNO', 'NINGUNO', 'NINGUNO', 'NINGUNO', '', '', 0, 0, 0, 0, 'No', 'No', 'EstudianteP337.jpg', 'DocumentoP337.jpg', 1),
('P338', 'ISAAC  OROZCO RAMIREZ', 'NINGUNO', 'NINGUNO', 'NINGUNO', 'NINGUNO', 'NINGUNO', 'NINGUNO', '', '', 0, 0, 0, 0, 'No', 'No', 'EstudianteP338.jpg', 'DocumentoP338.jpg', 1),
('P339', 'GISSELLA PAOLA PANTOJA REDONDO', 'NINGUNO', 'NINGUNO', 'NINGUNO', 'NINGUNO', 'NINGUNO', 'NINGUNO', '', '', 0, 0, 0, 0, 'No', 'No', 'EstudianteP339.jpg', 'DocumentoP339.jpg', 1),
('P340', 'KEINER  PANTOJA REDONDO', 'NINGUNO', 'NINGUNO', 'NINGUNO', 'NINGUNO', 'NINGUNO', 'NINGUNO', '', '', 0, 0, 0, 0, 'No', 'No', 'EstudianteP340.jpg', 'DocumentoP340.jpg', 1),
('P341', 'CARLOS ARTURO RAMOS MARTINEZ', 'NINGUNO', 'NINGUNO', 'NINGUNO', 'NINGUNO', 'NINGUNO', 'NINGUNO', '', '', 0, 0, 0, 0, 'No', 'No', 'EstudianteP341.jpg', 'DocumentoP341.jpg', 1),
('P342', 'DIEGO ARMANDO RODRIGUEZ BARRIOS', 'NINGUNO', 'NINGUNO', 'NINGUNO', 'NINGUNO', 'NINGUNO', 'NINGUNO', '', '', 0, 0, 0, 0, 'No', 'No', 'EstudianteP342.jpg', 'DocumentoP342.jpg', 1),
('P343', 'KAREN JOHANA SANTANDER MARTINEZ', 'NINGUNO', 'NINGUNO', 'NINGUNO', 'NINGUNO', 'NINGUNO', 'NINGUNO', '', '', 0, 0, 0, 0, 'No', 'No', 'EstudianteP343.jpg', 'DocumentoP343.jpg', 1),
('P344', 'KATHERIN JULIETH SANTANDER MARTINEZ', 'NINGUNO', 'NINGUNO', 'NINGUNO', 'NINGUNO', 'NINGUNO', 'NINGUNO', '', '', 0, 0, 0, 0, 'No', 'No', 'EstudianteP344.jpg', 'DocumentoP344.jpg', 1),
('P345', 'MARIA LILA TAMARA RODRIGUEZ', 'NINGUNO', 'NINGUNO', 'NINGUNO', 'NINGUNO', 'NINGUNO', 'NINGUNO', '', '', 0, 0, 0, 0, 'No', 'No', 'EstudianteP345.jpg', 'DocumentoP345.jpg', 1),
('P346', 'JESUS DAVID VALENCIA ALMANZA', 'NINGUNO', 'NINGUNO', 'NINGUNO', 'NINGUNO', 'NINGUNO', 'NINGUNO', '', '', 0, 0, 0, 0, 'No', 'No', 'EstudianteP346.jpg', 'DocumentoP346.jpg', 1),
('P347', 'JONATHAN JOSE VILORIA SARAVIA', 'NINGUNO', 'NINGUNO', 'NINGUNO', 'NINGUNO', 'NINGUNO', 'NINGUNO', '', '', 0, 0, 0, 0, 'No', 'No', 'EstudianteP347.jpg', 'DocumentoP347.jpg', 1),
('P348', 'DARIO JOSE ANGULO PADILLA', 'NINGUNO', 'NINGUNO', 'NINGUNO', 'NINGUNO', 'NINGUNO', 'NINGUNO', '', '', 0, 0, 0, 0, 'No', 'No', 'EstudianteP348.jpg', 'DocumentoP348.jpg', 1),
('P349', 'MARIA JOSE ANILLO ESCORCIA', 'NINGUNO', 'NINGUNO', 'NINGUNO', 'NINGUNO', 'NINGUNO', 'NINGUNO', '', '', 0, 0, 0, 0, 'No', 'No', 'EstudianteP349.jpg', 'DocumentoP349.jpg', 1),
('P350', 'DANIEL ENRIQUE BARRIOS MARQUEZ', 'NINGUNO', 'NINGUNO', 'NINGUNO', 'NINGUNO', 'NINGUNO', 'NINGUNO', '', '', 0, 0, 0, 0, 'No', 'No', 'EstudianteP350.jpg', 'DocumentoP350.jpg', 1),
('P351', 'DANILO ANDRES BECERRA SANTANDER', 'NINGUNO', 'NINGUNO', 'NINGUNO', 'NINGUNO', 'NINGUNO', 'NINGUNO', '', '', 0, 0, 0, 0, 'No', 'No', 'EstudianteP351.jpg', 'DocumentoP351.jpg', 1),
('P352', 'EMANUEL DAVID CAMACHO ALMANZA', 'NINGUNO', 'NINGUNO', 'NINGUNO', 'NINGUNO', 'NINGUNO', 'NINGUNO', '', '', 0, 0, 0, 0, 'No', 'No', 'EstudianteP352.jpg', 'DocumentoP352.jpg', 1),
('P353', 'ALEXANDRA  CAMACHO GOMEZ', 'NINGUNO', 'NINGUNO', 'NINGUNO', 'NINGUNO', 'NINGUNO', 'NINGUNO', '', '', 0, 0, 0, 0, 'No', 'No', 'EstudianteP353.jpg', 'DocumentoP353.jpg', 1),
('P354', 'AILYN ARIANA CERVERA RODRIGUEZ', 'NINGUNO', 'NINGUNO', 'NINGUNO', 'NINGUNO', 'NINGUNO', 'NINGUNO', '', '', 0, 0, 0, 0, 'No', 'No', 'EstudianteP354.jpg', 'DocumentoP354.jpg', 1),
('P355', 'EVA SANDRITH DE LA HOZ PEREA', 'NINGUNO', 'NINGUNO', 'NINGUNO', 'NINGUNO', 'NINGUNO', 'NINGUNO', '', '', 0, 0, 0, 0, 'No', 'No', 'EstudianteP355.jpg', 'DocumentoP355.jpg', 1),
('P356', 'PABLO ANDRES DELEON CARRE?O', 'NINGUNO', 'NINGUNO', 'NINGUNO', 'NINGUNO', 'NINGUNO', 'NINGUNO', '', '', 0, 0, 0, 0, 'No', 'No', 'EstudianteP356.jpg', 'DocumentoP356.jpg', 1),
('P357', 'JOSE ALFREDO FONTALVO CAMARGO', 'NINGUNO', 'NINGUNO', 'NINGUNO', 'NINGUNO', 'NINGUNO', 'NINGUNO', '', '', 0, 0, 0, 0, 'No', 'No', 'EstudianteP357.jpg', 'DocumentoP357.jpg', 1),
('P358', 'DELIMARYS  MARTINEZ MELGAREJO', 'NINGUNO', 'NINGUNO', 'NINGUNO', 'NINGUNO', 'NINGUNO', 'NINGUNO', '', '', 0, 0, 0, 0, 'No', 'No', 'EstudianteP358.jpg', 'DocumentoP358.jpg', 1),
('P359', 'YURISA ANGELICA MARTINEZ MEDINA', 'NINGUNO', 'NINGUNO', 'NINGUNO', 'NINGUNO', 'NINGUNO', 'NINGUNO', '', '', 0, 0, 0, 0, 'No', 'No', 'EstudianteP359.jpg', 'DocumentoP359.jpg', 1),
('P360', 'NOHEMY SARAY MELGAREJO VILLA', 'NINGUNO', 'NINGUNO', 'NINGUNO', 'NINGUNO', 'NINGUNO', 'NINGUNO', '', '', 0, 0, 0, 0, 'No', 'No', 'EstudianteP360.jpg', 'DocumentoP360.jpg', 1),
('P361', 'RAFAEL JOSE MONSALVO CERVANTES', 'NINGUNO', 'NINGUNO', 'NINGUNO', 'NINGUNO', 'NINGUNO', 'NINGUNO', '', '', 0, 0, 0, 0, 'No', 'No', 'EstudianteP361.jpg', 'DocumentoP361.jpg', 1),
('P362', 'ANTONI GABRIEL OROZCO TAPIAS', 'NINGUNO', 'NINGUNO', 'NINGUNO', 'NINGUNO', 'NINGUNO', 'NINGUNO', '', '', 0, 0, 0, 0, 'No', 'No', 'EstudianteP362.jpg', 'DocumentoP362.jpg', 1),
('P363', 'GERARDO ANDRES OROZCO MU?IZ', 'NINGUNO', 'NINGUNO', 'NINGUNO', 'NINGUNO', 'NINGUNO', 'NINGUNO', '', '', 0, 0, 0, 0, 'No', 'No', 'EstudianteP363.jpg', 'DocumentoP363.jpg', 1),
('P364', 'YARIETH JOHANA OSORIO MELGAREJO', 'NINGUNO', 'NINGUNO', 'NINGUNO', 'NINGUNO', 'NINGUNO', 'NINGUNO', '', '', 0, 0, 0, 0, 'No', 'No', 'EstudianteP364.jpg', 'DocumentoP364.jpg', 1),
('P365', 'GILENYS SARAI PARRA MEDINA', 'NINGUNO', 'NINGUNO', 'NINGUNO', 'NINGUNO', 'NINGUNO', 'NINGUNO', '', '', 0, 0, 0, 0, 'No', 'No', 'EstudianteP365.jpg', 'DocumentoP365.jpg', 1),
('P366', 'YULEIDYS JUDITH RUA MARQUEZ', 'NINGUNO', 'NINGUNO', 'NINGUNO', 'NINGUNO', 'NINGUNO', 'NINGUNO', '', '', 0, 0, 0, 0, 'No', 'No', 'EstudianteP366.jpg', 'DocumentoP366.jpg', 1);
INSERT INTO `observadorestudianteapp` (`id_estudiante`, `nombrecompleto_estudiante`, `idacudiente1_estudiante`, `idacudiente2_estudiante`, `nombreacudiente1_estudiante`, `nombreacudiente2_estudiante`, `parentescoacudiente1_estudiante`, `parentescoacudiente2_estudiante`, `grupotiposangre_estudiante`, `rhtiposangre_estudiante`, `deficienciaauditiva_estudiante`, `deficienciavisual_estudiante`, `pesokg_estudiante`, `estaturam_estudiante`, `alergias_estudiante`, `enfermedadcronica_estudiante`, `foto_estudiante`, `imgdocumento_estudiante`, `status_estudiante`) VALUES
('P367', 'KARILIN JULIETH SANTANDER MEDINA', 'NINGUNO', 'NINGUNO', 'NINGUNO', 'NINGUNO', 'NINGUNO', 'NINGUNO', '', '', 0, 0, 0, 0, 'No', 'No', 'EstudianteP367.jpg', 'DocumentoP367.jpg', 1),
('P368', 'LUIS ANGEL SAUMETH OBISPO', 'NINGUNO', 'NINGUNO', 'NINGUNO', 'NINGUNO', 'NINGUNO', 'NINGUNO', '', '', 0, 0, 0, 0, 'No', 'No', 'EstudianteP368.jpg', 'DocumentoP368.jpg', 1),
('P369', 'JUAN DAVID SOSSA RODRIGUEZ', 'NINGUNO', 'NINGUNO', 'NINGUNO', 'NINGUNO', 'NINGUNO', 'NINGUNO', '', '', 0, 0, 0, 0, 'No', 'No', 'EstudianteP369.jpg', 'DocumentoP369.jpg', 1),
('P370', 'JESUS MANUEL VALENCIA ALMANZA', 'NINGUNO', 'NINGUNO', 'NINGUNO', 'NINGUNO', 'NINGUNO', 'NINGUNO', '', '', 0, 0, 0, 0, 'No', 'No', 'EstudianteP370.jpg', 'DocumentoP370.jpg', 1),
('P371', 'YOHALBERTH ALBERTO ALMANZA PI?ERO', 'NINGUNO', 'NINGUNO', 'NINGUNO', 'NINGUNO', 'NINGUNO', 'NINGUNO', '', '', 0, 0, 0, 0, 'No', 'No', 'EstudianteP371.jpg', 'DocumentoP371.jpg', 1),
('P372', 'PAULA ANDREA BALLESTEROS GUTIERREZ', 'NINGUNO', 'NINGUNO', 'NINGUNO', 'NINGUNO', 'NINGUNO', 'NINGUNO', '', '', 0, 0, 0, 0, 'No', 'No', 'EstudianteP372.jpg', 'DocumentoP372.jpg', 1),
('P373', 'DAYANIS  BARRAZA BECERRA', 'NINGUNO', 'NINGUNO', 'NINGUNO', 'NINGUNO', 'NINGUNO', 'NINGUNO', '', '', 0, 0, 0, 0, 'No', 'No', 'EstudianteP373.jpg', 'DocumentoP373.jpg', 1),
('P374', 'ANYELIS PAOLA BARRIOS OROZCO', 'NINGUNO', 'NINGUNO', 'NINGUNO', 'NINGUNO', 'NINGUNO', 'NINGUNO', '', '', 0, 0, 0, 0, 'No', 'No', 'EstudianteP374.jpg', 'DocumentoP374.jpg', 1),
('P375', 'ENDERSON SEGUNDO BOLA?O BOLA?O', 'NINGUNO', 'NINGUNO', 'NINGUNO', 'NINGUNO', 'NINGUNO', 'NINGUNO', '', '', 0, 0, 0, 0, 'No', 'No', 'EstudianteP375.jpg', 'DocumentoP375.jpg', 1),
('P376', 'JOSE ARMANDO BOLA?O OROZCO', 'NINGUNO', 'NINGUNO', 'NINGUNO', 'NINGUNO', 'NINGUNO', 'NINGUNO', '', '', 0, 0, 0, 0, 'No', 'No', 'EstudianteP376.jpg', 'DocumentoP376.jpg', 1),
('P377', 'YERENIS JOHANA BOLA?O DE HOYOS', 'NINGUNO', 'NINGUNO', 'NINGUNO', 'NINGUNO', 'NINGUNO', 'NINGUNO', '', '', 0, 0, 0, 0, 'No', 'No', 'EstudianteP377.jpg', 'DocumentoP377.jpg', 1),
('P378', 'ERICK DE JESUS CAMARGO RUIZ', 'NINGUNO', 'NINGUNO', 'NINGUNO', 'NINGUNO', 'NINGUNO', 'NINGUNO', '', '', 0, 0, 0, 0, 'No', 'No', 'EstudianteP378.jpg', 'DocumentoP378.jpg', 1),
('P379', 'JOEL DAVID DE LA BARRERA ALMANZA', 'NINGUNO', 'NINGUNO', 'NINGUNO', 'NINGUNO', 'NINGUNO', 'NINGUNO', '', '', 0, 0, 0, 0, 'No', 'No', 'EstudianteP379.jpg', 'DocumentoP379.jpg', 1),
('P380', 'CAMILA PATRICIA DE LEON PERTUZ', 'NINGUNO', 'NINGUNO', 'NINGUNO', 'NINGUNO', 'NINGUNO', 'NINGUNO', '', '', 0, 0, 0, 0, 'No', 'No', 'EstudianteP380.jpg', 'DocumentoP380.jpg', 1),
('P381', 'ADRIANA MARCELA DE LEON BARIOS', 'NINGUNO', 'NINGUNO', 'NINGUNO', 'NINGUNO', 'NINGUNO', 'NINGUNO', '', '', 0, 0, 0, 0, 'No', 'No', 'EstudianteP381.jpg', 'DocumentoP381.jpg', 1),
('P382', 'OSCAR DAVID DIAZ OROZCO', 'NINGUNO', 'NINGUNO', 'NINGUNO', 'NINGUNO', 'NINGUNO', 'NINGUNO', '', '', 0, 0, 0, 0, 'No', 'No', 'EstudianteP382.jpg', 'DocumentoP382.jpg', 1),
('P383', 'EDUAR JOSE GUERRERO JIMENEZ', 'NINGUNO', 'NINGUNO', 'NINGUNO', 'NINGUNO', 'NINGUNO', 'NINGUNO', '', '', 0, 0, 0, 0, 'No', 'No', 'EstudianteP383.jpg', 'DocumentoP383.jpg', 1),
('P384', 'LUIS MARIO GUTIERREZ BROCHERO', 'NINGUNO', 'NINGUNO', 'NINGUNO', 'NINGUNO', 'NINGUNO', 'NINGUNO', '', '', 0, 0, 0, 0, 'No', 'No', 'EstudianteP384.jpg', 'DocumentoP384.jpg', 1),
('P385', 'EPARQUIO  GUTIERREZ CARDENAS', 'NINGUNO', 'NINGUNO', 'NINGUNO', 'NINGUNO', 'NINGUNO', 'NINGUNO', '', '', 0, 0, 0, 0, 'No', 'No', 'EstudianteP385.jpg', 'DocumentoP385.jpg', 1),
('P386', 'JAIRO ALFONSO JIMENEZ GAMEZ', 'NINGUNO', 'NINGUNO', 'NINGUNO', 'NINGUNO', 'NINGUNO', 'NINGUNO', '', '', 0, 0, 0, 0, 'No', 'No', 'EstudianteP386.jpg', 'DocumentoP386.jpg', 1),
('P387', 'LUIS MANUEL MARTINEZ MELGAREJO', 'NINGUNO', 'NINGUNO', 'NINGUNO', 'NINGUNO', 'NINGUNO', 'NINGUNO', '', '', 0, 0, 0, 0, 'No', 'No', 'EstudianteP387.jpg', 'DocumentoP387.jpg', 1),
('P388', 'YEISON ANDRES MEDINA BECERRA', 'NINGUNO', 'NINGUNO', 'NINGUNO', 'NINGUNO', 'NINGUNO', 'NINGUNO', '', '', 0, 0, 0, 0, 'No', 'No', 'EstudianteP388.jpg', 'DocumentoP388.jpg', 1),
('P389', 'YEISIREE DEL CARMEN OROZCO TEHERAN', 'NINGUNO', 'NINGUNO', 'NINGUNO', 'NINGUNO', 'NINGUNO', 'NINGUNO', '', '', 0, 0, 0, 0, 'No', 'No', 'EstudianteP389.jpg', 'DocumentoP389.jpg', 1),
('P390', 'DEINER JOSE OSORIO ARIZA', 'NINGUNO', 'NINGUNO', 'NINGUNO', 'NINGUNO', 'NINGUNO', 'NINGUNO', '', '', 0, 0, 0, 0, 'No', 'No', 'EstudianteP390.jpg', 'DocumentoP390.jpg', 1),
('P391', 'ASMIL MICHEL PEREA BENITEZ', 'NINGUNO', 'NINGUNO', 'NINGUNO', 'NINGUNO', 'NINGUNO', 'NINGUNO', '', '', 0, 0, 0, 0, 'No', 'No', 'EstudianteP391.jpg', 'DocumentoP391.jpg', 1),
('P392', 'NICOOL ANDREA RODRIGUEZ BECERRA', 'NINGUNO', 'NINGUNO', 'NINGUNO', 'NINGUNO', 'NINGUNO', 'NINGUNO', '', '', 0, 0, 0, 0, 'No', 'No', 'EstudianteP392.jpg', 'DocumentoP392.jpg', 1),
('P393', 'KATERINE DEL AMPARO SANTANDER OROZCO', 'NINGUNO', 'NINGUNO', 'NINGUNO', 'NINGUNO', 'NINGUNO', 'NINGUNO', '', '', 0, 0, 0, 0, 'No', 'No', 'EstudianteP393.jpg', 'DocumentoP393.jpg', 1),
('P394', 'CLAUDIA VANESSA SOSSA RODRIGUEZ', 'NINGUNO', 'NINGUNO', 'NINGUNO', 'NINGUNO', 'NINGUNO', 'NINGUNO', '', '', 0, 0, 0, 0, 'No', 'No', 'EstudianteP394.jpg', 'DocumentoP394.jpg', 1),
('P395', 'MARTIN JOSE VASQUEZ SANTANDER', 'NINGUNO', 'NINGUNO', 'NINGUNO', 'NINGUNO', 'NINGUNO', 'NINGUNO', '', '', 0, 0, 0, 0, 'No', 'No', 'EstudianteP395.jpg', 'DocumentoP395.jpg', 1),
('P396', 'ALEXANDER RAFAEL VILLA TAPIAS', 'NINGUNO', 'NINGUNO', 'NINGUNO', 'NINGUNO', 'NINGUNO', 'NINGUNO', '', '', 0, 0, 0, 0, 'No', 'No', 'EstudianteP396.jpg', 'DocumentoP396.jpg', 1),
('P397', 'CRISTIAN JESUS VILLA BECERRA', 'NINGUNO', 'NINGUNO', 'NINGUNO', 'NINGUNO', 'NINGUNO', 'NINGUNO', '', '', 0, 0, 0, 0, 'No', 'No', 'EstudianteP397.jpg', 'DocumentoP397.jpg', 1),
('P398', 'ANDREA PATRICIA VILORIA ALMANZA', 'NINGUNO', 'NINGUNO', 'NINGUNO', 'NINGUNO', 'NINGUNO', 'NINGUNO', '', '', 0, 0, 0, 0, 'No', 'No', 'EstudianteP398.jpg', 'DocumentoP398.jpg', 1),
('P399', 'YESID JOSE ZABALETA RIVERA', 'NINGUNO', 'NINGUNO', 'NINGUNO', 'NINGUNO', 'NINGUNO', 'NINGUNO', '', '', 0, 0, 0, 0, 'No', 'No', 'EstudianteP399.jpg', 'DocumentoP399.jpg', 1),
('P400', 'MARIA ALEJANDRA ZABALETA MARTINEZ', 'NINGUNO', 'NINGUNO', 'NINGUNO', 'NINGUNO', 'NINGUNO', 'NINGUNO', '', '', 0, 0, 0, 0, 'No', 'No', 'EstudianteP400.jpg', 'DocumentoP400.jpg', 1),
('P401', 'DAVID JOSE ALMANZA GARCIA', 'NINGUNO', 'NINGUNO', 'NINGUNO', 'NINGUNO', 'NINGUNO', 'NINGUNO', '', '', 0, 0, 0, 0, 'No', 'No', 'EstudianteP401.jpg', 'DocumentoP401.jpg', 1),
('P402', 'NATALIA MARIA ALMANZA PALMERA', 'NINGUNO', 'NINGUNO', 'NINGUNO', 'NINGUNO', 'NINGUNO', 'NINGUNO', '', '', 0, 0, 0, 0, 'No', 'No', 'EstudianteP402.jpg', 'DocumentoP402.jpg', 1),
('P403', 'JHOINER DUVAN ALMANZA ORDO?EZ', 'NINGUNO', 'NINGUNO', 'NINGUNO', 'NINGUNO', 'NINGUNO', 'NINGUNO', '', '', 0, 0, 0, 0, 'No', 'No', 'EstudianteP403.jpg', 'DocumentoP403.jpg', 1),
('P404', 'YENDERSON DAVID BALLESTEROS BOLA?O', 'NINGUNO', 'NINGUNO', 'NINGUNO', 'NINGUNO', 'NINGUNO', 'NINGUNO', '', '', 0, 0, 0, 0, 'No', 'No', 'EstudianteP404.jpg', 'DocumentoP404.jpg', 1),
('P405', 'ROMARIO ALBERTO BARRIOS GARCIA', 'NINGUNO', 'NINGUNO', 'NINGUNO', 'NINGUNO', 'NINGUNO', 'NINGUNO', '', '', 0, 0, 0, 0, 'No', 'No', 'EstudianteP405.jpg', 'DocumentoP405.jpg', 1),
('P406', 'JOSE MARIO BARRIOS GUERRERO', 'NINGUNO', 'NINGUNO', 'NINGUNO', 'NINGUNO', 'NINGUNO', 'NINGUNO', '', '', 0, 0, 0, 0, 'No', 'No', 'EstudianteP406.jpg', 'DocumentoP406.jpg', 1),
('P407', 'YEISON JADER BARRIOS DE LEON', 'NINGUNO', 'NINGUNO', 'NINGUNO', 'NINGUNO', 'NINGUNO', 'NINGUNO', '', '', 0, 0, 0, 0, 'No', 'No', 'EstudianteP407.jpg', 'DocumentoP407.jpg', 1),
('P408', 'SULAY ELENA BARRIOS BOLA?O', 'NINGUNO', 'NINGUNO', 'NINGUNO', 'NINGUNO', 'NINGUNO', 'NINGUNO', '', '', 0, 0, 0, 0, 'No', 'No', 'EstudianteP408.jpg', 'DocumentoP408.jpg', 1),
('P409', 'GERALDINE  BELE?O LOZANO', 'NINGUNO', 'NINGUNO', 'NINGUNO', 'NINGUNO', 'NINGUNO', 'NINGUNO', '', '', 0, 0, 0, 0, 'No', 'No', 'EstudianteP409.jpg', 'DocumentoP409.jpg', 1),
('P410', 'MELISSA DEL CARMEN BENITEZ MARTINEZ', 'NINGUNO', 'NINGUNO', 'NINGUNO', 'NINGUNO', 'NINGUNO', 'NINGUNO', '', '', 0, 0, 0, 0, 'No', 'No', 'EstudianteP410.jpg', 'DocumentoP410.jpg', 1),
('P411', 'MARIA JOSE BOLA?O BOLA?O', 'NINGUNO', 'NINGUNO', 'NINGUNO', 'NINGUNO', 'NINGUNO', 'NINGUNO', '', '', 0, 0, 0, 0, 'No', 'No', 'EstudianteP411.jpg', 'DocumentoP411.jpg', 1),
('P412', 'PEDRO JOSE CAMACHO HERNANDEZ', 'NINGUNO', 'NINGUNO', 'NINGUNO', 'NINGUNO', 'NINGUNO', 'NINGUNO', '', '', 0, 0, 0, 0, 'No', 'No', 'EstudianteP412.jpg', 'DocumentoP412.jpg', 1),
('P413', 'JESUS DAVID CANAVAL RAMIREZ', 'NINGUNO', 'NINGUNO', 'NINGUNO', 'NINGUNO', 'NINGUNO', 'NINGUNO', '', '', 0, 0, 0, 0, 'No', 'No', 'EstudianteP413.jpg', 'DocumentoP413.jpg', 1),
('P414', 'KEINER DE JESUS CARRE?O RUA', 'NINGUNO', 'NINGUNO', 'NINGUNO', 'NINGUNO', 'NINGUNO', 'NINGUNO', '', '', 0, 0, 0, 0, 'No', 'No', 'EstudianteP414.jpg', 'DocumentoP414.jpg', 1),
('P415', 'IVANNA MARIA FONSECA ALMANZA', 'NINGUNO', 'NINGUNO', 'NINGUNO', 'NINGUNO', 'NINGUNO', 'NINGUNO', '', '', 0, 0, 0, 0, 'No', 'No', 'EstudianteP415.jpg', 'DocumentoP415.jpg', 1),
('P416', 'ELIANA PAOLA GARCIA FINOL', 'NINGUNO', 'NINGUNO', 'NINGUNO', 'NINGUNO', 'NINGUNO', 'NINGUNO', '', '', 0, 0, 0, 0, 'No', 'No', 'EstudianteP416.jpg', 'DocumentoP416.jpg', 1),
('P417', 'JULIANA BEATRIZ GONZALEZ CAMARGO', 'NINGUNO', 'NINGUNO', 'NINGUNO', 'NINGUNO', 'NINGUNO', 'NINGUNO', '', '', 0, 0, 0, 0, 'No', 'No', 'EstudianteP417.jpg', 'DocumentoP417.jpg', 1),
('P418', 'YERENIS ELENA LAFAURIE SANTANDER', 'NINGUNO', 'NINGUNO', 'NINGUNO', 'NINGUNO', 'NINGUNO', 'NINGUNO', '', '', 0, 0, 0, 0, 'No', 'No', 'EstudianteP418.jpg', 'DocumentoP418.jpg', 1),
('P419', 'ODETH DAYANA LOZANO CAMARGO', 'NINGUNO', 'NINGUNO', 'NINGUNO', 'NINGUNO', 'NINGUNO', 'NINGUNO', '', '', 0, 0, 0, 0, 'No', 'No', 'EstudianteP419.jpg', 'DocumentoP419.jpg', 1),
('P420', 'ROGER ANDRES MARTINEZ JIMENEZ', 'NINGUNO', 'NINGUNO', 'NINGUNO', 'NINGUNO', 'NINGUNO', 'NINGUNO', '', '', 0, 0, 0, 0, 'No', 'No', 'EstudianteP420.jpg', 'DocumentoP420.jpg', 1),
('P421', 'ALBERTO MARIO MEDINA MEDINA', 'NINGUNO', 'NINGUNO', 'NINGUNO', 'NINGUNO', 'NINGUNO', 'NINGUNO', '', '', 0, 0, 0, 0, 'No', 'No', 'EstudianteP421.jpg', 'DocumentoP421.jpg', 1),
('P422', 'EYLENEN FRANKCHESKA MOLINA BERMUDEZ', 'NINGUNO', 'NINGUNO', 'NINGUNO', 'NINGUNO', 'NINGUNO', 'NINGUNO', '', '', 0, 0, 0, 0, 'No', 'No', 'EstudianteP422.jpg', 'DocumentoP422.jpg', 1),
('P423', 'ROSAURA MARINA NAVARRO CAMARGO', 'NINGUNO', 'NINGUNO', 'NINGUNO', 'NINGUNO', 'NINGUNO', 'NINGUNO', '', '', 0, 0, 0, 0, 'No', 'No', 'EstudianteP423.jpg', 'DocumentoP423.jpg', 1),
('P424', 'DAYERLIS  OROZCO ALMANZA', 'NINGUNO', 'NINGUNO', 'NINGUNO', 'NINGUNO', 'NINGUNO', 'NINGUNO', '', '', 0, 0, 0, 0, 'No', 'No', 'EstudianteP424.jpg', 'DocumentoP424.jpg', 1),
('P425', 'YEISIREE DEL CARMEN OROZCO TERAN', 'NINGUNO', 'NINGUNO', 'NINGUNO', 'NINGUNO', 'NINGUNO', 'NINGUNO', '', '', 0, 0, 0, 0, 'No', 'No', 'EstudianteP425.jpg', 'DocumentoP425.jpg', 1),
('P426', 'NAYERLIS  OSPINO MATAMORO', 'NINGUNO', 'NINGUNO', 'NINGUNO', 'NINGUNO', 'NINGUNO', 'NINGUNO', '', '', 0, 0, 0, 0, 'No', 'No', 'EstudianteP426.jpg', 'DocumentoP426.jpg', 1),
('P427', 'WENDY MARIA PAEZ CAMACHO', 'NINGUNO', 'NINGUNO', 'NINGUNO', 'NINGUNO', 'NINGUNO', 'NINGUNO', '', '', 0, 0, 0, 0, 'No', 'No', 'EstudianteP427.jpg', 'DocumentoP427.jpg', 1),
('P428', 'LAURA VANESSA POLO OSORIO', 'NINGUNO', 'NINGUNO', 'NINGUNO', 'NINGUNO', 'NINGUNO', 'NINGUNO', '', '', 0, 0, 0, 0, 'No', 'No', 'EstudianteP428.jpg', 'DocumentoP428.jpg', 1),
('P429', 'STIVEN JOSE ROMERO VALENCIA', 'NINGUNO', 'NINGUNO', 'NINGUNO', 'NINGUNO', 'NINGUNO', 'NINGUNO', '', '', 0, 0, 0, 0, 'No', 'No', 'EstudianteP429.jpg', 'DocumentoP429.jpg', 1),
('P430', 'MILLER DAVID SALTARIN MARTINEZ', 'NINGUNO', 'NINGUNO', 'NINGUNO', 'NINGUNO', 'NINGUNO', 'NINGUNO', '', '', 0, 0, 0, 0, 'No', 'No', 'EstudianteP430.jpg', 'DocumentoP430.jpg', 1),
('P431', 'KARLA PATRICIA SANTANDER MARTINEZ', 'NINGUNO', 'NINGUNO', 'NINGUNO', 'NINGUNO', 'NINGUNO', 'NINGUNO', '', '', 0, 0, 0, 0, 'No', 'No', 'EstudianteP431.jpg', 'DocumentoP431.jpg', 1),
('P432', 'DANIELA ALEJANDRA SILVA GONZALEZ', 'NINGUNO', 'NINGUNO', 'NINGUNO', 'NINGUNO', 'NINGUNO', 'NINGUNO', '', '', 0, 0, 0, 0, 'No', 'No', 'EstudianteP432.jpg', 'DocumentoP432.jpg', 1),
('P433', 'ARES XANDER TOLOSA CANTILLO', 'NINGUNO', 'NINGUNO', 'NINGUNO', 'NINGUNO', 'NINGUNO', 'NINGUNO', '', '', 0, 0, 0, 0, 'No', 'No', 'EstudianteP433.jpg', 'DocumentoP433.jpg', 1),
('P434', 'ANA ROSA TORRES OROZCO', 'NINGUNO', 'NINGUNO', 'NINGUNO', 'NINGUNO', 'NINGUNO', 'NINGUNO', '', '', 0, 0, 0, 0, 'No', 'No', 'EstudianteP434.jpg', 'DocumentoP434.jpg', 1),
('P435', 'MAURICIO DE JESUS VALENCIA BECERRA', 'NINGUNO', 'NINGUNO', 'NINGUNO', 'NINGUNO', 'NINGUNO', 'NINGUNO', '', '', 0, 0, 0, 0, 'No', 'No', 'EstudianteP435.jpg', 'DocumentoP435.jpg', 1),
('P436', 'WILMAR SEGUNDO VALENCIA DE LA HOZ', 'NINGUNO', 'NINGUNO', 'NINGUNO', 'NINGUNO', 'NINGUNO', 'NINGUNO', '', '', 0, 0, 0, 0, 'No', 'No', 'EstudianteP436.jpg', 'DocumentoP436.jpg', 1),
('P437', 'ALFONSO JOSE VILLAMIL CERVANTES', 'NINGUNO', 'NINGUNO', 'NINGUNO', 'NINGUNO', 'NINGUNO', 'NINGUNO', '', '', 0, 0, 0, 0, 'No', 'No', 'EstudianteP437.jpg', 'DocumentoP437.jpg', 1),
('P438', 'JONATHAN  ALVIAREZ FONSECA', 'NINGUNO', 'NINGUNO', 'NINGUNO', 'NINGUNO', 'NINGUNO', 'NINGUNO', '', '', 0, 0, 0, 0, 'No', 'No', 'EstudianteP438.jpg', 'DocumentoP438.jpg', 1),
('P439', 'DILSON JOSE ARAGON CARRE?O', 'NINGUNO', 'NINGUNO', 'NINGUNO', 'NINGUNO', 'NINGUNO', 'NINGUNO', '', '', 0, 0, 0, 0, 'No', 'No', 'EstudianteP439.jpg', 'DocumentoP439.jpg', 1),
('P440', 'ARMANDO DE JESUS ARAGON CARRE?O', 'NINGUNO', 'NINGUNO', 'NINGUNO', 'NINGUNO', 'NINGUNO', 'NINGUNO', '', '', 0, 0, 0, 0, 'No', 'No', 'EstudianteP440.jpg', 'DocumentoP440.jpg', 1),
('P441', 'JOSE MARIO BARRIO GUERRERO', 'NINGUNO', 'NINGUNO', 'NINGUNO', 'NINGUNO', 'NINGUNO', 'NINGUNO', '', '', 0, 0, 0, 0, 'No', 'No', 'EstudianteP441.jpg', 'DocumentoP441.jpg', 1),
('P442', 'CARLOS ROBERTO BOLA?O CERVERA', 'NINGUNO', 'NINGUNO', 'NINGUNO', 'NINGUNO', 'NINGUNO', 'NINGUNO', '', '', 0, 0, 0, 0, 'No', 'No', 'EstudianteP442.jpg', 'DocumentoP442.jpg', 1),
('P443', 'SHARIK JOHANA BOLA?O DE HOYOS', 'NINGUNO', 'NINGUNO', 'NINGUNO', 'NINGUNO', 'NINGUNO', 'NINGUNO', '', '', 0, 0, 0, 0, 'No', 'No', 'EstudianteP443.jpg', 'DocumentoP443.jpg', 1),
('P444', 'LUIS ALBERTO BOLA?O REALES', 'NINGUNO', 'NINGUNO', 'NINGUNO', 'NINGUNO', 'NINGUNO', 'NINGUNO', '', '', 0, 0, 0, 0, 'No', 'No', 'EstudianteP444.jpg', 'DocumentoP444.jpg', 1),
('P445', 'NORELYS  CAMACHO ALMANZA', 'NINGUNO', 'NINGUNO', 'NINGUNO', 'NINGUNO', 'NINGUNO', 'NINGUNO', '', '', 0, 0, 0, 0, 'No', 'No', 'EstudianteP445.jpg', 'DocumentoP445.jpg', 1),
('P446', 'VALENTINA  CAMACHO GUERRERO', 'NINGUNO', 'NINGUNO', 'NINGUNO', 'NINGUNO', 'NINGUNO', 'NINGUNO', '', '', 0, 0, 0, 0, 'No', 'No', 'EstudianteP446.jpg', 'DocumentoP446.jpg', 1),
('P447', 'CARLOS JAVIERX CANDANOZA MARTINEZ', 'NINGUNO', 'NINGUNO', 'NINGUNO', 'NINGUNO', 'NINGUNO', 'NINGUNO', '', '', 0, 0, 0, 0, 'No', 'No', 'EstudianteP447.jpg', 'DocumentoP447.jpg', 1),
('P448', 'CARLOS JAVIER CANDANOZA MARTINEZ', 'NINGUNO', 'NINGUNO', 'NINGUNO', 'NINGUNO', 'NINGUNO', 'NINGUNO', '', '', 0, 0, 0, 0, 'No', 'No', 'EstudianteP448.jpg', 'DocumentoP448.jpg', 1),
('P449', 'EINER JOSECC COLONA CASTILLO', 'NINGUNO', 'NINGUNO', 'NINGUNO', 'NINGUNO', 'NINGUNO', 'NINGUNO', '', '', 0, 0, 0, 0, 'No', 'No', 'EstudianteP449.jpg', 'DocumentoP449.jpg', 1),
('P450', 'SANDRA MILENA CUETO POLO', 'NINGUNO', 'NINGUNO', 'NINGUNO', 'NINGUNO', 'NINGUNO', 'NINGUNO', '', '', 0, 0, 0, 0, 'No', 'No', 'EstudianteP450.jpg', 'DocumentoP450.jpg', 1),
('P451', 'ADRIAN DAVID DE LEON BARRIOS', 'NINGUNO', 'NINGUNO', 'NINGUNO', 'NINGUNO', 'NINGUNO', 'NINGUNO', '', '', 0, 0, 0, 0, 'No', 'No', 'EstudianteP451.jpg', 'DocumentoP451.jpg', 1),
('P452', 'PAULA ANDREA GAMEZ ALMANZA', 'NINGUNO', 'NINGUNO', 'NINGUNO', 'NINGUNO', 'NINGUNO', 'NINGUNO', '', '', 0, 0, 0, 0, 'No', 'No', 'EstudianteP452.jpg', 'DocumentoP452.jpg', 1),
('P453', 'SARA EDITH MARQUEZ CARDENAS', 'NINGUNO', 'NINGUNO', 'NINGUNO', 'NINGUNO', 'NINGUNO', 'NINGUNO', '', '', 0, 0, 0, 0, 'No', 'No', 'EstudianteP453.jpg', 'DocumentoP453.jpg', 1),
('P454', 'ALCIDES DAVID MEDINA CANTILLO', 'NINGUNO', 'NINGUNO', 'NINGUNO', 'NINGUNO', 'NINGUNO', 'NINGUNO', '', '', 0, 0, 0, 0, 'No', 'No', 'EstudianteP454.jpg', 'DocumentoP454.jpg', 1),
('P455', 'CAMILO ANDRES MEDINA SANTANDER', 'NINGUNO', 'NINGUNO', 'NINGUNO', 'NINGUNO', 'NINGUNO', 'NINGUNO', '', '', 0, 0, 0, 0, 'No', 'No', 'EstudianteP455.jpg', 'DocumentoP455.jpg', 1),
('P456', 'YETSIBEL ANDREA OROZCO TEHERAN', 'NINGUNO', 'NINGUNO', 'NINGUNO', 'NINGUNO', 'NINGUNO', 'NINGUNO', '', '', 0, 0, 0, 0, 'No', 'No', 'EstudianteP456.jpg', 'DocumentoP456.jpg', 1),
('P457', 'YETSIBEL ANDREA OROZCO TERAN', 'NINGUNO', 'NINGUNO', 'NINGUNO', 'NINGUNO', 'NINGUNO', 'NINGUNO', '', '', 0, 0, 0, 0, 'No', 'No', 'EstudianteP457.jpg', 'DocumentoP457.jpg', 1),
('P458', 'HOLLMAN JUNIOR QUINTANA MARTINEZ', 'NINGUNO', 'NINGUNO', 'NINGUNO', 'NINGUNO', 'NINGUNO', 'NINGUNO', '', '', 0, 0, 0, 0, 'No', 'No', 'EstudianteP458.jpg', 'DocumentoP458.jpg', 1),
('P459', 'RICARDO ALFONSO RODRIGUEZ CARDENAS', 'NINGUNO', 'NINGUNO', 'NINGUNO', 'NINGUNO', 'NINGUNO', 'NINGUNO', '', '', 0, 0, 0, 0, 'No', 'No', 'EstudianteP459.jpg', 'DocumentoP459.jpg', 1),
('P460', 'LIZANDRO ANTONIO ROMERO VALENCIA', 'NINGUNO', 'NINGUNO', 'NINGUNO', 'NINGUNO', 'NINGUNO', 'NINGUNO', '', '', 0, 0, 0, 0, 'No', 'No', 'EstudianteP460.jpg', 'DocumentoP460.jpg', 1),
('P461', 'CHERYL PATRICIA RUIZ BOLA?O', 'NINGUNO', 'NINGUNO', 'NINGUNO', 'NINGUNO', 'NINGUNO', 'NINGUNO', '', '', 0, 0, 0, 0, 'No', 'No', 'EstudianteP461.jpg', 'DocumentoP461.jpg', 1),
('P462', 'ANDRES FELIPE SANTANDER OCHOA', 'NINGUNO', 'NINGUNO', 'NINGUNO', 'NINGUNO', 'NINGUNO', 'NINGUNO', '', '', 0, 0, 0, 0, 'No', 'No', 'EstudianteP462.jpg', 'DocumentoP462.jpg', 1),
('P463', 'JUANA PRISCILA VILLA CERVANTES', 'NINGUNO', 'NINGUNO', 'NINGUNO', 'NINGUNO', 'NINGUNO', 'NINGUNO', '', '', 0, 0, 0, 0, 'No', 'No', 'EstudianteP463.jpg', 'DocumentoP463.jpg', 1),
('P464', 'FABIAN  YEPES PADILLA', 'NINGUNO', 'NINGUNO', 'NINGUNO', 'NINGUNO', 'NINGUNO', 'NINGUNO', '', '', 0, 0, 0, 0, 'No', 'No', 'EstudianteP464.jpg', 'DocumentoP464.jpg', 1),
('P465', 'ANYIS PAOLA ZABALETA AHUMADA', 'NINGUNO', 'NINGUNO', 'NINGUNO', 'NINGUNO', 'NINGUNO', 'NINGUNO', '', '', 0, 0, 0, 0, 'No', 'No', 'EstudianteP465.jpg', 'DocumentoP465.jpg', 1),
('P466', 'GABRIEL HERNANDO ALMANZA RUIZ', 'NINGUNO', 'NINGUNO', 'NINGUNO', 'NINGUNO', 'NINGUNO', 'NINGUNO', '', '', 0, 0, 0, 0, 'No', 'No', 'EstudianteP466.jpg', 'DocumentoP466.jpg', 1),
('P467', 'LEONIDAS ANDRES ALMANZA BECERRA', 'NINGUNO', 'NINGUNO', 'NINGUNO', 'NINGUNO', 'NINGUNO', 'NINGUNO', '', '', 0, 0, 0, 0, 'No', 'No', 'EstudianteP467.jpg', 'DocumentoP467.jpg', 1),
('P468', 'KEINER DAVID ALMANZA ORDO?EZ', 'NINGUNO', 'NINGUNO', 'NINGUNO', 'NINGUNO', 'NINGUNO', 'NINGUNO', '', '', 0, 0, 0, 0, 'No', 'No', 'EstudianteP468.jpg', 'DocumentoP468.jpg', 1),
('P469', 'IVAN RAMON ALMANZA LINARES', 'NINGUNO', 'NINGUNO', 'NINGUNO', 'NINGUNO', 'NINGUNO', 'NINGUNO', '', '', 0, 0, 0, 0, 'No', 'No', 'EstudianteP469.jpg', 'DocumentoP469.jpg', 1),
('P470', 'ADRIANA LUCIA BARRIOS FONTALVO', 'NINGUNO', 'NINGUNO', 'NINGUNO', 'NINGUNO', 'NINGUNO', 'NINGUNO', '', '', 0, 0, 0, 0, 'No', 'No', 'EstudianteP470.jpg', 'DocumentoP470.jpg', 1),
('P471', 'ANA SHARID BARRIOS DE LE?N', 'NINGUNO', 'NINGUNO', 'NINGUNO', 'NINGUNO', 'NINGUNO', 'NINGUNO', '', '', 0, 0, 0, 0, 'No', 'No', 'EstudianteP471.jpg', 'DocumentoP471.jpg', 1),
('P472', 'MARIA ISABEL BARRIOS MADRID', 'NINGUNO', 'NINGUNO', 'NINGUNO', 'NINGUNO', 'NINGUNO', 'NINGUNO', '', '', 0, 0, 0, 0, 'No', 'No', 'EstudianteP472.jpg', 'DocumentoP472.jpg', 1),
('P473', 'DIOSA  BOLA?O TORRES', 'NINGUNO', 'NINGUNO', 'NINGUNO', 'NINGUNO', 'NINGUNO', 'NINGUNO', '', '', 0, 0, 0, 0, 'No', 'No', 'EstudianteP473.jpg', 'DocumentoP473.jpg', 1),
('P474', 'LUIS ALBERTO CONTRERAS BOLA?O', 'NINGUNO', 'NINGUNO', 'NINGUNO', 'NINGUNO', 'NINGUNO', 'NINGUNO', '', '', 0, 0, 0, 0, 'No', 'No', 'EstudianteP474.jpg', 'DocumentoP474.jpg', 1),
('P475', 'YISANA DEL CARMEN CUETO BOLA?O', 'NINGUNO', 'NINGUNO', 'NINGUNO', 'NINGUNO', 'NINGUNO', 'NINGUNO', '', '', 0, 0, 0, 0, 'No', 'No', 'EstudianteP475.jpg', 'DocumentoP475.jpg', 1),
('P476', 'YANIRIS CAROLINA DE LA HOZ PEREA', 'NINGUNO', 'NINGUNO', 'NINGUNO', 'NINGUNO', 'NINGUNO', 'NINGUNO', '', '', 0, 0, 0, 0, 'No', 'No', 'EstudianteP476.jpg', 'DocumentoP476.jpg', 1),
('P477', 'ANDER JESUS ESPINOSA JASPE', 'NINGUNO', 'NINGUNO', 'NINGUNO', 'NINGUNO', 'NINGUNO', 'NINGUNO', '', '', 0, 0, 0, 0, 'No', 'No', 'EstudianteP477.jpg', 'DocumentoP477.jpg', 1),
('P478', 'ALEXANDRA PATRICIA GOMEZ PALMERA', 'NINGUNO', 'NINGUNO', 'NINGUNO', 'NINGUNO', 'NINGUNO', 'NINGUNO', '', '', 0, 0, 0, 0, 'No', 'No', 'EstudianteP478.jpg', 'DocumentoP478.jpg', 1),
('P479', 'ANUER YESID GONZALES ARRIETA', 'NINGUNO', 'NINGUNO', 'NINGUNO', 'NINGUNO', 'NINGUNO', 'NINGUNO', '', '', 0, 0, 0, 0, 'No', 'No', 'EstudianteP479.jpg', 'DocumentoP479.jpg', 1),
('P480', 'JESUS DAVID GUTIERREZ BROCHERO', 'NINGUNO', 'NINGUNO', 'NINGUNO', 'NINGUNO', 'NINGUNO', 'NINGUNO', '', '', 0, 0, 0, 0, 'No', 'No', 'EstudianteP480.jpg', 'DocumentoP480.jpg', 1),
('P481', 'KALETH MATEUS LORA CANTILLO', 'NINGUNO', 'NINGUNO', 'NINGUNO', 'NINGUNO', 'NINGUNO', 'NINGUNO', '', '', 0, 0, 0, 0, 'No', 'No', 'EstudianteP481.jpg', 'DocumentoP481.jpg', 1),
('P482', 'ANA GABRIELA LOZANO SANTANDER', 'NINGUNO', 'NINGUNO', 'NINGUNO', 'NINGUNO', 'NINGUNO', 'NINGUNO', '', '', 0, 0, 0, 0, 'No', 'No', 'EstudianteP482.jpg', 'DocumentoP482.jpg', 1),
('P483', 'ANDREA CAROLINA MARTINEZ OROZCO', 'NINGUNO', 'NINGUNO', 'NINGUNO', 'NINGUNO', 'NINGUNO', 'NINGUNO', '', '', 0, 0, 0, 0, 'No', 'No', 'EstudianteP483.jpg', 'DocumentoP483.jpg', 1),
('P484', 'LUIS JAIME MARTINEZ MELGAREJO', 'NINGUNO', 'NINGUNO', 'NINGUNO', 'NINGUNO', 'NINGUNO', 'NINGUNO', '', '', 0, 0, 0, 0, 'No', 'No', 'EstudianteP484.jpg', 'DocumentoP484.jpg', 1),
('P485', 'SERGIO ANDRES MARTINEZ ACOSTA', 'NINGUNO', 'NINGUNO', 'NINGUNO', 'NINGUNO', 'NINGUNO', 'NINGUNO', '', '', 0, 0, 0, 0, 'No', 'No', 'EstudianteP485.jpg', 'DocumentoP485.jpg', 1),
('P486', 'DANA TERESA MEDINA CANTILLO', 'NINGUNO', 'NINGUNO', 'NINGUNO', 'NINGUNO', 'NINGUNO', 'NINGUNO', '', '', 0, 0, 0, 0, 'No', 'No', 'EstudianteP486.jpg', 'DocumentoP486.jpg', 1),
('P487', 'CAMILO JOSE MELGAREJO GUERRERO', 'NINGUNO', 'NINGUNO', 'NINGUNO', 'NINGUNO', 'NINGUNO', 'NINGUNO', '', '', 0, 0, 0, 0, 'No', 'No', 'EstudianteP487.jpg', 'DocumentoP487.jpg', 1),
('P488', 'BLADIMIR JOSE MENESES GUERRERO', 'NINGUNO', 'NINGUNO', 'NINGUNO', 'NINGUNO', 'NINGUNO', 'NINGUNO', '', '', 0, 0, 0, 0, 'No', 'No', 'EstudianteP488.jpg', 'DocumentoP488.jpg', 1),
('P489', 'NATALY PAOLA MERCADO PALMERA', 'NINGUNO', 'NINGUNO', 'NINGUNO', 'NINGUNO', 'NINGUNO', 'NINGUNO', '', '', 0, 0, 0, 0, 'No', 'No', 'EstudianteP489.jpg', 'DocumentoP489.jpg', 1),
('P490', 'NILFA AMPARO MONTERO RIVERA', 'NINGUNO', 'NINGUNO', 'NINGUNO', 'NINGUNO', 'NINGUNO', 'NINGUNO', '', '', 0, 0, 0, 0, 'No', 'No', 'EstudianteP490.jpg', 'DocumentoP490.jpg', 1),
('P491', 'MILTON JAVIER MONTERO RIVERA', 'NINGUNO', 'NINGUNO', 'NINGUNO', 'NINGUNO', 'NINGUNO', 'NINGUNO', '', '', 0, 0, 0, 0, 'No', 'No', 'EstudianteP491.jpg', 'DocumentoP491.jpg', 1),
('P492', 'JESUS DAVID MU?OZ LOZANO', 'NINGUNO', 'NINGUNO', 'NINGUNO', 'NINGUNO', 'NINGUNO', 'NINGUNO', '', '', 0, 0, 0, 0, 'No', 'No', 'EstudianteP492.jpg', 'DocumentoP492.jpg', 1),
('P493', 'KATHERIN GABRIELA NIETO KOHEN', 'NINGUNO', 'NINGUNO', 'NINGUNO', 'NINGUNO', 'NINGUNO', 'NINGUNO', '', '', 0, 0, 0, 0, 'No', 'No', 'EstudianteP493.jpg', 'DocumentoP493.jpg', 1),
('P494', 'JUAN DAVID OROZCO TAPIAS', 'NINGUNO', 'NINGUNO', 'NINGUNO', 'NINGUNO', 'NINGUNO', 'NINGUNO', '', '', 0, 0, 0, 0, 'No', 'No', 'EstudianteP494.jpg', 'DocumentoP494.jpg', 1),
('P495', 'DYLAN ARMANDO OSORIO MERCADO', 'NINGUNO', 'NINGUNO', 'NINGUNO', 'NINGUNO', 'NINGUNO', 'NINGUNO', '', '', 0, 0, 0, 0, 'No', 'No', 'EstudianteP495.jpg', 'DocumentoP495.jpg', 1),
('P496', 'YARELYS PATRICIA PALMERA BARRIOS', 'NINGUNO', 'NINGUNO', 'NINGUNO', 'NINGUNO', 'NINGUNO', 'NINGUNO', '', '', 0, 0, 0, 0, 'No', 'No', 'EstudianteP496.jpg', 'DocumentoP496.jpg', 1),
('P497', 'BEATRIZ STELLA SILVA GONZALEZ', 'NINGUNO', 'NINGUNO', 'NINGUNO', 'NINGUNO', 'NINGUNO', 'NINGUNO', '', '', 0, 0, 0, 0, 'No', 'No', 'EstudianteP497.jpg', 'DocumentoP497.jpg', 1),
('P498', 'DANIEL DAVID SILVA GONZALEZ', 'NINGUNO', 'NINGUNO', 'NINGUNO', 'NINGUNO', 'NINGUNO', 'NINGUNO', '', '', 0, 0, 0, 0, 'No', 'No', 'EstudianteP498.jpg', 'DocumentoP498.jpg', 1),
('P499', 'JESUS DANIEL TORRES MARTINEZ', 'NINGUNO', 'NINGUNO', 'NINGUNO', 'NINGUNO', 'NINGUNO', 'NINGUNO', '', '', 0, 0, 0, 0, 'No', 'No', 'EstudianteP499.jpg', 'DocumentoP499.jpg', 1),
('P500', 'MARIO LUIS AGUILAR BOLA?O', 'NINGUNO', 'NINGUNO', 'NINGUNO', 'NINGUNO', 'NINGUNO', 'NINGUNO', '', '', 0, 0, 0, 0, 'No', 'No', 'EstudianteP500.jpg', 'DocumentoP500.jpg', 1),
('P501', 'JOSE ARTURO ALMANZA BECERRA', 'NINGUNO', 'NINGUNO', 'NINGUNO', 'NINGUNO', 'NINGUNO', 'NINGUNO', '', '', 0, 0, 0, 0, 'No', 'No', 'EstudianteP501.jpg', 'DocumentoP501.jpg', 1),
('P502', 'KEIDER JAVIER ALMANZA PINZON', 'NINGUNO', 'NINGUNO', 'NINGUNO', 'NINGUNO', 'NINGUNO', 'NINGUNO', '', '', 0, 0, 0, 0, 'No', 'No', 'EstudianteP502.jpg', 'DocumentoP502.jpg', 1),
('P503', 'MARIA KARLA ANILLO ESCORCIA', 'NINGUNO', 'NINGUNO', 'NINGUNO', 'NINGUNO', 'NINGUNO', 'NINGUNO', '', '', 0, 0, 0, 0, 'No', 'No', 'EstudianteP503.jpg', 'DocumentoP503.jpg', 1),
('P504', 'JESUS GABRIEL ARAGON BARRIOS', 'NINGUNO', 'NINGUNO', 'NINGUNO', 'NINGUNO', 'NINGUNO', 'NINGUNO', '', '', 0, 0, 0, 0, 'No', 'No', 'EstudianteP504.jpg', 'DocumentoP504.jpg', 1),
('P505', 'ALEXANDRA MILENA BARRAZA BECERRA', 'NINGUNO', 'NINGUNO', 'NINGUNO', 'NINGUNO', 'NINGUNO', 'NINGUNO', '', '', 0, 0, 0, 0, 'No', 'No', 'EstudianteP505.jpg', 'DocumentoP505.jpg', 1),
('P506', 'STIVEN STICK BARRIOS OROZCO', 'NINGUNO', 'NINGUNO', 'NINGUNO', 'NINGUNO', 'NINGUNO', 'NINGUNO', '', '', 0, 0, 0, 0, 'No', 'No', 'EstudianteP506.jpg', 'DocumentoP506.jpg', 1),
('P507', 'YIRLEIDIS PATRICIA BOLA?O CHARRIS', 'NINGUNO', 'NINGUNO', 'NINGUNO', 'NINGUNO', 'NINGUNO', 'NINGUNO', '', '', 0, 0, 0, 0, 'No', 'No', 'EstudianteP507.jpg', 'DocumentoP507.jpg', 1),
('P508', 'VALENTINA ISABEL BOLA?O SANTANDER', 'NINGUNO', 'NINGUNO', 'NINGUNO', 'NINGUNO', 'NINGUNO', 'NINGUNO', '', '', 0, 0, 0, 0, 'No', 'No', 'EstudianteP508.jpg', 'DocumentoP508.jpg', 1),
('P509', 'YAMITH  BOLA?O GARCIA', 'NINGUNO', 'NINGUNO', 'NINGUNO', 'NINGUNO', 'NINGUNO', 'NINGUNO', '', '', 0, 0, 0, 0, 'No', 'No', 'EstudianteP509.jpg', 'DocumentoP509.jpg', 1),
('P510', 'NOELIS ESTHER CAMARGO CAMACHO', 'NINGUNO', 'NINGUNO', 'NINGUNO', 'NINGUNO', 'NINGUNO', 'NINGUNO', '', '', 0, 0, 0, 0, 'No', 'No', 'EstudianteP510.jpg', 'DocumentoP510.jpg', 1),
('P511', 'CAROLINA MICHELL CHAVES ROMERO', 'NINGUNO', 'NINGUNO', 'NINGUNO', 'NINGUNO', 'NINGUNO', 'NINGUNO', '', '', 0, 0, 0, 0, 'No', 'No', 'EstudianteP511.jpg', 'DocumentoP511.jpg', 1),
('P512', 'YEISON RAFAEL FERNANDEZ MELGAREJO', 'NINGUNO', 'NINGUNO', 'NINGUNO', 'NINGUNO', 'NINGUNO', 'NINGUNO', '', '', 0, 0, 0, 0, 'No', 'No', 'EstudianteP512.jpg', 'DocumentoP512.jpg', 1),
('P513', 'YAIRETH DEL CARMEN FONSECA BARRIOS', 'NINGUNO', 'NINGUNO', 'NINGUNO', 'NINGUNO', 'NINGUNO', 'NINGUNO', '', '', 0, 0, 0, 0, 'No', 'No', 'EstudianteP513.jpg', 'DocumentoP513.jpg', 1),
('P514', 'SHARICK PAOLA GARCIA MARTINEZ', 'NINGUNO', 'NINGUNO', 'NINGUNO', 'NINGUNO', 'NINGUNO', 'NINGUNO', '', '', 0, 0, 0, 0, 'No', 'No', 'EstudianteP514.jpg', 'DocumentoP514.jpg', 1),
('P515', 'ASTRID MARIANNI GARCIA CAMACHO', 'NINGUNO', 'NINGUNO', 'NINGUNO', 'NINGUNO', 'NINGUNO', 'NINGUNO', '', '', 0, 0, 0, 0, 'No', 'No', 'EstudianteP515.jpg', 'DocumentoP515.jpg', 1),
('P516', 'ORLANDO SEGUNDO GOMEZ GUTIERREZ', 'NINGUNO', 'NINGUNO', 'NINGUNO', 'NINGUNO', 'NINGUNO', 'NINGUNO', '', '', 0, 0, 0, 0, 'No', 'No', 'EstudianteP516.jpg', 'DocumentoP516.jpg', 1),
('P517', 'JUAN  HERRERA PALMERA', 'NINGUNO', 'NINGUNO', 'NINGUNO', 'NINGUNO', 'NINGUNO', 'NINGUNO', '', '', 0, 0, 0, 0, 'No', 'No', 'EstudianteP517.jpg', 'DocumentoP517.jpg', 1),
('P518', 'JENIFFER DEL CARMEN JIMEMEZ SANTANDER', 'NINGUNO', 'NINGUNO', 'NINGUNO', 'NINGUNO', 'NINGUNO', 'NINGUNO', '', '', 0, 0, 0, 0, 'No', 'No', 'EstudianteP518.jpg', 'DocumentoP518.jpg', 1),
('P519', 'VALERY  JIMENEZ ALMANZA', 'NINGUNO', 'NINGUNO', 'NINGUNO', 'NINGUNO', 'NINGUNO', 'NINGUNO', '', '', 0, 0, 0, 0, 'No', 'No', 'EstudianteP519.jpg', 'DocumentoP519.jpg', 1),
('P520', 'KEILY SANDRY KOHEN ALMANZA', 'NINGUNO', 'NINGUNO', 'NINGUNO', 'NINGUNO', 'NINGUNO', 'NINGUNO', '', '', 0, 0, 0, 0, 'No', 'No', 'EstudianteP520.jpg', 'DocumentoP520.jpg', 1),
('P521', 'YERALDIN MARINA PALMERA ALMANZA', 'NINGUNO', 'NINGUNO', 'NINGUNO', 'NINGUNO', 'NINGUNO', 'NINGUNO', '', '', 0, 0, 0, 0, 'No', 'No', 'EstudianteP521.jpg', 'DocumentoP521.jpg', 1),
('P522', 'YIRLEYDYS PATRICIA PALMERA CERVANTES', 'NINGUNO', 'NINGUNO', 'NINGUNO', 'NINGUNO', 'NINGUNO', 'NINGUNO', '', '', 0, 0, 0, 0, 'No', 'No', 'EstudianteP522.jpg', 'DocumentoP522.jpg', 1),
('P523', 'GISELLA MARTINEZ QUINTANA MARTINEZ', 'NINGUNO', 'NINGUNO', 'NINGUNO', 'NINGUNO', 'NINGUNO', 'NINGUNO', '', '', 0, 0, 0, 0, 'No', 'No', 'EstudianteP523.jpg', 'DocumentoP523.jpg', 1),
('P524', 'CLAUDIA PATRICIA RODRIGUEZ ALMANZA', 'NINGUNO', 'NINGUNO', 'NINGUNO', 'NINGUNO', 'NINGUNO', 'NINGUNO', '', '', 0, 0, 0, 0, 'No', 'No', 'EstudianteP524.jpg', 'DocumentoP524.jpg', 1),
('P525', 'DAYERLIN CAROLINA ROSADO MARTINEZ', 'NINGUNO', 'NINGUNO', 'NINGUNO', 'NINGUNO', 'NINGUNO', 'NINGUNO', '', '', 0, 0, 0, 0, 'No', 'No', 'EstudianteP525.jpg', 'DocumentoP525.jpg', 1),
('P526', 'ALVARO ANDRES RUIZ DE LEON', 'NINGUNO', 'NINGUNO', 'NINGUNO', 'NINGUNO', 'NINGUNO', 'NINGUNO', '', '', 0, 0, 0, 0, 'No', 'No', 'EstudianteP526.jpg', 'DocumentoP526.jpg', 1),
('P527', 'VALERY JOHANA SALTARIN SANTANDER', 'NINGUNO', 'NINGUNO', 'NINGUNO', 'NINGUNO', 'NINGUNO', 'NINGUNO', '', '', 0, 0, 0, 0, 'No', 'No', 'EstudianteP527.jpg', 'DocumentoP527.jpg', 1),
('P528', 'SIRLEY MARINA SANTANDER ALMANZA', 'NINGUNO', 'NINGUNO', 'NINGUNO', 'NINGUNO', 'NINGUNO', 'NINGUNO', '', '', 0, 0, 0, 0, 'No', 'No', 'EstudianteP528.jpg', 'DocumentoP528.jpg', 1),
('P529', 'JOHEINER LUIS SANTANDER MARTINEZ', 'NINGUNO', 'NINGUNO', 'NINGUNO', 'NINGUNO', 'NINGUNO', 'NINGUNO', '', '', 0, 0, 0, 0, 'No', 'No', 'EstudianteP529.jpg', 'DocumentoP529.jpg', 1),
('P530', 'CARLOS ANDRES SANTANDER OROZCO', 'NINGUNO', 'NINGUNO', 'NINGUNO', 'NINGUNO', 'NINGUNO', 'NINGUNO', '', '', 0, 0, 0, 0, 'No', 'No', 'EstudianteP530.jpg', 'DocumentoP530.jpg', 1),
('P531', 'SAYARI DEL CARMEN TORRES BECERRA', 'NINGUNO', 'NINGUNO', 'NINGUNO', 'NINGUNO', 'NINGUNO', 'NINGUNO', '', '', 0, 0, 0, 0, 'No', 'No', 'EstudianteP531.jpg', 'DocumentoP531.jpg', 1),
('P532', 'YIRA PATRICIA VALENCIA SANTANDER', 'NINGUNO', 'NINGUNO', 'NINGUNO', 'NINGUNO', 'NINGUNO', 'NINGUNO', '', '', 0, 0, 0, 0, 'No', 'No', 'EstudianteP532.jpg', 'DocumentoP532.jpg', 1),
('P533', 'LUISA FERNANDA ALMANZA NAVARRO', 'NINGUNO', 'NINGUNO', 'NINGUNO', 'NINGUNO', 'NINGUNO', 'NINGUNO', '', '', 0, 0, 0, 0, 'No', 'No', 'EstudianteP533.jpg', 'DocumentoP533.jpg', 1),
('P534', 'MOISES JAVIER ARAGON DE AVILA', 'NINGUNO', 'NINGUNO', 'NINGUNO', 'NINGUNO', 'NINGUNO', 'NINGUNO', '', '', 0, 0, 0, 0, 'No', 'No', 'EstudianteP534.jpg', 'DocumentoP534.jpg', 1),
('P535', 'EDUARDO JOSE ARRIETA VILLA', 'NINGUNO', 'NINGUNO', 'NINGUNO', 'NINGUNO', 'NINGUNO', 'NINGUNO', '', '', 0, 0, 0, 0, 'No', 'No', 'EstudianteP535.jpg', 'DocumentoP535.jpg', 1),
('P536', 'BRANDON DE JESUS BARRIOS PEREA', 'NINGUNO', 'NINGUNO', 'NINGUNO', 'NINGUNO', 'NINGUNO', 'NINGUNO', '', '', 0, 0, 0, 0, 'No', 'No', 'EstudianteP536.jpg', 'DocumentoP536.jpg', 1),
('P537', 'DALGY DEL CARMEN BARRIOS MARQUEZ', 'NINGUNO', 'NINGUNO', 'NINGUNO', 'NINGUNO', 'NINGUNO', 'NINGUNO', '', '', 0, 0, 0, 0, 'No', 'No', 'EstudianteP537.jpg', 'DocumentoP537.jpg', 1),
('P538', 'LILIBETH MARIA BOLA?O CAMARGO', 'NINGUNO', 'NINGUNO', 'NINGUNO', 'NINGUNO', 'NINGUNO', 'NINGUNO', '', '', 0, 0, 0, 0, 'No', 'No', 'EstudianteP538.jpg', 'DocumentoP538.jpg', 1),
('P539', 'MARIANA DELCRISTO BROCHERO BOLA?O', 'NINGUNO', 'NINGUNO', 'NINGUNO', 'NINGUNO', 'NINGUNO', 'NINGUNO', '', '', 0, 0, 0, 0, 'No', 'No', 'EstudianteP539.jpg', 'DocumentoP539.jpg', 1),
('P540', 'LUIS ADOLFO CAMARGO CABARCAS', 'NINGUNO', 'NINGUNO', 'NINGUNO', 'NINGUNO', 'NINGUNO', 'NINGUNO', '', '', 0, 0, 0, 0, 'No', 'No', 'EstudianteP540.jpg', 'DocumentoP540.jpg', 1),
('P541', 'GUISSELLE DE JESUS CONTRERAS BARRIOS', 'NINGUNO', 'NINGUNO', 'NINGUNO', 'NINGUNO', 'NINGUNO', 'NINGUNO', '', '', 0, 0, 0, 0, 'No', 'No', 'EstudianteP541.jpg', 'DocumentoP541.jpg', 1),
('P542', 'JESUS DAVID DE LA CRUZ ARAGON', 'NINGUNO', 'NINGUNO', 'NINGUNO', 'NINGUNO', 'NINGUNO', 'NINGUNO', '', '', 0, 0, 0, 0, 'No', 'No', 'EstudianteP542.jpg', 'DocumentoP542.jpg', 1),
('P543', 'CAMILO ANDRES DE LEON PERTUZ', 'NINGUNO', 'NINGUNO', 'NINGUNO', 'NINGUNO', 'NINGUNO', 'NINGUNO', '', '', 0, 0, 0, 0, 'No', 'No', 'EstudianteP543.jpg', 'DocumentoP543.jpg', 1),
('P544', 'KAROLAY DAYANA DIAZ DE LEON', 'NINGUNO', 'NINGUNO', 'NINGUNO', 'NINGUNO', 'NINGUNO', 'NINGUNO', '', '', 0, 0, 0, 0, 'No', 'No', 'EstudianteP544.jpg', 'DocumentoP544.jpg', 1),
('P545', 'ROXIBEL DE LOS ANGELES FERNANDEZ MARTINEZ', 'NINGUNO', 'NINGUNO', 'NINGUNO', 'NINGUNO', 'NINGUNO', 'NINGUNO', '', '', 0, 0, 0, 0, 'No', 'No', 'EstudianteP545.jpg', 'DocumentoP545.jpg', 1),
('P546', 'SAMUEL CAMILO JIMENEZ SANTANDER', 'NINGUNO', 'NINGUNO', 'NINGUNO', 'NINGUNO', 'NINGUNO', 'NINGUNO', '', '', 0, 0, 0, 0, 'No', 'No', 'EstudianteP546.jpg', 'DocumentoP546.jpg', 1),
('P547', 'FABIO ANDRES LOZANO BOCANEGRA', 'NINGUNO', 'NINGUNO', 'NINGUNO', 'NINGUNO', 'NINGUNO', 'NINGUNO', '', '', 0, 0, 0, 0, 'No', 'No', 'EstudianteP547.jpg', 'DocumentoP547.jpg', 1),
('P548', 'WELFRAN SEGUNDO MARTINEZ JIMENEZ', 'NINGUNO', 'NINGUNO', 'NINGUNO', 'NINGUNO', 'NINGUNO', 'NINGUNO', '', '', 0, 0, 0, 0, 'No', 'No', 'EstudianteP548.jpg', 'DocumentoP548.jpg', 1),
('P549', 'MICHELL ANDREA MARTINEZ BOLA?O', 'NINGUNO', 'NINGUNO', 'NINGUNO', 'NINGUNO', 'NINGUNO', 'NINGUNO', '', '', 0, 0, 0, 0, 'No', 'No', 'EstudianteP549.jpg', 'DocumentoP549.jpg', 1),
('P550', 'ALEXANDRA CAMILA MIER MEDINA', 'NINGUNO', 'NINGUNO', 'NINGUNO', 'NINGUNO', 'NINGUNO', 'NINGUNO', '', '', 0, 0, 0, 0, 'No', 'No', 'EstudianteP550.jpg', 'DocumentoP550.jpg', 1),
('P551', 'NOHEMI ESTHER MORENO RUDAS', 'NINGUNO', 'NINGUNO', 'NINGUNO', 'NINGUNO', 'NINGUNO', 'NINGUNO', '', '', 0, 0, 0, 0, 'No', 'No', 'EstudianteP551.jpg', 'DocumentoP551.jpg', 1),
('P552', 'STEFANI ANDRES OROZCO MARQUEZ', 'NINGUNO', 'NINGUNO', 'NINGUNO', 'NINGUNO', 'NINGUNO', 'NINGUNO', '', '', 0, 0, 0, 0, 'No', 'No', 'EstudianteP552.jpg', 'DocumentoP552.jpg', 1),
('P553', 'YERILETH PAOLA PALMERA BECERRA', 'NINGUNO', 'NINGUNO', 'NINGUNO', 'NINGUNO', 'NINGUNO', 'NINGUNO', '', '', 0, 0, 0, 0, 'No', 'No', 'EstudianteP553.jpg', 'DocumentoP553.jpg', 1),
('P554', 'CHELSY PATRICIA RUIZ BOLA?O', 'NINGUNO', 'NINGUNO', 'NINGUNO', 'NINGUNO', 'NINGUNO', 'NINGUNO', '', '', 0, 0, 0, 0, 'No', 'No', 'EstudianteP554.jpg', 'DocumentoP554.jpg', 1),
('P555', 'MARIA JOSE TAMARA RODRIGUEZ', 'NINGUNO', 'NINGUNO', 'NINGUNO', 'NINGUNO', 'NINGUNO', 'NINGUNO', '', '', 0, 0, 0, 0, 'No', 'No', 'EstudianteP555.jpg', 'DocumentoP555.jpg', 1),
('P556', 'YAJAIRA DEL CARMEN TORRES MARTINEZ', 'NINGUNO', 'NINGUNO', 'NINGUNO', 'NINGUNO', 'NINGUNO', 'NINGUNO', '', '', 0, 0, 0, 0, 'No', 'No', 'EstudianteP556.jpg', 'DocumentoP556.jpg', 1),
('P557', 'WALBERTO ENRIQUE VALENCIA ARAGON', 'NINGUNO', 'NINGUNO', 'NINGUNO', 'NINGUNO', 'NINGUNO', 'NINGUNO', '', '', 0, 0, 0, 0, 'No', 'No', 'EstudianteP557.jpg', 'DocumentoP557.jpg', 1),
('P558', 'STEFANY TATIANA ZABALETA AHUMADA', 'NINGUNO', 'NINGUNO', 'NINGUNO', 'NINGUNO', 'NINGUNO', 'NINGUNO', '', '', 0, 0, 0, 0, 'No', 'No', 'EstudianteP558.jpg', 'DocumentoP558.jpg', 1),
('P559', 'MAGALIS ESTHER ACOSTA TORRES', 'NINGUNO', 'NINGUNO', 'NINGUNO', 'NINGUNO', 'NINGUNO', 'NINGUNO', '', '', 0, 0, 0, 0, 'No', 'No', 'EstudianteP559.jpg', 'DocumentoP559.jpg', 1),
('P560', 'YOELIS DAYANA ARROYO ARAGON', 'NINGUNO', 'NINGUNO', 'NINGUNO', 'NINGUNO', 'NINGUNO', 'NINGUNO', '', '', 0, 0, 0, 0, 'No', 'No', 'EstudianteP560.jpg', 'DocumentoP560.jpg', 1),
('P561', 'SABRINA  BARRIOS BOLA?O', 'NINGUNO', 'NINGUNO', 'NINGUNO', 'NINGUNO', 'NINGUNO', 'NINGUNO', '', '', 0, 0, 0, 0, 'No', 'No', 'EstudianteP561.jpg', 'DocumentoP561.jpg', 1),
('P562', 'JESUS DAVID BERMUDEZ ROJANO', 'NINGUNO', 'NINGUNO', 'NINGUNO', 'NINGUNO', 'NINGUNO', 'NINGUNO', '', '', 0, 0, 0, 0, 'No', 'No', 'EstudianteP562.jpg', 'DocumentoP562.jpg', 1),
('P563', 'EDUAR DAVID CAMARGO CAMACHO', 'NINGUNO', 'NINGUNO', 'NINGUNO', 'NINGUNO', 'NINGUNO', 'NINGUNO', '', '', 0, 0, 0, 0, 'No', 'No', 'EstudianteP563.jpg', 'DocumentoP563.jpg', 1),
('P564', 'LIZAURA  CAMARGO MARTINEZ', 'NINGUNO', 'NINGUNO', 'NINGUNO', 'NINGUNO', 'NINGUNO', 'NINGUNO', '', '', 0, 0, 0, 0, 'No', 'No', 'EstudianteP564.jpg', 'DocumentoP564.jpg', 1),
('P565', 'YAMARLIS DEL CARMEN DE LEON RUA', 'NINGUNO', 'NINGUNO', 'NINGUNO', 'NINGUNO', 'NINGUNO', 'NINGUNO', '', '', 0, 0, 0, 0, 'No', 'No', 'EstudianteP565.jpg', 'DocumentoP565.jpg', 1),
('P566', 'ZHARICK PAOLA DE VEGA BARRIOS', 'NINGUNO', 'NINGUNO', 'NINGUNO', 'NINGUNO', 'NINGUNO', 'NINGUNO', '', '', 0, 0, 0, 0, 'No', 'No', 'EstudianteP566.jpg', 'DocumentoP566.jpg', 1),
('P567', 'LIBARDO JOSE FONSECA RAMOS', 'NINGUNO', 'NINGUNO', 'NINGUNO', 'NINGUNO', 'NINGUNO', 'NINGUNO', '', '', 0, 0, 0, 0, 'No', 'No', 'EstudianteP567.jpg', 'DocumentoP567.jpg', 1),
('P568', 'EVELIYN PATRICIA GOMEZ MEDINA', 'NINGUNO', 'NINGUNO', 'NINGUNO', 'NINGUNO', 'NINGUNO', 'NINGUNO', '', '', 0, 0, 0, 0, 'No', 'No', 'EstudianteP568.jpg', 'DocumentoP568.jpg', 1),
('P569', 'LEONEL JOSE MARQUEZ ORTIZ', 'NINGUNO', 'NINGUNO', 'NINGUNO', 'NINGUNO', 'NINGUNO', 'NINGUNO', '', '', 0, 0, 0, 0, 'No', 'No', 'EstudianteP569.jpg', 'DocumentoP569.jpg', 1),
('P570', 'YAMILETH  MARQUEZ ORTIZ', 'NINGUNO', 'NINGUNO', 'NINGUNO', 'NINGUNO', 'NINGUNO', 'NINGUNO', '', '', 0, 0, 0, 0, 'No', 'No', 'EstudianteP570.jpg', 'DocumentoP570.jpg', 1),
('P571', 'ALEXANDRA DEL CARMEN MARQUEZ VALENCIA', 'NINGUNO', 'NINGUNO', 'NINGUNO', 'NINGUNO', 'NINGUNO', 'NINGUNO', '', '', 0, 0, 0, 0, 'No', 'No', 'EstudianteP571.jpg', 'DocumentoP571.jpg', 1),
('P572', 'VICENTE SEGUNDO MARQUEZ ARAGON', 'NINGUNO', 'NINGUNO', 'NINGUNO', 'NINGUNO', 'NINGUNO', 'NINGUNO', '', '', 0, 0, 0, 0, 'No', 'No', 'EstudianteP572.jpg', 'DocumentoP572.jpg', 1),
('P573', 'GISSELA MARIA MORENO OSORIO', 'NINGUNO', 'NINGUNO', 'NINGUNO', 'NINGUNO', 'NINGUNO', 'NINGUNO', '', '', 0, 0, 0, 0, 'No', 'No', 'EstudianteP573.jpg', 'DocumentoP573.jpg', 1),
('P574', 'DEINER FRANCISCO OROZCO ROBLES', 'NINGUNO', 'NINGUNO', 'NINGUNO', 'NINGUNO', 'NINGUNO', 'NINGUNO', '', '', 0, 0, 0, 0, 'No', 'No', 'EstudianteP574.jpg', 'DocumentoP574.jpg', 1),
('P575', 'ORLANDO MIGUEL RUA SALGUEDO', 'NINGUNO', 'NINGUNO', 'NINGUNO', 'NINGUNO', 'NINGUNO', 'NINGUNO', '', '', 0, 0, 0, 0, 'No', 'No', 'EstudianteP575.jpg', 'DocumentoP575.jpg', 1),
('P576', 'NILSON RAFAEL SANTANDER CANTILLO', 'NINGUNO', 'NINGUNO', 'NINGUNO', 'NINGUNO', 'NINGUNO', 'NINGUNO', '', '', 0, 0, 0, 0, 'No', 'No', 'EstudianteP576.jpg', 'DocumentoP576.jpg', 1),
('P577', 'SUGEIDIS MARIA TORRES SANTANDER', 'NINGUNO', 'NINGUNO', 'NINGUNO', 'NINGUNO', 'NINGUNO', 'NINGUNO', '', '', 0, 0, 0, 0, 'No', 'No', 'EstudianteP577.jpg', 'DocumentoP577.jpg', 1),
('P578', 'CAMILO ANDRES VALENCIA ARAGON', 'NINGUNO', 'NINGUNO', 'NINGUNO', 'NINGUNO', 'NINGUNO', 'NINGUNO', '', '', 0, 0, 0, 0, 'No', 'No', 'EstudianteP578.jpg', 'DocumentoP578.jpg', 1),
('P579', 'JESUS DAVID BOLA?O CHARRIS', 'NINGUNO', 'NINGUNO', 'NINGUNO', 'NINGUNO', 'NINGUNO', 'NINGUNO', '', '', 0, 0, 0, 0, 'No', 'No', 'EstudianteP579.jpg', 'DocumentoP579.jpg', 1),
('P580', 'JHOHAN DAVID CAMPO PEREA', 'NINGUNO', 'NINGUNO', 'NINGUNO', 'NINGUNO', 'NINGUNO', 'NINGUNO', '', '', 0, 0, 0, 0, 'No', 'No', 'EstudianteP580.jpg', 'DocumentoP580.jpg', 1),
('P581', 'ALDO JOSE CERVERA RODRIGUEZ', 'NINGUNO', 'NINGUNO', 'NINGUNO', 'NINGUNO', 'NINGUNO', 'NINGUNO', '', '', 0, 0, 0, 0, 'No', 'No', 'EstudianteP581.jpg', 'DocumentoP581.jpg', 1),
('P582', 'JESUS GREGORIO CERVERA PALMERA', 'NINGUNO', 'NINGUNO', 'NINGUNO', 'NINGUNO', 'NINGUNO', 'NINGUNO', '', '', 0, 0, 0, 0, 'No', 'No', 'EstudianteP582.jpg', 'DocumentoP582.jpg', 1),
('P583', 'ALY DAVID CERVERA RODRIGUEZ', 'NINGUNO', 'NINGUNO', 'NINGUNO', 'NINGUNO', 'NINGUNO', 'NINGUNO', '', '', 0, 0, 0, 0, 'No', 'No', 'EstudianteP583.jpg', 'DocumentoP583.jpg', 1),
('P584', 'DEYBER ANDRES CONTRERAS BOLA?O', 'NINGUNO', 'NINGUNO', 'NINGUNO', 'NINGUNO', 'NINGUNO', 'NINGUNO', '', '', 0, 0, 0, 0, 'No', 'No', 'EstudianteP584.jpg', 'DocumentoP584.jpg', 1),
('P585', 'IRIS PATRICIA FERNANDEZ CALDERON', 'NINGUNO', 'NINGUNO', 'NINGUNO', 'NINGUNO', 'NINGUNO', 'NINGUNO', '', '', 0, 0, 0, 0, 'No', 'No', 'EstudianteP585.jpg', 'DocumentoP585.jpg', 1),
('P586', 'EVELYN DE JESUS GAMEZ ALMANZA', 'NINGUNO', 'NINGUNO', 'NINGUNO', 'NINGUNO', 'NINGUNO', 'NINGUNO', '', '', 0, 0, 0, 0, 'No', 'No', 'EstudianteP586.jpg', 'DocumentoP586.jpg', 1),
('P587', 'SARAY GREGORIA GAMEZ ALMANZA', 'NINGUNO', 'NINGUNO', 'NINGUNO', 'NINGUNO', 'NINGUNO', 'NINGUNO', '', '', 0, 0, 0, 0, 'No', 'No', 'EstudianteP587.jpg', 'DocumentoP587.jpg', 1),
('P588', 'BRAYAN ESTIVEN GARCIA MARTINEZ', 'NINGUNO', 'NINGUNO', 'NINGUNO', 'NINGUNO', 'NINGUNO', 'NINGUNO', '', '', 0, 0, 0, 0, 'No', 'No', 'EstudianteP588.jpg', 'DocumentoP588.jpg', 1),
('P589', 'MILEIDIS ESTHER GOMEZ PALMERA', 'NINGUNO', 'NINGUNO', 'NINGUNO', 'NINGUNO', 'NINGUNO', 'NINGUNO', '', '', 0, 0, 0, 0, 'No', 'No', 'EstudianteP589.jpg', 'DocumentoP589.jpg', 1),
('P590', 'MINERVA ELENA GOMEZ MARTINEZ', 'NINGUNO', 'NINGUNO', 'NINGUNO', 'NINGUNO', 'NINGUNO', 'NINGUNO', '', '', 0, 0, 0, 0, 'No', 'No', 'EstudianteP590.jpg', 'DocumentoP590.jpg', 1),
('P591', 'JHONER JOSE GOMEZ BOLA?O', 'NINGUNO', 'NINGUNO', 'NINGUNO', 'NINGUNO', 'NINGUNO', 'NINGUNO', '', '', 0, 0, 0, 0, 'No', 'No', 'EstudianteP591.jpg', 'DocumentoP591.jpg', 1),
('P592', 'NAZARETH DEL CARMEN HERNANDEZ ANAYA', 'NINGUNO', 'NINGUNO', 'NINGUNO', 'NINGUNO', 'NINGUNO', 'NINGUNO', '', '', 0, 0, 0, 0, 'No', 'No', 'EstudianteP592.jpg', 'DocumentoP592.jpg', 1),
('P593', 'EDUARDO EMILIO MARTINEZ GARCIA', 'NINGUNO', 'NINGUNO', 'NINGUNO', 'NINGUNO', 'NINGUNO', 'NINGUNO', '', '', 0, 0, 0, 0, 'No', 'No', 'EstudianteP593.jpg', 'DocumentoP593.jpg', 1),
('P594', 'CARLOS DAVID MARTINEZ MARTINEZ', 'NINGUNO', 'NINGUNO', 'NINGUNO', 'NINGUNO', 'NINGUNO', 'NINGUNO', '', '', 0, 0, 0, 0, 'No', 'No', 'EstudianteP594.jpg', 'DocumentoP594.jpg', 1),
('P595', 'DANIELA ESTHER MARTINEZ MARTINEZ', 'NINGUNO', 'NINGUNO', 'NINGUNO', 'NINGUNO', 'NINGUNO', 'NINGUNO', '', '', 0, 0, 0, 0, 'No', 'No', 'EstudianteP595.jpg', 'DocumentoP595.jpg', 1),
('P596', 'FRANCHESCA YANITZA MARTINEZ PALMERA', 'NINGUNO', 'NINGUNO', 'NINGUNO', 'NINGUNO', 'NINGUNO', 'NINGUNO', '', '', 0, 0, 0, 0, 'No', 'No', 'EstudianteP596.jpg', 'DocumentoP596.jpg', 1),
('P597', 'NICOLAS ANDRES MEDINA MEDINA', 'NINGUNO', 'NINGUNO', 'NINGUNO', 'NINGUNO', 'NINGUNO', 'NINGUNO', '', '', 0, 0, 0, 0, 'No', 'No', 'EstudianteP597.jpg', 'DocumentoP597.jpg', 1),
('P598', 'NICOL ANDREA MEDINA MEDINA', 'NINGUNO', 'NINGUNO', 'NINGUNO', 'NINGUNO', 'NINGUNO', 'NINGUNO', '', '', 0, 0, 0, 0, 'No', 'No', 'EstudianteP598.jpg', 'DocumentoP598.jpg', 1),
('P599', 'CORNELIO SEGUNDO MELGAREJO CUETO', 'NINGUNO', 'NINGUNO', 'NINGUNO', 'NINGUNO', 'NINGUNO', 'NINGUNO', '', '', 0, 0, 0, 0, 'No', 'No', 'EstudianteP599.jpg', 'DocumentoP599.jpg', 1),
('P600', 'ISAURA PATRICIA OROZCO DE LEON', 'NINGUNO', 'NINGUNO', 'NINGUNO', 'NINGUNO', 'NINGUNO', 'NINGUNO', '', '', 0, 0, 0, 0, 'No', 'No', 'EstudianteP600.jpg', 'DocumentoP600.jpg', 1),
('P601', 'LAUREN PATRICIA OROZCO GUERRERO', 'NINGUNO', 'NINGUNO', 'NINGUNO', 'NINGUNO', 'NINGUNO', 'NINGUNO', '', '', 0, 0, 0, 0, 'No', 'No', 'EstudianteP601.jpg', 'DocumentoP601.jpg', 1),
('P602', 'XILENA PATRICIA OROZCO RODRIGUEZ', 'NINGUNO', 'NINGUNO', 'NINGUNO', 'NINGUNO', 'NINGUNO', 'NINGUNO', '', '', 0, 0, 0, 0, 'No', 'No', 'EstudianteP602.jpg', 'DocumentoP602.jpg', 1),
('P603', 'ISAAC SEGUNDO OROZCO ROBLES', 'NINGUNO', 'NINGUNO', 'NINGUNO', 'NINGUNO', 'NINGUNO', 'NINGUNO', '', '', 0, 0, 0, 0, 'No', 'No', 'EstudianteP603.jpg', 'DocumentoP603.jpg', 1),
('P604', 'DIEGO ALEJANDRO OSORIO DE LA HOZ', 'NINGUNO', 'NINGUNO', 'NINGUNO', 'NINGUNO', 'NINGUNO', 'NINGUNO', '', '', 0, 0, 0, 0, 'No', 'No', 'EstudianteP604.jpg', 'DocumentoP604.jpg', 1),
('P605', 'ROSAURA MARIA PALMERA SANTANDER', 'NINGUNO', 'NINGUNO', 'NINGUNO', 'NINGUNO', 'NINGUNO', 'NINGUNO', '', '', 0, 0, 0, 0, 'No', 'No', 'EstudianteP605.jpg', 'DocumentoP605.jpg', 1),
('P606', 'JESUS HERNAN RIVERA ARAGON', 'NINGUNO', 'NINGUNO', 'NINGUNO', 'NINGUNO', 'NINGUNO', 'NINGUNO', '', '', 0, 0, 0, 0, 'No', 'No', 'EstudianteP606.jpg', 'DocumentoP606.jpg', 1),
('P607', 'ANDREA ISABEL SANTANDER OROZCO', 'NINGUNO', 'NINGUNO', 'NINGUNO', 'NINGUNO', 'NINGUNO', 'NINGUNO', '', '', 0, 0, 0, 0, 'No', 'No', 'EstudianteP607.jpg', 'DocumentoP607.jpg', 1),
('P608', 'YIRLENIS CECILIA VALENCIA DE LA HOZ', 'NINGUNO', 'NINGUNO', 'NINGUNO', 'NINGUNO', 'NINGUNO', 'NINGUNO', '', '', 0, 0, 0, 0, 'No', 'No', 'EstudianteP608.jpg', 'DocumentoP608.jpg', 1),
('P609', 'CAMILA ANDREA VALENCIA PANTOJA', 'NINGUNO', 'NINGUNO', 'NINGUNO', 'NINGUNO', 'NINGUNO', 'NINGUNO', '', '', 0, 0, 0, 0, 'No', 'No', 'EstudianteP609.jpg', 'DocumentoP609.jpg', 1),
('P610', 'ANTONIO  ACOSTA TORRES', 'NINGUNO', 'NINGUNO', 'NINGUNO', 'NINGUNO', 'NINGUNO', 'NINGUNO', '', '', 0, 0, 0, 0, 'No', 'No', 'EstudianteP610.jpg', 'DocumentoP610.jpg', 1),
('P611', 'LUIS DANIEL ALMANZA VILLA', 'NINGUNO', 'NINGUNO', 'NINGUNO', 'NINGUNO', 'NINGUNO', 'NINGUNO', '', '', 0, 0, 0, 0, 'No', 'No', 'EstudianteP611.jpg', 'DocumentoP611.jpg', 1),
('P612', 'YORDYS DE JESUS BARRIOS GOMEZ', 'NINGUNO', 'NINGUNO', 'NINGUNO', 'NINGUNO', 'NINGUNO', 'NINGUNO', '', '', 0, 0, 0, 0, 'No', 'No', 'EstudianteP612.jpg', 'DocumentoP612.jpg', 1),
('P613', 'BLEIDYS JOHANA BOLA?O DE HOYOS', 'NINGUNO', 'NINGUNO', 'NINGUNO', 'NINGUNO', 'NINGUNO', 'NINGUNO', '', '', 0, 0, 0, 0, 'No', 'No', 'EstudianteP613.jpg', 'DocumentoP613.jpg', 1),
('P614', 'MIRELLA ANDREA BOLA?O SANJUANELO', 'NINGUNO', 'NINGUNO', 'NINGUNO', 'NINGUNO', 'NINGUNO', 'NINGUNO', '', '', 0, 0, 0, 0, 'No', 'No', 'EstudianteP614.jpg', 'DocumentoP614.jpg', 1),
('P615', 'LUIS MARIO CUETO POLO', 'NINGUNO', 'NINGUNO', 'NINGUNO', 'NINGUNO', 'NINGUNO', 'NINGUNO', '', '', 0, 0, 0, 0, 'No', 'No', 'EstudianteP615.jpg', 'DocumentoP615.jpg', 1),
('P616', 'HERNANDO RAFAEL DE LA HOZ OROZCO', 'NINGUNO', 'NINGUNO', 'NINGUNO', 'NINGUNO', 'NINGUNO', 'NINGUNO', '', '', 0, 0, 0, 0, 'No', 'No', 'EstudianteP616.jpg', 'DocumentoP616.jpg', 1),
('P617', 'JUAN DAVID DE LA HOZ GAMEZ', 'NINGUNO', 'NINGUNO', 'NINGUNO', 'NINGUNO', 'NINGUNO', 'NINGUNO', '', '', 0, 0, 0, 0, 'No', 'No', 'EstudianteP617.jpg', 'DocumentoP617.jpg', 1),
('P618', 'YORYANIS  DE LEON CARRE?O', 'NINGUNO', 'NINGUNO', 'NINGUNO', 'NINGUNO', 'NINGUNO', 'NINGUNO', '', '', 0, 0, 0, 0, 'No', 'No', 'EstudianteP618.jpg', 'DocumentoP618.jpg', 1),
('P619', 'DIANA LUCIA ESCORCIA CANTILLO', 'NINGUNO', 'NINGUNO', 'NINGUNO', 'NINGUNO', 'NINGUNO', 'NINGUNO', '', '', 0, 0, 0, 0, 'No', 'No', 'EstudianteP619.jpg', 'DocumentoP619.jpg', 1),
('P620', 'DAMARIS DE JESUS FERIA ARAGON', 'NINGUNO', 'NINGUNO', 'NINGUNO', 'NINGUNO', 'NINGUNO', 'NINGUNO', '', '', 0, 0, 0, 0, 'No', 'No', 'EstudianteP620.jpg', 'DocumentoP620.jpg', 1),
('P621', 'DANIRIS ESTHER FERIA ARAGON', 'NINGUNO', 'NINGUNO', 'NINGUNO', 'NINGUNO', 'NINGUNO', 'NINGUNO', '', '', 0, 0, 0, 0, 'No', 'No', 'EstudianteP621.jpg', 'DocumentoP621.jpg', 1),
('P622', 'JESUS  FIGUEROA BARRIOS', 'NINGUNO', 'NINGUNO', 'NINGUNO', 'NINGUNO', 'NINGUNO', 'NINGUNO', '', '', 0, 0, 0, 0, 'No', 'No', 'EstudianteP622.jpg', 'DocumentoP622.jpg', 1),
('P623', 'CARLOS DANIEL FONTALVO CAMARGO', 'NINGUNO', 'NINGUNO', 'NINGUNO', 'NINGUNO', 'NINGUNO', 'NINGUNO', '', '', 0, 0, 0, 0, 'No', 'No', 'EstudianteP623.jpg', 'DocumentoP623.jpg', 1),
('P624', 'MAURICIO JAVITH GAMEZ GARCIA', 'NINGUNO', 'NINGUNO', 'NINGUNO', 'NINGUNO', 'NINGUNO', 'NINGUNO', '', '', 0, 0, 0, 0, 'No', 'No', 'EstudianteP624.jpg', 'DocumentoP624.jpg', 1),
('P625', 'CAMILO ANDRES GONZALEZ ARAGON', 'NINGUNO', 'NINGUNO', 'NINGUNO', 'NINGUNO', 'NINGUNO', 'NINGUNO', '', '', 0, 0, 0, 0, 'No', 'No', 'EstudianteP625.jpg', 'DocumentoP625.jpg', 1),
('P626', 'ROBERSON JESUS JIMENEZ SANTANDER', 'NINGUNO', 'NINGUNO', 'NINGUNO', 'NINGUNO', 'NINGUNO', 'NINGUNO', '', '', 0, 0, 0, 0, 'No', 'No', 'EstudianteP626.jpg', 'DocumentoP626.jpg', 1),
('P627', 'ANDRES DANIEL LOZANO CAMARGO', 'NINGUNO', 'NINGUNO', 'NINGUNO', 'NINGUNO', 'NINGUNO', 'NINGUNO', '', '', 0, 0, 0, 0, 'No', 'No', 'EstudianteP627.jpg', 'DocumentoP627.jpg', 1),
('P628', 'ARIEL SEGUNDO MARQUEZ PACHECO', 'NINGUNO', 'NINGUNO', 'NINGUNO', 'NINGUNO', 'NINGUNO', 'NINGUNO', '', '', 0, 0, 0, 0, 'No', 'No', 'EstudianteP628.jpg', 'DocumentoP628.jpg', 1),
('P629', 'ARNOLD ENRIQUE MARQUEZ PACHECO', 'NINGUNO', 'NINGUNO', 'NINGUNO', 'NINGUNO', 'NINGUNO', 'NINGUNO', '', '', 0, 0, 0, 0, 'No', 'No', 'EstudianteP629.jpg', 'DocumentoP629.jpg', 1),
('P63', 'KENER DAVID ALMANZA BECERRA', 'NINGUNO', 'NINGUNO', 'NINGUNO', 'NINGUNO', 'NINGUNO', 'NINGUNO', '', '', 0, 0, 0, 0, 'No', 'No', 'EstudianteP63.jpg', 'DocumentoP63.jpg', 1),
('P630', 'LADIMIR  MARTINEZ MARQUEZ', 'NINGUNO', 'NINGUNO', 'NINGUNO', 'NINGUNO', 'NINGUNO', 'NINGUNO', '', '', 0, 0, 0, 0, 'No', 'No', 'EstudianteP630.jpg', 'DocumentoP630.jpg', 1),
('P631', 'ANA MARIA MARTINEZ GARCIA', 'NINGUNO', 'NINGUNO', 'NINGUNO', 'NINGUNO', 'NINGUNO', 'NINGUNO', '', '', 0, 0, 0, 0, 'No', 'No', 'EstudianteP631.jpg', 'DocumentoP631.jpg', 1),
('P632', 'BRENDALYS PATRICIA MATAMOROS MARCHENA', 'NINGUNO', 'NINGUNO', 'NINGUNO', 'NINGUNO', 'NINGUNO', 'NINGUNO', '', '', 0, 0, 0, 0, 'No', 'No', 'EstudianteP632.jpg', 'DocumentoP632.jpg', 1);
INSERT INTO `observadorestudianteapp` (`id_estudiante`, `nombrecompleto_estudiante`, `idacudiente1_estudiante`, `idacudiente2_estudiante`, `nombreacudiente1_estudiante`, `nombreacudiente2_estudiante`, `parentescoacudiente1_estudiante`, `parentescoacudiente2_estudiante`, `grupotiposangre_estudiante`, `rhtiposangre_estudiante`, `deficienciaauditiva_estudiante`, `deficienciavisual_estudiante`, `pesokg_estudiante`, `estaturam_estudiante`, `alergias_estudiante`, `enfermedadcronica_estudiante`, `foto_estudiante`, `imgdocumento_estudiante`, `status_estudiante`) VALUES
('P633', 'YOINER ALFONSO MOLINA BERMUDEZ', 'NINGUNO', 'NINGUNO', 'NINGUNO', 'NINGUNO', 'NINGUNO', 'NINGUNO', '', '', 0, 0, 0, 0, 'No', 'No', 'EstudianteP633.jpg', 'DocumentoP633.jpg', 1),
('P634', 'MAYERLIS DEL AMPARO OSPINO MATAMORO', 'NINGUNO', 'NINGUNO', 'NINGUNO', 'NINGUNO', 'NINGUNO', 'NINGUNO', '', '', 0, 0, 0, 0, 'No', 'No', 'EstudianteP634.jpg', 'DocumentoP634.jpg', 1),
('P635', 'SARAY ESTHER RUA ARAGON', 'NINGUNO', 'NINGUNO', 'NINGUNO', 'NINGUNO', 'NINGUNO', 'NINGUNO', '', '', 0, 0, 0, 0, 'No', 'No', 'EstudianteP635.jpg', 'DocumentoP635.jpg', 1),
('P636', 'JAIR GUSTAVO RUA SANTANA', 'NINGUNO', 'NINGUNO', 'NINGUNO', 'NINGUNO', 'NINGUNO', 'NINGUNO', '', '', 0, 0, 0, 0, 'No', 'No', 'EstudianteP636.jpg', 'DocumentoP636.jpg', 1),
('P637', 'LUIS CAMILO SANTANDER MELGAREJO', 'NINGUNO', 'NINGUNO', 'NINGUNO', 'NINGUNO', 'NINGUNO', 'NINGUNO', '', '', 0, 0, 0, 0, 'No', 'No', 'EstudianteP637.jpg', 'DocumentoP637.jpg', 1),
('P638', 'YADIRA ISABEL TORRES MARTINEZ', 'NINGUNO', 'NINGUNO', 'NINGUNO', 'NINGUNO', 'NINGUNO', 'NINGUNO', '', '', 0, 0, 0, 0, 'No', 'No', 'EstudianteP638.jpg', 'DocumentoP638.jpg', 1),
('P639', 'YORLEYS PAOLA VALENCIA SANTANDER', 'NINGUNO', 'NINGUNO', 'NINGUNO', 'NINGUNO', 'NINGUNO', 'NINGUNO', '', '', 0, 0, 0, 0, 'No', 'No', 'EstudianteP639.jpg', 'DocumentoP639.jpg', 1),
('P64', 'LIGIA AYDEE ALMANZA PI?ERO', 'NINGUNO', 'NINGUNO', 'NINGUNO', 'NINGUNO', 'NINGUNO', 'NINGUNO', '', '', 0, 0, 0, 0, 'No', 'No', 'EstudianteP64.jpg', 'DocumentoP64.jpg', 1),
('P640', 'KAROLAY ANDREA BARRIOS CAMARGO', 'NINGUNO', 'NINGUNO', 'NINGUNO', 'NINGUNO', 'NINGUNO', 'NINGUNO', '', '', 0, 0, 0, 0, 'No', 'No', 'EstudianteP640.jpg', 'DocumentoP640.jpg', 1),
('P641', 'MARYURIS DEL CARM FIGUEROA BARRIOS', 'NINGUNO', 'NINGUNO', 'NINGUNO', 'NINGUNO', 'NINGUNO', 'NINGUNO', '', '', 0, 0, 0, 0, 'No', 'No', 'EstudianteP641.jpg', 'DocumentoP641.jpg', 1),
('P642', 'LILIMARYS  FONSECA GARAY', 'NINGUNO', 'NINGUNO', 'NINGUNO', 'NINGUNO', 'NINGUNO', 'NINGUNO', '', '', 0, 0, 0, 0, 'No', 'No', 'EstudianteP642.jpg', 'DocumentoP642.jpg', 1),
('P643', 'HAISEL PATRICIA FONTALVO ALMANZA', 'NINGUNO', 'NINGUNO', 'NINGUNO', 'NINGUNO', 'NINGUNO', 'NINGUNO', '', '', 0, 0, 0, 0, 'No', 'No', 'EstudianteP643.jpg', 'DocumentoP643.jpg', 1),
('P644', 'NATALIA PATRICIA GAMEZ GARCIA', 'NINGUNO', 'NINGUNO', 'NINGUNO', 'NINGUNO', 'NINGUNO', 'NINGUNO', '', '', 0, 0, 0, 0, 'No', 'No', 'EstudianteP644.jpg', 'DocumentoP644.jpg', 1),
('P645', 'OSMAR MIGUEL GAMEZ ALMANZA', 'NINGUNO', 'NINGUNO', 'NINGUNO', 'NINGUNO', 'NINGUNO', 'NINGUNO', '', '', 0, 0, 0, 0, 'No', 'No', 'EstudianteP645.jpg', 'DocumentoP645.jpg', 1),
('P646', 'YARYS PAOLA GARCIA OROZCO', 'NINGUNO', 'NINGUNO', 'NINGUNO', 'NINGUNO', 'NINGUNO', 'NINGUNO', '', '', 0, 0, 0, 0, 'No', 'No', 'EstudianteP646.jpg', 'DocumentoP646.jpg', 1),
('P647', 'LESLY ANIETH GARCIA MARTINEZ', 'NINGUNO', 'NINGUNO', 'NINGUNO', 'NINGUNO', 'NINGUNO', 'NINGUNO', '', '', 0, 0, 0, 0, 'No', 'No', 'EstudianteP647.jpg', 'DocumentoP647.jpg', 1),
('P648', 'DUBAN CAMILO GARCIA ALMANZA', 'NINGUNO', 'NINGUNO', 'NINGUNO', 'NINGUNO', 'NINGUNO', 'NINGUNO', '', '', 0, 0, 0, 0, 'No', 'No', 'EstudianteP648.jpg', 'DocumentoP648.jpg', 1),
('P649', 'JESUS DAVID GARCIA CAMACHO', 'NINGUNO', 'NINGUNO', 'NINGUNO', 'NINGUNO', 'NINGUNO', 'NINGUNO', '', '', 0, 0, 0, 0, 'No', 'No', 'EstudianteP649.jpg', 'DocumentoP649.jpg', 1),
('P65', 'GAEL ANDRES BARRIOS PANTOJA', 'NINGUNO', 'NINGUNO', 'NINGUNO', 'NINGUNO', 'NINGUNO', 'NINGUNO', '', '', 0, 0, 0, 0, 'No', 'No', 'EstudianteP65.jpg', 'DocumentoP65.jpg', 1),
('P650', 'ANDRES GUSTAVO GUERRERO JIMENEZ', 'NINGUNO', 'NINGUNO', 'NINGUNO', 'NINGUNO', 'NINGUNO', 'NINGUNO', '', '', 0, 0, 0, 0, 'No', 'No', 'EstudianteP650.jpg', 'DocumentoP650.jpg', 1),
('P651', 'ADRIANA MARIA LOZANO RUIZ', 'NINGUNO', 'NINGUNO', 'NINGUNO', 'NINGUNO', 'NINGUNO', 'NINGUNO', '', '', 0, 0, 0, 0, 'No', 'No', 'EstudianteP651.jpg', 'DocumentoP651.jpg', 1),
('P652', 'IRENE ISABEL MARQUEZ VALENCIA', 'NINGUNO', 'NINGUNO', 'NINGUNO', 'NINGUNO', 'NINGUNO', 'NINGUNO', '', '', 0, 0, 0, 0, 'No', 'No', 'EstudianteP652.jpg', 'DocumentoP652.jpg', 1),
('P653', 'NINOSKA ANDREA MARTINEZ ACOSTA', 'NINGUNO', 'NINGUNO', 'NINGUNO', 'NINGUNO', 'NINGUNO', 'NINGUNO', '', '', 0, 0, 0, 0, 'No', 'No', 'EstudianteP653.jpg', 'DocumentoP653.jpg', 1),
('P654', 'GABRIEL JOSE MARTINEZ CAMARGO', 'NINGUNO', 'NINGUNO', 'NINGUNO', 'NINGUNO', 'NINGUNO', 'NINGUNO', '', '', 0, 0, 0, 0, 'No', 'No', 'EstudianteP654.jpg', 'DocumentoP654.jpg', 1),
('P655', 'CAMILO ANDRES MEDINA CAMARGO', 'NINGUNO', 'NINGUNO', 'NINGUNO', 'NINGUNO', 'NINGUNO', 'NINGUNO', '', '', 0, 0, 0, 0, 'No', 'No', 'EstudianteP655.jpg', 'DocumentoP655.jpg', 1),
('P656', 'JONATAN DAVID MELGAREJO VILLA', 'NINGUNO', 'NINGUNO', 'NINGUNO', 'NINGUNO', 'NINGUNO', 'NINGUNO', '', '', 0, 0, 0, 0, 'No', 'No', 'EstudianteP656.jpg', 'DocumentoP656.jpg', 1),
('P657', 'ANA ISABEL MIRANDA FONSECA', 'NINGUNO', 'NINGUNO', 'NINGUNO', 'NINGUNO', 'NINGUNO', 'NINGUNO', '', '', 0, 0, 0, 0, 'No', 'No', 'EstudianteP657.jpg', 'DocumentoP657.jpg', 1),
('P658', 'YESENIA DEL VALLE OROZCO TERAN', 'NINGUNO', 'NINGUNO', 'NINGUNO', 'NINGUNO', 'NINGUNO', 'NINGUNO', '', '', 0, 0, 0, 0, 'No', 'No', 'EstudianteP658.jpg', 'DocumentoP658.jpg', 1),
('P659', 'LILIANA SALOME ORTEGA MONTERO', 'NINGUNO', 'NINGUNO', 'NINGUNO', 'NINGUNO', 'NINGUNO', 'NINGUNO', '', '', 0, 0, 0, 0, 'No', 'No', 'EstudianteP659.jpg', 'DocumentoP659.jpg', 1),
('P66', 'ANDRES DAVID CAMARGO PADILLA', 'NINGUNO', 'NINGUNO', 'NINGUNO', 'NINGUNO', 'NINGUNO', 'NINGUNO', '', '', 0, 0, 0, 0, 'No', 'No', 'EstudianteP66.jpg', 'DocumentoP66.jpg', 1),
('P660', 'MARLEY BELEN SANTANDER BARRIOS', 'NINGUNO', 'NINGUNO', 'NINGUNO', 'NINGUNO', 'NINGUNO', 'NINGUNO', '', '', 0, 0, 0, 0, 'No', 'No', 'EstudianteP660.jpg', 'DocumentoP660.jpg', 1),
('P661', 'LUIS JAVIER SANTANDER SANCHEZ', 'NINGUNO', 'NINGUNO', 'NINGUNO', 'NINGUNO', 'NINGUNO', 'NINGUNO', '', '', 0, 0, 0, 0, 'No', 'No', 'EstudianteP661.jpg', 'DocumentoP661.jpg', 1),
('P662', 'MARIA CLAUDIA VILLALBA GAMEZ', 'NINGUNO', 'NINGUNO', 'NINGUNO', 'NINGUNO', 'NINGUNO', 'NINGUNO', '', '', 0, 0, 0, 0, 'No', 'No', 'EstudianteP662.jpg', 'DocumentoP662.jpg', 1),
('P663', 'DORIS MARITZA AGUILAR BOLA?O', 'NINGUNO', 'NINGUNO', 'NINGUNO', 'NINGUNO', 'NINGUNO', 'NINGUNO', '', '', 0, 0, 0, 0, 'No', 'No', 'EstudianteP663.jpg', 'DocumentoP663.jpg', 1),
('P664', 'YESICA LORENA ALMANZA VILLA', 'NINGUNO', 'NINGUNO', 'NINGUNO', 'NINGUNO', 'NINGUNO', 'NINGUNO', '', '', 0, 0, 0, 0, 'No', 'No', 'EstudianteP664.jpg', 'DocumentoP664.jpg', 1),
('P665', 'EDWIN JOSE ALMARZA LINARES', 'NINGUNO', 'NINGUNO', 'NINGUNO', 'NINGUNO', 'NINGUNO', 'NINGUNO', '', '', 0, 0, 0, 0, 'No', 'No', 'EstudianteP665.jpg', 'DocumentoP665.jpg', 1),
('P666', 'ADRIANIS MARIA BARRIOS BECERRA', 'NINGUNO', 'NINGUNO', 'NINGUNO', 'NINGUNO', 'NINGUNO', 'NINGUNO', '', '', 0, 0, 0, 0, 'No', 'No', 'EstudianteP666.jpg', 'DocumentoP666.jpg', 1),
('P667', 'DAYANIS MARIA BARRIOS MARTINEZ', 'NINGUNO', 'NINGUNO', 'NINGUNO', 'NINGUNO', 'NINGUNO', 'NINGUNO', '', '', 0, 0, 0, 0, 'No', 'No', 'EstudianteP667.jpg', 'DocumentoP667.jpg', 1),
('P668', 'ANDRES GUILLERMO CAMARGO GARCIA', 'NINGUNO', 'NINGUNO', 'NINGUNO', 'NINGUNO', 'NINGUNO', 'NINGUNO', '', '', 0, 0, 0, 0, 'No', 'No', 'EstudianteP668.jpg', 'DocumentoP668.jpg', 1),
('P669', 'GISELLA CAROLINA CAMARGO PALMERA', 'NINGUNO', 'NINGUNO', 'NINGUNO', 'NINGUNO', 'NINGUNO', 'NINGUNO', '', '', 0, 0, 0, 0, 'No', 'No', 'EstudianteP669.jpg', 'DocumentoP669.jpg', 1),
('P67', 'CARLOS EMMANUEL CUERVO MARTINEZ', 'NINGUNO', 'NINGUNO', 'NINGUNO', 'NINGUNO', 'NINGUNO', 'NINGUNO', '', '', 0, 0, 0, 0, 'No', 'No', 'EstudianteP67.jpg', 'DocumentoP67.jpg', 1),
('P670', 'YURLEIS PATRICIA FONSECA BARRIOS', 'NINGUNO', 'NINGUNO', 'NINGUNO', 'NINGUNO', 'NINGUNO', 'NINGUNO', '', '', 0, 0, 0, 0, 'No', 'No', 'EstudianteP670.jpg', 'DocumentoP670.jpg', 1),
('P671', 'ANAIS MARIA GAMEZ ALMANZA', 'NINGUNO', 'NINGUNO', 'NINGUNO', 'NINGUNO', 'NINGUNO', 'NINGUNO', '', '', 0, 0, 0, 0, 'No', 'No', 'EstudianteP671.jpg', 'DocumentoP671.jpg', 1),
('P672', 'JOSE LUIS GARCIA JIMENEZ', 'NINGUNO', 'NINGUNO', 'NINGUNO', 'NINGUNO', 'NINGUNO', 'NINGUNO', '', '', 0, 0, 0, 0, 'No', 'No', 'EstudianteP672.jpg', 'DocumentoP672.jpg', 1),
('P673', 'LUIS MANUEL GOMEZ ORDO?EZ', 'NINGUNO', 'NINGUNO', 'NINGUNO', 'NINGUNO', 'NINGUNO', 'NINGUNO', '', '', 0, 0, 0, 0, 'No', 'No', 'EstudianteP673.jpg', 'DocumentoP673.jpg', 1),
('P674', 'YAIRA PATRICIA GOMEZ BOLA?O', 'NINGUNO', 'NINGUNO', 'NINGUNO', 'NINGUNO', 'NINGUNO', 'NINGUNO', '', '', 0, 0, 0, 0, 'No', 'No', 'EstudianteP674.jpg', 'DocumentoP674.jpg', 1),
('P675', 'ROBIN ALI MARTINEZ OROZCO', 'NINGUNO', 'NINGUNO', 'NINGUNO', 'NINGUNO', 'NINGUNO', 'NINGUNO', '', '', 0, 0, 0, 0, 'No', 'No', 'EstudianteP675.jpg', 'DocumentoP675.jpg', 1),
('P676', 'IRINA MARCELA MELGAREJO MELGAREJO', 'NINGUNO', 'NINGUNO', 'NINGUNO', 'NINGUNO', 'NINGUNO', 'NINGUNO', '', '', 0, 0, 0, 0, 'No', 'No', 'EstudianteP676.jpg', 'DocumentoP676.jpg', 1),
('P677', 'KEINER MANUEL NAVARRO MARQUEZ', 'NINGUNO', 'NINGUNO', 'NINGUNO', 'NINGUNO', 'NINGUNO', 'NINGUNO', '', '', 0, 0, 0, 0, 'No', 'No', 'EstudianteP677.jpg', 'DocumentoP677.jpg', 1),
('P678', 'MARIO ALBERTO OSORIO DE LA HOZ', 'NINGUNO', 'NINGUNO', 'NINGUNO', 'NINGUNO', 'NINGUNO', 'NINGUNO', '', '', 0, 0, 0, 0, 'No', 'No', 'EstudianteP678.jpg', 'DocumentoP678.jpg', 1),
('P679', 'ARMANDO RAFAEL PACHECO ROJANO', 'NINGUNO', 'NINGUNO', 'NINGUNO', 'NINGUNO', 'NINGUNO', 'NINGUNO', '', '', 0, 0, 0, 0, 'No', 'No', 'EstudianteP679.jpg', 'DocumentoP679.jpg', 1),
('P68', 'FREINER DANIEL ESCORCIA MARTINEZ', 'NINGUNO', 'NINGUNO', 'NINGUNO', 'NINGUNO', 'NINGUNO', 'NINGUNO', '', '', 0, 0, 0, 0, 'No', 'No', 'EstudianteP68.jpg', 'DocumentoP68.jpg', 1),
('P680', 'DUVAN ANDRES RUIZ DE LEON', 'NINGUNO', 'NINGUNO', 'NINGUNO', 'NINGUNO', 'NINGUNO', 'NINGUNO', '', '', 0, 0, 0, 0, 'No', 'No', 'EstudianteP680.jpg', 'DocumentoP680.jpg', 1),
('P681', 'SENIT SILENA SALTARIN SANTANDER', 'NINGUNO', 'NINGUNO', 'NINGUNO', 'NINGUNO', 'NINGUNO', 'NINGUNO', '', '', 0, 0, 0, 0, 'No', 'No', 'EstudianteP681.jpg', 'DocumentoP681.jpg', 1),
('P682', 'ANTONYS DE JESUS SANDOVAL RINCON', 'NINGUNO', 'NINGUNO', 'NINGUNO', 'NINGUNO', 'NINGUNO', 'NINGUNO', '', '', 0, 0, 0, 0, 'No', 'No', 'EstudianteP682.jpg', 'DocumentoP682.jpg', 1),
('P683', 'DANIA ISABEL SANTANDER BOLA?O', 'NINGUNO', 'NINGUNO', 'NINGUNO', 'NINGUNO', 'NINGUNO', 'NINGUNO', '', '', 0, 0, 0, 0, 'No', 'No', 'EstudianteP683.jpg', 'DocumentoP683.jpg', 1),
('P684', 'JOSE MIGUEL VALENCIA ARAGON', 'NINGUNO', 'NINGUNO', 'NINGUNO', 'NINGUNO', 'NINGUNO', 'NINGUNO', '', '', 0, 0, 0, 0, 'No', 'No', 'EstudianteP684.jpg', 'DocumentoP684.jpg', 1),
('P69', 'LUIS JOSE JIMENEZ GAMEZ', 'NINGUNO', 'NINGUNO', 'NINGUNO', 'NINGUNO', 'NINGUNO', 'NINGUNO', '', '', 0, 0, 0, 0, 'No', 'No', 'EstudianteP69.jpg', 'DocumentoP69.jpg', 1),
('P70', 'JOELYS MELISSA LOZANO GONZALEZ', 'NINGUNO', 'NINGUNO', 'NINGUNO', 'NINGUNO', 'NINGUNO', 'NINGUNO', '', '', 0, 0, 0, 0, 'No', 'No', 'EstudianteP70.jpg', 'DocumentoP70.jpg', 1),
('P71', 'CESAR LUIS MARTINEZ GARCIA', 'NINGUNO', 'NINGUNO', 'NINGUNO', 'NINGUNO', 'NINGUNO', 'NINGUNO', '', '', 0, 0, 0, 0, 'No', 'No', 'EstudianteP71.jpg', 'DocumentoP71.jpg', 1),
('P72', 'PEDRO LUIS MARTINEZ GAMEZ', 'NINGUNO', 'NINGUNO', 'NINGUNO', 'NINGUNO', 'NINGUNO', 'NINGUNO', '', '', 0, 0, 0, 0, 'No', 'No', 'EstudianteP72.jpg', 'DocumentoP72.jpg', 1),
('P73', 'IAN DAVID MEDINA MEDINA', 'NINGUNO', 'NINGUNO', 'NINGUNO', 'NINGUNO', 'NINGUNO', 'NINGUNO', '', '', 0, 0, 0, 0, 'No', 'No', 'EstudianteP73.jpg', 'DocumentoP73.jpg', 1),
('P74', 'KEISY JULIANA OROZCO ROBLES', 'NINGUNO', 'NINGUNO', 'NINGUNO', 'NINGUNO', 'NINGUNO', 'NINGUNO', '', '', 0, 0, 0, 0, 'No', 'No', 'EstudianteP74.jpg', 'DocumentoP74.jpg', 1),
('P75', 'MARIA CELESTE OSORIO PEREZ', 'NINGUNO', 'NINGUNO', 'NINGUNO', 'NINGUNO', 'NINGUNO', 'NINGUNO', '', '', 0, 0, 0, 0, 'No', 'No', 'EstudianteP75.jpg', 'DocumentoP75.jpg', 1),
('P76', 'JUAN GABRIEL OSORIO CARMONA', 'NINGUNO', 'NINGUNO', 'NINGUNO', 'NINGUNO', 'NINGUNO', 'NINGUNO', '', '', 0, 0, 0, 0, 'No', 'No', 'EstudianteP76.jpg', 'DocumentoP76.jpg', 1),
('P77', 'CRISTIAN DANIEL OSPINO BARRIOS', 'NINGUNO', 'NINGUNO', 'NINGUNO', 'NINGUNO', 'NINGUNO', 'NINGUNO', '', '', 0, 0, 0, 0, 'No', 'No', 'EstudianteP77.jpg', 'DocumentoP77.jpg', 1),
('P78', 'SAIRETH JOHANNA RAMIREZ CAMACHO', 'NINGUNO', 'NINGUNO', 'NINGUNO', 'NINGUNO', 'NINGUNO', 'NINGUNO', '', '', 0, 0, 0, 0, 'No', 'No', 'EstudianteP78.jpg', 'DocumentoP78.jpg', 1),
('P79', 'LUCIANA NICOLL RODRIGUEZ ALMANZA', 'NINGUNO', 'NINGUNO', 'NINGUNO', 'NINGUNO', 'NINGUNO', 'NINGUNO', '', '', 0, 0, 0, 0, 'No', 'No', 'EstudianteP79.jpg', 'DocumentoP79.jpg', 1),
('P80', 'GUADALUPE MARIA SANTANDER DE LEON', 'NINGUNO', 'NINGUNO', 'NINGUNO', 'NINGUNO', 'NINGUNO', 'NINGUNO', '', '', 0, 0, 0, 0, 'No', 'No', 'EstudianteP80.jpg', 'DocumentoP80.jpg', 1),
('P81', 'ARIADNA  VILLA MARTINEZ', 'NINGUNO', 'NINGUNO', 'NINGUNO', 'NINGUNO', 'NINGUNO', 'NINGUNO', '', '', 0, 0, 0, 0, 'No', 'No', 'EstudianteP81.jpg', 'DocumentoP81.jpg', 1),
('P82', 'JOVANY JOSE BOLA?O PALMERA', 'NINGUNO', 'NINGUNO', 'NINGUNO', 'NINGUNO', 'NINGUNO', 'NINGUNO', '', '', 0, 0, 0, 0, 'No', 'No', 'EstudianteP82.jpg', 'DocumentoP82.jpg', 1),
('P83', 'LUISA FERNANDA BOLA?O JIMENEZ', 'NINGUNO', 'NINGUNO', 'NINGUNO', 'NINGUNO', 'NINGUNO', 'NINGUNO', '', '', 0, 0, 0, 0, 'No', 'No', 'EstudianteP83.jpg', 'DocumentoP83.jpg', 1),
('P84', 'MATHIAS JAVIER CAMARGO RUIZ', 'NINGUNO', 'NINGUNO', 'NINGUNO', 'NINGUNO', 'NINGUNO', 'NINGUNO', '', '', 0, 0, 0, 0, 'No', 'No', 'EstudianteP84.jpg', 'DocumentoP84.jpg', 1),
('P85', 'JOSE DE JESUS CARDENAS GUTIERREZ', 'NINGUNO', 'NINGUNO', 'NINGUNO', 'NINGUNO', 'NINGUNO', 'NINGUNO', '', '', 0, 0, 0, 0, 'No', 'No', 'EstudianteP85.jpg', 'DocumentoP85.jpg', 1),
('P86', 'JORGE ANTONIO FONSECA GONZALEZ', 'NINGUNO', 'NINGUNO', 'NINGUNO', 'NINGUNO', 'NINGUNO', 'NINGUNO', '', '', 0, 0, 0, 0, 'No', 'No', 'EstudianteP86.jpg', 'DocumentoP86.jpg', 1),
('P87', 'DEILYN PATRICIA FONSECA PALMERA', 'NINGUNO', 'NINGUNO', 'NINGUNO', 'NINGUNO', 'NINGUNO', 'NINGUNO', '', '', 0, 0, 0, 0, 'No', 'No', 'EstudianteP87.jpg', 'DocumentoP87.jpg', 1),
('P88', 'MARIA ANGEL GOMEZ GUERRERO', 'NINGUNO', 'NINGUNO', 'NINGUNO', 'NINGUNO', 'NINGUNO', 'NINGUNO', '', '', 0, 0, 0, 0, 'No', 'No', 'EstudianteP88.jpg', 'DocumentoP88.jpg', 1),
('P89', 'SILENA DEL CARMEN GONZALEZ GUTIERREZ', 'NINGUNO', 'NINGUNO', 'NINGUNO', 'NINGUNO', 'NINGUNO', 'NINGUNO', '', '', 0, 0, 0, 0, 'No', 'No', 'EstudianteP89.jpg', 'DocumentoP89.jpg', 1),
('P90', 'JAMES DAVID GRANADOS MERI?O', 'NINGUNO', 'NINGUNO', 'NINGUNO', 'NINGUNO', 'NINGUNO', 'NINGUNO', '', '', 0, 0, 0, 0, 'No', 'No', 'EstudianteP90.jpg', 'DocumentoP90.jpg', 1),
('P91', 'LUIS ANGEL HERNANDEZ ORTEGA', 'NINGUNO', 'NINGUNO', 'NINGUNO', 'NINGUNO', 'NINGUNO', 'NINGUNO', '', '', 0, 0, 0, 0, 'No', 'No', 'EstudianteP91.jpg', 'DocumentoP91.jpg', 1),
('P92', 'TATIANA PATRICIA MARTINEZ GUTIERREZ', 'NINGUNO', 'NINGUNO', 'NINGUNO', 'NINGUNO', 'NINGUNO', 'NINGUNO', '', '', 0, 0, 0, 0, 'No', 'No', 'EstudianteP92.jpg', 'DocumentoP92.jpg', 1),
('P93', 'MIRIAN JULIANA MARTINEZ JIMENEZ', 'NINGUNO', 'NINGUNO', 'NINGUNO', 'NINGUNO', 'NINGUNO', 'NINGUNO', '', '', 0, 0, 0, 0, 'No', 'No', 'EstudianteP93.jpg', 'DocumentoP93.jpg', 1),
('P94', 'CESAR LUIS MARTINEZ ENAMORADO', 'NINGUNO', 'NINGUNO', 'NINGUNO', 'NINGUNO', 'NINGUNO', 'NINGUNO', '', '', 0, 0, 0, 0, 'No', 'No', 'EstudianteP94.jpg', 'DocumentoP94.jpg', 1),
('P95', 'JOSE MANUEL NARVAEZ OROZCO', 'NINGUNO', 'NINGUNO', 'NINGUNO', 'NINGUNO', 'NINGUNO', 'NINGUNO', '', '', 0, 0, 0, 0, 'No', 'No', 'EstudianteP95.jpg', 'DocumentoP95.jpg', 1),
('P96', 'CRISTIAN ANDRES OROZCO SOSSA', 'NINGUNO', 'NINGUNO', 'NINGUNO', 'NINGUNO', 'NINGUNO', 'NINGUNO', '', '', 0, 0, 0, 0, 'No', 'No', 'EstudianteP96.jpg', 'DocumentoP96.jpg', 1),
('P97', 'AYLIN PATRICIA OROZCO TAPIAS', 'NINGUNO', 'NINGUNO', 'NINGUNO', 'NINGUNO', 'NINGUNO', 'NINGUNO', '', '', 0, 0, 0, 0, 'No', 'No', 'EstudianteP97.jpg', 'DocumentoP97.jpg', 1),
('P98', 'LUIS GABRIEL ORTIZ BARRIOS', 'NINGUNO', 'NINGUNO', 'NINGUNO', 'NINGUNO', 'NINGUNO', 'NINGUNO', '', '', 0, 0, 0, 0, 'No', 'No', 'EstudianteP98.jpg', 'DocumentoP98.jpg', 1),
('P99', 'VALERY  RAMOS REDONDO', 'NINGUNO', 'NINGUNO', 'NINGUNO', 'NINGUNO', 'NINGUNO', 'NINGUNO', '', '', 0, 0, 0, 0, 'No', 'No', 'EstudianteP99.jpg', 'DocumentoP99.jpg', 1);

-- --------------------------------------------------------

--
-- Estructura de tabla para la tabla `pagosrecibidosapp`
--

CREATE TABLE IF NOT EXISTS `pagosrecibidosapp` (
  `id_pago` bigint(20) NOT NULL AUTO_INCREMENT COMMENT 'Codigo de Pago',
  `id_escuela` bigint(20) NOT NULL COMMENT 'Codigo de Escuela',
  `id_pecuniario` bigint(20) DEFAULT NULL COMMENT 'Codigo de Valor Pecuniario',
  `concepto_pago` varchar(100) DEFAULT NULL COMMENT 'Concepto del Pago',
  `tipodoc_pago` varchar(30) NOT NULL COMMENT 'Tipo de Documento a Pagar',
  `numdoc_pago` varchar(30) NOT NULL COMMENT 'Numero Documento a Pagar',
  `mediopago_pago` varchar(20) DEFAULT 'Efectivo' COMMENT 'Medio de Pago',
  `valor_pago` float NOT NULL DEFAULT '0' COMMENT 'Valor recibido en pago',
  `id_estudiante` varchar(24) NOT NULL COMMENT 'Codigo de Estudiante',
  `nombrecompleto_estudiante` varchar(200) DEFAULT NULL COMMENT 'Nombre del Estudiante',
  `docpagador_pago` varchar(30) DEFAULT NULL,
  `nombrepagador_pago` varchar(200) DEFAULT NULL,
  `usuariorecibe_pago` varchar(50) DEFAULT 'Sistema' COMMENT 'Nombre del Usuario que Registra el Pago',
  `fecha_pago` datetime DEFAULT NULL COMMENT 'Fecha y Hora del Pago',
  `status_pago` tinyint(1) DEFAULT '1',
  PRIMARY KEY (`id_pago`)
) ENGINE=InnoDB DEFAULT CHARSET=latin1 COMMENT='Pagos Recibidos por Diferentes Conceptos' AUTO_INCREMENT=1 ;

-- --------------------------------------------------------

--
-- Estructura de tabla para la tabla `paisesapp`
--

CREATE TABLE IF NOT EXISTS `paisesapp` (
  `id_pais` bigint(20) NOT NULL COMMENT 'Codigo de Pais',
  `nombre_pais` varchar(60) NOT NULL COMMENT 'Nombre del Pais',
  `status_pais` tinyint(1) DEFAULT '1',
  PRIMARY KEY (`id_pais`),
  UNIQUE KEY `PaisesApp_id_pais_Idx` (`id_pais`)
) ENGINE=InnoDB DEFAULT CHARSET=latin1 COMMENT='Paises';

-- --------------------------------------------------------

--
-- Estructura de tabla para la tabla `periodosanualesapp`
--

CREATE TABLE IF NOT EXISTS `periodosanualesapp` (
  `id_periodo` varchar(10) NOT NULL COMMENT 'Codigo del Periodo',
  `id_escuela` bigint(20) NOT NULL COMMENT 'Codigo de Escuela',
  `anualidad_periodo` int(11) NOT NULL COMMENT 'Año del Periodo',
  `finicio_periodo` date DEFAULT NULL COMMENT 'Fecha Inicio Periodo',
  `ffinal_periodo` date DEFAULT NULL COMMENT 'Fecha Final Periodo',
  `cerrado_periodo` tinyint(1) DEFAULT '0' COMMENT 'Indica si el periodo esta cerrado',
  `status_periodo` tinyint(1) DEFAULT '1',
  PRIMARY KEY (`id_periodo`,`id_escuela`),
  UNIQUE KEY `PeriodosApp_Unique_Idx` (`id_escuela`,`id_periodo`)
) ENGINE=InnoDB DEFAULT CHARSET=latin1 COMMENT='Periodos Academicos';

--
-- Volcado de datos para la tabla `periodosanualesapp`
--

INSERT INTO `periodosanualesapp` (`id_periodo`, `id_escuela`, `anualidad_periodo`, `finicio_periodo`, `ffinal_periodo`, `cerrado_periodo`, `status_periodo`) VALUES
('2010', 1, 2010, '2010-01-01', '2010-12-15', 0, 1),
('2011', 1, 2011, '2011-01-01', '2011-12-15', 0, 1),
('2012', 1, 2012, '2012-01-01', '2012-12-15', 0, 1),
('2013', 1, 2013, '2013-01-01', '2013-12-15', 0, 1),
('2014', 1, 2014, '2014-01-01', '2014-12-15', 0, 1),
('2015', 1, 2015, '2015-01-01', '2015-12-15', 0, 1),
('2016', 1, 2016, '2016-01-01', '2016-12-15', 0, 1),
('2017', 1, 2017, '2017-01-01', '2017-12-15', 0, 1),
('2018', 1, 2018, '2018-01-01', '2018-12-15', 0, 1),
('2019', 1, 2019, '2019-01-01', '2019-12-15', 0, 1);

-- --------------------------------------------------------

--
-- Estructura de tabla para la tabla `personasapp`
--

CREATE TABLE IF NOT EXISTS `personasapp` (
  `id_persona` varchar(24) DEFAULT NULL COMMENT 'Codigo de Persona',
  `documento_persona` varchar(24) DEFAULT NULL COMMENT 'Numero Documento Identidad',
  `tipodoc_persona` varchar(3) DEFAULT NULL COMMENT 'Tipo Documento Persona',
  `expediciondoc_persona` varchar(100) DEFAULT NULL COMMENT 'Lugar de expedicion del Documento de Identidad',
  `nombre1_persona` varchar(50) NOT NULL COMMENT 'Primer Nombre',
  `nombre2_persona` varchar(50) DEFAULT NULL COMMENT 'Segundo Nombre',
  `apellido1_persona` varchar(50) NOT NULL COMMENT 'Primer Apellido',
  `apellido2_persona` varchar(50) DEFAULT NULL COMMENT 'Segundp Apellido',
  `sexo_persona` varchar(1) DEFAULT 'I' COMMENT 'Sexo de la Persona',
  `telefono_persona` varchar(50) DEFAULT NULL COMMENT 'Telefono',
  `pais_persona` varchar(50) DEFAULT NULL COMMENT 'Pais donde vive',
  `departamento_persona` varchar(50) DEFAULT NULL COMMENT 'Departamento donde vive',
  `ciudad_persona` varchar(50) DEFAULT NULL COMMENT 'Ciudad o Municipio donde Vive',
  `barrio_persona` varchar(50) DEFAULT NULL COMMENT 'Barrio donde vive',
  `direccion_persona` varchar(100) DEFAULT NULL COMMENT 'Direccion',
  `email_persona` varchar(100) DEFAULT NULL COMMENT 'Email',
  `fechanacimiento_persona` date DEFAULT NULL COMMENT 'Fecha de Nacimiento',
  `lugarnacimiento_persona` varchar(100) DEFAULT NULL COMMENT 'Lugar de Nacimiento',
  `num_persona` bigint(20) NOT NULL AUTO_INCREMENT COMMENT 'Numero de Registro de Persona',
  `status_persona` tinyint(1) DEFAULT '1',
  PRIMARY KEY (`num_persona`),
  UNIQUE KEY `PersonasApp_num_persona_Idx` (`num_persona`),
  UNIQUE KEY `PersonasApp_id_persona_Idx` (`id_persona`)
) ENGINE=InnoDB  DEFAULT CHARSET=latin1 COMMENT='Datos Personales' AUTO_INCREMENT=685 ;

--
-- Volcado de datos para la tabla `personasapp`
--

INSERT INTO `personasapp` (`id_persona`, `documento_persona`, `tipodoc_persona`, `expediciondoc_persona`, `nombre1_persona`, `nombre2_persona`, `apellido1_persona`, `apellido2_persona`, `sexo_persona`, `telefono_persona`, `pais_persona`, `departamento_persona`, `ciudad_persona`, `barrio_persona`, `direccion_persona`, `email_persona`, `fechanacimiento_persona`, `lugarnacimiento_persona`, `num_persona`, `status_persona`) VALUES
('P1', '00', 'OO', 'Sistema', 'Super', 'Administrador', 'Sistema', 'EscuelaT', 'I', '0', 'COLOMBIA', 'MAGDALENA', 'PEDRAZA', 'NINGUNO', 'NINGUNO', 'email@email.com', '2019-01-01', 'Sistema', 1, 1),
('P2', '01', 'OO', 'Sistema', 'Administrador', 'Rector', 'Sistema', 'EscuelaT', 'I', '0', 'COLOMBIA', 'MAGDALENA', 'PEDRAZA', 'NINGUNO', 'NINGUNO', 'email@email.com', '2019-01-01', 'Sistema', 2, 1),
('P3', '02', 'OO', 'Sistema', 'Secretario', 'General', 'Sistema', 'EscuelaT', 'I', '0', 'COLOMBIA', 'MAGDALENA', 'PEDRAZA', 'NINGUNO', 'NINGUNO', 'email@email.com', '2019-01-01', 'Sistema', 3, 1),
('P4', '03', 'OO', 'Sistema-Docente', 'OMAIRA', 'EDITH', 'ALMANZA', 'MONTERO', 'F', '0', 'COLOMBIA', 'MAGDALENA', 'PEDRAZA', 'NINGUNO', 'NINGUNO', 'email@email.com', '0000-00-00', '', 4, 1),
('P5', '04', 'OO', 'Sistema-Docente', 'CATALINA ', 'JOSEFINA', 'ALMANZA', 'RAMBAL', 'F', '0', 'COLOMBIA', 'MAGDALENA', 'PEDRAZA', 'NINGUNO', 'NINGUNO', 'email@email.com', '0000-00-00', '', 5, 1),
('P6', '05', 'OO', 'Sistema-Docente', 'LEYDA', 'YANETH', 'BECERRA', 'DE LA CRUZ', 'F', '0', 'COLOMBIA', 'MAGDALENA', 'PEDRAZA', 'NINGUNO', 'NINGUNO', 'email@email.com', '0000-00-00', '', 6, 1),
('P7', '06', 'OO', 'Sistema-Docente', 'LORLEIVYS', '', 'BECERRA', 'RODRIGUEZ', 'F', '0', 'COLOMBIA', 'MAGDALENA', 'PEDRAZA', 'NINGUNO', 'NINGUNO', 'email@email.com', '0000-00-00', '', 7, 1),
('P8', '07', 'OO', 'Sistema-Docente', 'GUILLERMO', 'ENRIQUE', 'CAMARGO', 'MELGAREJO', 'M', '0', 'COLOMBIA', 'MAGDALENA', 'PEDRAZA', 'NINGUNO', 'NINGUNO', 'email@email.com', '0000-00-00', '', 8, 1),
('P9', '08', 'OO', 'Sistema-Docente', 'CARMEN', 'MARIA', 'CERVERA', 'FERNANDEZ', 'F', '0', 'COLOMBIA', 'MAGDALENA', 'PEDRAZA', 'NINGUNO', 'NINGUNO', 'email@email.com', '0000-00-00', '', 9, 1),
('P10', '09', 'OO', 'Sistema-Docente', 'RAFAEL', 'GUILLERMO', 'CONTRERAS', 'CASTILLO', 'M', '0', 'COLOMBIA', 'MAGDALENA', 'PEDRAZA', 'NINGUNO', 'NINGUNO', 'email@email.com', '0000-00-00', '', 10, 1),
('P11', '10', 'OO', 'Sistema-Docente', 'XIOMARA', '', 'CUETO', 'VALENCIA', 'F', '0', 'COLOMBIA', 'MAGDALENA', 'PEDRAZA', 'NINGUNO', 'NINGUNO', 'email@email.com', '0000-00-00', '', 11, 1),
('P12', '11', 'OO', 'Sistema-Docente', 'JULIETH', 'DIVINA', 'DE LA CRUZ ', 'RODRIGUEZ', 'F', '0', 'COLOMBIA', 'MAGDALENA', 'PEDRAZA', 'NINGUNO', 'NINGUNO', 'email@email.com', '0000-00-00', '', 12, 1),
('P13', '12', 'OO', 'Sistema-Docente', 'SIN ASIGNAR', 'SISTEMA', 'DOCENTE', '', 'I', '0', 'COLOMBIA', 'MAGDALENA', 'PEDRAZA', 'NINGUNO', 'NINGUNO', 'email@email.com', '0000-00-00', '', 13, 1),
('P14', '13', 'OO', 'Sistema-Docente', 'AVELINA', '', 'FAJARDO', 'YEPEZ', 'F', '0', 'COLOMBIA', 'MAGDALENA', 'PEDRAZA', 'NINGUNO', 'NINGUNO', 'email@email.com', '0000-00-00', '', 14, 1),
('P15', '14', 'OO', 'Sistema-Docente', 'YORLINDYS ', 'ROSSY', 'GOMEZ ', 'MOYA', 'F', '0', 'COLOMBIA', 'MAGDALENA', 'PEDRAZA', 'NINGUNO', 'NINGUNO', 'email@email.com', '0000-00-00', '', 15, 1),
('P16', '15', 'OO', 'Sistema-Docente', 'OSMAR', 'ABEL', 'GUERRERO', 'GUTIERREZ', 'M', '0', 'COLOMBIA', 'MAGDALENA', 'PEDRAZA', 'NINGUNO', 'NINGUNO', 'email@email.com', '0000-00-00', '', 16, 1),
('P17', '16', 'OO', 'Sistema-Docente', 'CIELO', 'DEL CARMEN', 'GUERRERO', 'OSORIO', 'F', '0', 'COLOMBIA', 'MAGDALENA', 'PEDRAZA', 'NINGUNO', 'NINGUNO', 'email@email.com', '0000-00-00', '', 17, 1),
('P18', '17', 'OO', 'Sistema-Docente', 'DENIS', 'ESTHER', 'HERNANDEZ', 'BADILLO', 'F', '0', 'COLOMBIA', 'MAGDALENA', 'PEDRAZA', 'NINGUNO', 'NINGUNO', 'email@email.com', '0000-00-00', '', 18, 1),
('P19', '18', 'OO', 'Sistema-Docente', 'NURYS', 'MARINA', 'JIMENEZ', 'ORTEGA', 'F', '0', 'COLOMBIA', 'MAGDALENA', 'PEDRAZA', 'NINGUNO', 'NINGUNO', 'email@email.com', '0000-00-00', '', 19, 1),
('P20', '19', 'OO', 'Sistema-Docente', 'LUIS', 'CARLOS', 'MAESTRE', 'LARA', 'M', '0', 'COLOMBIA', 'MAGDALENA', 'PEDRAZA', 'NINGUNO', 'NINGUNO', 'email@email.com', '0000-00-00', '', 20, 1),
('P21', '20', 'OO', 'Sistema-Docente', 'EDUAR', 'JAVIER', 'MARTINEZ', 'MU?OZ', 'M', '0', 'COLOMBIA', 'MAGDALENA', 'PEDRAZA', 'NINGUNO', 'NINGUNO', 'email@email.com', '0000-00-00', '', 21, 1),
('P22', '21', 'OO', 'Sistema-Docente', 'ARTURO', 'RAFAEL', 'MEDINA', 'RUIZ', 'M', '0', 'COLOMBIA', 'MAGDALENA', 'PEDRAZA', 'NINGUNO', 'NINGUNO', 'email@email.com', '0000-00-00', '', 22, 1),
('P23', '22', 'OO', 'Sistema-Docente', 'MARTIN', 'GUSTAVO', 'MEDINA', 'SANTANDER', 'M', '0', 'COLOMBIA', 'MAGDALENA', 'PEDRAZA', 'NINGUNO', 'NINGUNO', 'email@email.com', '0000-00-00', '', 23, 1),
('P24', '23', 'OO', 'Sistema-Docente', 'MATILDE', 'MERCEDES', 'MELGAREJO', 'CAMARGO', 'F', '0', 'COLOMBIA', 'MAGDALENA', 'PEDRAZA', 'NINGUNO', 'NINGUNO', 'email@email.com', '0000-00-00', '', 24, 1),
('P25', '24', 'OO', 'Sistema-Docente', 'JUAN', 'JOSE', 'MELGAREJO', 'MARTINEZ', 'M', '0', 'COLOMBIA', 'MAGDALENA', 'PEDRAZA', 'NINGUNO', 'NINGUNO', 'email@email.com', '0000-00-00', '', 25, 1),
('P26', '25', 'OO', 'Sistema-Docente', 'JOSE', 'JOSE', 'MEZA', 'MEZA', 'M', '0', 'COLOMBIA', 'MAGDALENA', 'PEDRAZA', 'NINGUNO', 'NINGUNO', 'email@email.com', '0000-00-00', '', 26, 1),
('P27', '26', 'OO', 'Sistema-Docente', 'ELSY', 'LUZ', 'OSORIO', 'DE MEDINA', 'F', '0', 'COLOMBIA', 'MAGDALENA', 'PEDRAZA', 'NINGUNO', 'NINGUNO', 'email@email.com', '0000-00-00', '', 27, 1),
('P28', '27', 'OO', 'Sistema-Docente', 'NORBERTO', 'FELIPE', 'REYES', 'CHARRIS', 'M', '0', 'COLOMBIA', 'MAGDALENA', 'PEDRAZA', 'NINGUNO', 'NINGUNO', 'email@email.com', '0000-00-00', '', 28, 1),
('P29', '28', 'OO', 'Sistema-Docente', 'GILBERTO', 'ENRIQUE', 'RODRIGUEZ ', 'POLO', 'M', '0', 'COLOMBIA', 'MAGDALENA', 'PEDRAZA', 'NINGUNO', 'NINGUNO', 'email@email.com', '0000-00-00', '', 29, 1),
('P30', '29', 'OO', 'Sistema-Docente', 'LUZ', 'MARINA', 'RODRIGUEZ', 'POLO', 'F', '0', 'COLOMBIA', 'MAGDALENA', 'PEDRAZA', 'NINGUNO', 'NINGUNO', 'email@email.com', '0000-00-00', '', 30, 1),
('P31', '30', 'OO', 'Sistema-Docente', 'EVELINA', '', 'SANTANDER', 'VALENCIA', 'F', '0', 'COLOMBIA', 'MAGDALENA', 'PEDRAZA', 'NINGUNO', 'NINGUNO', 'email@email.com', '0000-00-00', '', 31, 1),
('P32', '31', 'OO', 'Sistema-Docente', 'KARINA', 'VANESSA', 'SIERRA', 'DE LA CRUZ', 'F', '0', 'COLOMBIA', 'MAGDALENA', 'PEDRAZA', 'NINGUNO', 'NINGUNO', 'email@email.com', '0000-00-00', '', 32, 1),
('P33', '32', 'OO', 'Sistema-Docente', 'SARA', 'ISABEL', 'TORRES', 'MEDINA', 'F', '0', 'COLOMBIA', 'MAGDALENA', 'PEDRAZA', 'NINGUNO', 'NINGUNO', 'email@email.com', '0000-00-00', '', 33, 1),
('P34', '33', 'OO', 'Sistema-Docente', 'BLAS', 'ANTONIO', 'VALENCIA', 'GAMEZ', 'M', '0', 'COLOMBIA', 'MAGDALENA', 'PEDRAZA', 'NINGUNO', 'NINGUNO', 'email@email.com', '0000-00-00', '', 34, 1),
('P35', '34', 'OO', 'Sistema-Docente', 'MARTHA', 'CECILIA', 'VALENCIA', 'GAMEZ', 'F', '0', 'COLOMBIA', 'MAGDALENA', 'PEDRAZA', 'NINGUNO', 'NINGUNO', 'email@email.com', '0000-00-00', '', 35, 1),
('P36', '35', 'OO', 'Sistema-Docente', 'ELENA', 'MARIA', 'VASQUEZ', 'BECERRA', 'F', '0', 'COLOMBIA', 'MAGDALENA', 'PEDRAZA', 'NINGUNO', 'NINGUNO', 'email@email.com', '0000-00-00', '', 36, 1),
('P37', '36', 'OO', 'Sistema-Docente', 'Reservado', 'Docente 35', 'Sistema', 'EscuelaT', 'I', '0', 'COLOMBIA', 'MAGDALENA', 'PEDRAZA', 'NINGUNO', 'NINGUNO', 'email@email.com', '0000-00-00', '', 37, 1),
('P38', '37', 'OO', 'Sistema-Docente', 'Reservado', 'Docente 36', 'Sistema', 'EscuelaT', 'I', '0', 'COLOMBIA', 'MAGDALENA', 'PEDRAZA', 'NINGUNO', 'NINGUNO', 'email@email.com', '0000-00-00', '', 38, 1),
('P39', '38', 'OO', 'Sistema-Docente', 'Reservado', 'Docente 37', 'Sistema', 'EscuelaT', 'I', '0', 'COLOMBIA', 'MAGDALENA', 'PEDRAZA', 'NINGUNO', 'NINGUNO', 'email@email.com', '0000-00-00', '', 39, 1),
('P40', '39', 'OO', 'Sistema-Docente', 'Reservado', 'Docente 38', 'Sistema', 'EscuelaT', 'I', '0', 'COLOMBIA', 'MAGDALENA', 'PEDRAZA', 'NINGUNO', 'NINGUNO', 'email@email.com', '0000-00-00', '', 40, 1),
('P41', '40', 'OO', 'Sistema-Docente', 'Reservado', 'Docente 39', 'Sistema', 'EscuelaT', 'I', '0', 'COLOMBIA', 'MAGDALENA', 'PEDRAZA', 'NINGUNO', 'NINGUNO', 'email@email.com', '0000-00-00', '', 41, 1),
('P42', '41', 'OO', 'Sistema-Docente', 'Reservado', 'Docente 40', 'Sistema', 'EscuelaT', 'I', '0', 'COLOMBIA', 'MAGDALENA', 'PEDRAZA', 'NINGUNO', 'NINGUNO', 'email@email.com', '0000-00-00', '', 42, 1),
('P43', '42', 'OO', 'Sistema-Docente', 'Reservado', 'Docente 41', 'Sistema', 'EscuelaT', 'I', '0', 'COLOMBIA', 'MAGDALENA', 'PEDRAZA', 'NINGUNO', 'NINGUNO', 'email@email.com', '0000-00-00', '', 43, 1),
('P44', '43', 'OO', 'Sistema-Docente', 'Reservado', 'Docente 42', 'Sistema', 'EscuelaT', 'I', '0', 'COLOMBIA', 'MAGDALENA', 'PEDRAZA', 'NINGUNO', 'NINGUNO', 'email@email.com', '0000-00-00', '', 44, 1),
('P45', '44', 'OO', 'Sistema-Docente', 'Reservado', 'Docente 43', 'Sistema', 'EscuelaT', 'I', '0', 'COLOMBIA', 'MAGDALENA', 'PEDRAZA', 'NINGUNO', 'NINGUNO', 'email@email.com', '0000-00-00', '', 45, 1),
('P46', '45', 'OO', 'Sistema-Docente', 'Reservado', 'Docente 44', 'Sistema', 'EscuelaT', 'I', '0', 'COLOMBIA', 'MAGDALENA', 'PEDRAZA', 'NINGUNO', 'NINGUNO', 'email@email.com', '0000-00-00', '', 46, 1),
('P47', '46', 'OO', 'Sistema-Docente', 'Reservado', 'Docente 45', 'Sistema', 'EscuelaT', 'I', '0', 'COLOMBIA', 'MAGDALENA', 'PEDRAZA', 'NINGUNO', 'NINGUNO', 'email@email.com', '0000-00-00', '', 47, 1),
('P48', '47', 'OO', 'Sistema-Docente', 'Reservado', 'Docente 46', 'Sistema', 'EscuelaT', 'I', '0', 'COLOMBIA', 'MAGDALENA', 'PEDRAZA', 'NINGUNO', 'NINGUNO', 'email@email.com', '0000-00-00', '', 48, 1),
('P49', '48', 'OO', 'Sistema-Docente', 'Reservado', 'Docente 47', 'Sistema', 'EscuelaT', 'I', '0', 'COLOMBIA', 'MAGDALENA', 'PEDRAZA', 'NINGUNO', 'NINGUNO', 'email@email.com', '0000-00-00', '', 49, 1),
('P50', '49', 'OO', 'Sistema-Docente', 'Reservado', 'Docente 48', 'Sistema', 'EscuelaT', 'I', '0', 'COLOMBIA', 'MAGDALENA', 'PEDRAZA', 'NINGUNO', 'NINGUNO', 'email@email.com', '0000-00-00', '', 50, 1),
('P51', '50', 'OO', 'Sistema-Docente', 'Reservado', 'Docente 49', 'Sistema', 'EscuelaT', 'I', '0', 'COLOMBIA', 'MAGDALENA', 'PEDRAZA', 'NINGUNO', 'NINGUNO', 'email@email.com', '0000-00-00', '', 51, 1),
('P52', '51', 'OO', 'Sistema-Docente', 'Reservado', 'Docente 50', 'Sistema', 'EscuelaT', 'I', '0', 'COLOMBIA', 'MAGDALENA', 'PEDRAZA', 'NINGUNO', 'NINGUNO', 'email@email.com', '0000-00-00', '', 52, 1),
('P53', '52', 'OO', 'Sistema-Docente', 'Reservado', 'Docente 51', 'Sistema', 'EscuelaT', 'I', '0', 'COLOMBIA', 'MAGDALENA', 'PEDRAZA', 'NINGUNO', 'NINGUNO', 'email@email.com', '0000-00-00', '', 53, 1),
('P54', '53', 'OO', 'Sistema-Docente', 'Reservado', 'Docente 52', 'Sistema', 'EscuelaT', 'I', '0', 'COLOMBIA', 'MAGDALENA', 'PEDRAZA', 'NINGUNO', 'NINGUNO', 'email@email.com', '0000-00-00', '', 54, 1),
('P55', '54', 'OO', 'Sistema-Docente', 'Reservado', 'Docente 53', 'Sistema', 'EscuelaT', 'I', '0', 'COLOMBIA', 'MAGDALENA', 'PEDRAZA', 'NINGUNO', 'NINGUNO', 'email@email.com', '0000-00-00', '', 55, 1),
('P56', '55', 'OO', 'Sistema-Docente', 'Reservado', 'Docente 54', 'Sistema', 'EscuelaT', 'I', '0', 'COLOMBIA', 'MAGDALENA', 'PEDRAZA', 'NINGUNO', 'NINGUNO', 'email@email.com', '0000-00-00', '', 56, 1),
('P57', '56', 'OO', 'Sistema-Docente', 'Reservado', 'Docente 55', 'Sistema', 'EscuelaT', 'I', '0', 'COLOMBIA', 'MAGDALENA', 'PEDRAZA', 'NINGUNO', 'NINGUNO', 'email@email.com', '0000-00-00', '', 57, 1),
('P58', '57', 'OO', 'Sistema-Docente', 'Reservado', 'Docente 56', 'Sistema', 'EscuelaT', 'I', '0', 'COLOMBIA', 'MAGDALENA', 'PEDRAZA', 'NINGUNO', 'NINGUNO', 'email@email.com', '0000-00-00', '', 58, 1),
('P59', '58', 'OO', 'Sistema-Docente', 'Reservado', 'Docente 57', 'Sistema', 'EscuelaT', 'I', '0', 'COLOMBIA', 'MAGDALENA', 'PEDRAZA', 'NINGUNO', 'NINGUNO', 'email@email.com', '0000-00-00', '', 59, 1),
('P60', '59', 'OO', 'Sistema-Docente', 'Reservado', 'Docente 58', 'Sistema', 'EscuelaT', 'I', '0', 'COLOMBIA', 'MAGDALENA', 'PEDRAZA', 'NINGUNO', 'NINGUNO', 'email@email.com', '0000-00-00', '', 60, 1),
('P61', '60', 'OO', 'Sistema-Docente', 'Reservado', 'Docente 59', 'Sistema', 'EscuelaT', 'I', '0', 'COLOMBIA', 'MAGDALENA', 'PEDRAZA', 'NINGUNO', 'NINGUNO', 'email@email.com', '0000-00-00', '', 61, 1),
('P62', '61', 'OO', 'Sistema-Docente', 'Reservado', 'Docente 60', 'Sistema', 'EscuelaT', 'I', '0', 'COLOMBIA', 'MAGDALENA', 'PEDRAZA', 'NINGUNO', 'NINGUNO', 'email@email.com', '0000-00-00', '', 62, 1),
('P63', 'N44763844811', 'NES', 'Sistema', 'KENER', 'DAVID', 'ALMANZA', 'BECERRA', 'M', '0', 'COLOMBIA', 'MAGDALENA', 'PEDRAZA', 'NINGUNO', 'NINGUNO', '', '2013-02-18', '', 63, 1),
('P64', '1080542599', 'RC', 'Sistema', 'LIGIA', 'AYDEE', 'ALMANZA', 'PI?ERO', 'F', '0', 'COLOMBIA', 'MAGDALENA', 'PEDRAZA', 'NINGUNO', 'NINGUNO', '', '2013-12-10', '', 64, 1),
('P65', '1187465146', 'RC', 'Sistema', 'GAEL', 'ANDRES', 'BARRIOS', 'PANTOJA', 'M', '0', 'COLOMBIA', 'MAGDALENA', 'PEDRAZA', 'NINGUNO', 'NINGUNO', '', '2013-06-02', '', 65, 1),
('P66', '1079886711', 'RC', 'Sistema', 'ANDRES', 'DAVID', 'CAMARGO', 'PADILLA', 'M', '0', 'COLOMBIA', 'MAGDALENA', 'PEDRAZA', 'NINGUNO', 'NINGUNO', '', '2013-09-11', '', 66, 1),
('P67', '1127618430', 'RC', 'Sistema', 'CARLOS', 'EMMANUEL', 'CUERVO', 'MARTINEZ', 'M', '0', 'COLOMBIA', 'MAGDALENA', 'PEDRAZA', 'NINGUNO', 'NINGUNO', '', '2014-02-07', '', 67, 1),
('P68', '1079887539', 'RC', 'Sistema', 'FREINER', 'DANIEL', 'ESCORCIA', 'MARTINEZ', 'M', '0', 'COLOMBIA', 'MAGDALENA', 'PEDRAZA', 'NINGUNO', 'NINGUNO', '', '2014-03-14', '', 68, 1),
('P69', '1043465838', 'RC', 'Sistema', 'LUIS', 'JOSE', 'JIMENEZ', 'GAMEZ', 'M', '0', 'COLOMBIA', 'MAGDALENA', 'PEDRAZA', 'NINGUNO', 'NINGUNO', '', '2014-06-03', '', 69, 1),
('P70', '1079886810', 'RC', 'Sistema', 'JOELYS', 'MELISSA', 'LOZANO', 'GONZALEZ', 'F', '0', 'COLOMBIA', 'MAGDALENA', 'PEDRAZA', 'NINGUNO', 'NINGUNO', '', '2014-03-26', '', 70, 1),
('P71', '1220215999', 'RC', 'Sistema', 'CESAR', 'LUIS', 'MARTINEZ', 'GARCIA', 'M', '0', 'COLOMBIA', 'MAGDALENA', 'PEDRAZA', 'NINGUNO', 'NINGUNO', '', '2013-07-30', '', 71, 1),
('P72', 'N44764330961', 'NES', 'Sistema', 'PEDRO', 'LUIS', 'MARTINEZ', 'GAMEZ', 'M', '0', 'COLOMBIA', 'MAGDALENA', 'PEDRAZA', 'NINGUNO', 'NINGUNO', '', '2013-10-07', '', 72, 1),
('P73', '1080542590', 'RC', 'Sistema', 'IAN', 'DAVID', 'MEDINA', 'MEDINA', 'M', '0', 'COLOMBIA', 'MAGDALENA', 'PEDRAZA', 'NINGUNO', 'NINGUNO', '', '2013-09-23', '', 73, 1),
('P74', '1080542518', 'RC', 'Sistema', 'KEISY', 'JULIANA', 'OROZCO', 'ROBLES', 'F', '0', 'COLOMBIA', 'MAGDALENA', 'PEDRAZA', 'NINGUNO', 'NINGUNO', '', '2012-12-11', '', 74, 1),
('P75', '1079886765', 'RC', 'Sistema', 'MARIA', 'CELESTE', 'OSORIO', 'PEREZ', 'F', '0', 'COLOMBIA', 'MAGDALENA', 'PEDRAZA', 'NINGUNO', 'NINGUNO', '', '2013-11-23', '', 75, 1),
('P76', '1051361406', 'RC', 'Sistema', 'JUAN', 'GABRIEL', 'OSORIO', 'CARMONA', 'M', '0', 'COLOMBIA', 'MAGDALENA', 'PEDRAZA', 'NINGUNO', 'NINGUNO', '', '2013-07-05', '', 76, 1),
('P77', '1079886782', 'RC', 'Sistema', 'CRISTIAN', 'DANIEL', 'OSPINO', 'BARRIOS', 'M', '0', 'COLOMBIA', 'MAGDALENA', 'PEDRAZA', 'NINGUNO', 'NINGUNO', '', '2014-02-19', '', 77, 1),
('P78', 'N44763905550', 'NES', 'Sistema', 'SAIRETH', 'JOHANNA', 'RAMIREZ', 'CAMACHO', 'F', '0', 'COLOMBIA', 'MAGDALENA', 'PEDRAZA', 'NINGUNO', 'NINGUNO', '', '2013-04-18', '', 78, 1),
('P79', '1079886665', 'RC', 'Sistema', 'LUCIANA', 'NICOLL', 'RODRIGUEZ', 'ALMANZA', 'F', '0', 'COLOMBIA', 'MAGDALENA', 'PEDRAZA', 'NINGUNO', 'NINGUNO', '', '2013-10-18', '', 79, 1),
('P80', '1080542631', 'RC', 'Sistema', 'GUADALUPE', 'MARIA', 'SANTANDER', 'DE LEON', 'F', '0', 'COLOMBIA', 'MAGDALENA', 'PEDRAZA', 'NINGUNO', 'NINGUNO', '', '2013-12-01', '', 80, 1),
('P81', '1044652018', 'RC', 'Sistema', 'ARIADNA', '', 'VILLA', 'MARTINEZ', 'F', '0', 'COLOMBIA', 'MAGDALENA', 'PEDRAZA', 'NINGUNO', 'NINGUNO', '', '2013-12-28', '', 81, 1),
('P82', '1080542600', 'RC', 'Sistema', 'JOVANY', 'JOSE', 'BOLA?O', 'PALMERA', 'M', '0', 'COLOMBIA', 'MAGDALENA', 'PEDRAZA', 'NINGUNO', 'NINGUNO', '', '2013-11-25', '', 82, 1),
('P83', '10798886752', 'RC', 'Sistema', 'LUISA', 'FERNANDA', 'BOLA?O', 'JIMENEZ', 'F', '0', 'COLOMBIA', 'MAGDALENA', 'PEDRAZA', 'NINGUNO', 'NINGUNO', '', '2014-01-19', '', 83, 1),
('P84', '1080542621', 'RC', 'Sistema', 'MATHIAS', 'JAVIER', 'CAMARGO', 'RUIZ', 'M', '0', 'COLOMBIA', 'MAGDALENA', 'PEDRAZA', 'NINGUNO', 'NINGUNO', '', '2013-09-23', '', 84, 1),
('P85', '1051361660', 'RC', 'Sistema', 'JOSE', 'DE JESUS', 'CARDENAS', 'GUTIERREZ', 'M', '0', 'COLOMBIA', 'MAGDALENA', 'PEDRAZA', 'NINGUNO', 'NINGUNO', '', '2013-04-08', '', 85, 1),
('P86', '1079887457', 'RC', 'Sistema', 'JORGE', 'ANTONIO', 'FONSECA', 'GONZALEZ', 'M', '0', 'COLOMBIA', 'MAGDALENA', 'PEDRAZA', 'NINGUNO', 'NINGUNO', '', '2013-10-26', '', 86, 1),
('P87', '1080542743', 'RC', 'Sistema', 'DEILYN', 'PATRICIA', 'FONSECA', 'PALMERA', 'F', '0', 'COLOMBIA', 'MAGDALENA', 'PEDRAZA', 'NINGUNO', 'NINGUNO', '', '2013-06-22', '', 87, 1),
('P88', '1080542577', 'RC', 'Sistema', 'MARIA', 'ANGEL', 'GOMEZ', 'GUERRERO', 'F', '0', 'COLOMBIA', 'MAGDALENA', 'PEDRAZA', 'NINGUNO', 'NINGUNO', '', '2013-09-06', '', 88, 1),
('P89', '1080542564', 'RC', 'Sistema', 'SILENA', 'DEL CARMEN', 'GONZALEZ', 'GUTIERREZ', 'F', '0', 'COLOMBIA', 'MAGDALENA', 'PEDRAZA', 'NINGUNO', 'NINGUNO', '', '2013-10-12', '', 89, 1),
('P90', '1083435992', 'RC', 'Sistema', 'JAMES', 'DAVID', 'GRANADOS', 'MERI?O', 'M', '0', 'COLOMBIA', 'MAGDALENA', 'PEDRAZA', 'NINGUNO', 'NINGUNO', '', '2014-07-01', '', 90, 1),
('P91', 'N44763868823', 'NES', 'Sistema', 'LUIS', 'ANGEL', 'HERNANDEZ', 'ORTEGA', 'M', '0', 'COLOMBIA', 'MAGDALENA', 'PEDRAZA', 'NINGUNO', 'NINGUNO', '', '2013-04-22', '', 91, 1),
('P92', '1080542559', 'RC', 'Sistema', 'TATIANA', 'PATRICIA', 'MARTINEZ', 'GUTIERREZ', 'F', '0', 'COLOMBIA', 'MAGDALENA', 'PEDRAZA', 'NINGUNO', 'NINGUNO', '', '2013-07-04', '', 92, 1),
('P93', '1080542544', 'RC', 'Sistema', 'MIRIAN', 'JULIANA', 'MARTINEZ', 'JIMENEZ', 'F', '0', 'COLOMBIA', 'MAGDALENA', 'PEDRAZA', 'NINGUNO', 'NINGUNO', '', '2013-06-11', '', 93, 1),
('P94', '1080542624', 'RC', 'Sistema', 'CESAR', 'LUIS', 'MARTINEZ', 'ENAMORADO', 'M', '0', 'COLOMBIA', 'MAGDALENA', 'PEDRAZA', 'NINGUNO', 'NINGUNO', '', '2014-02-01', '', 94, 1),
('P95', '1075887591', 'RC', 'Sistema', 'JOSE', 'MANUEL', 'NARVAEZ', 'OROZCO', 'M', '0', 'COLOMBIA', 'MAGDALENA', 'PEDRAZA', 'NINGUNO', 'NINGUNO', '', '2014-04-10', '', 95, 1),
('P96', '1080542645', 'RC', 'Sistema', 'CRISTIAN', 'ANDRES', 'OROZCO', 'SOSSA', 'M', '0', 'COLOMBIA', 'MAGDALENA', 'PEDRAZA', 'NINGUNO', 'NINGUNO', '', '2013-12-27', '', 96, 1),
('P97', '1080542626', 'RC', 'Sistema', 'AYLIN', 'PATRICIA', 'OROZCO', 'TAPIAS', 'F', '0', 'COLOMBIA', 'MAGDALENA', 'PEDRAZA', 'NINGUNO', 'NINGUNO', '', '2014-02-04', '', 97, 1),
('P98', '1065821085', 'RC', 'Sistema', 'LUIS', 'GABRIEL', 'ORTIZ', 'BARRIOS', 'M', '0', 'COLOMBIA', 'MAGDALENA', 'PEDRAZA', 'NINGUNO', 'NINGUNO', '', '2013-12-03', '', 98, 1),
('P99', '1079886648', 'RC', 'Sistema', 'VALERY', '', 'RAMOS', 'REDONDO', 'F', '0', 'COLOMBIA', 'MAGDALENA', 'PEDRAZA', 'NINGUNO', 'NINGUNO', '', '2013-09-20', '', 99, 1),
('P100', '1080542666', 'RC', 'Sistema', 'MARIA', 'ANGEL', 'SANTANDER', 'FONTALVO', 'F', '0', 'COLOMBIA', 'MAGDALENA', 'PEDRAZA', 'NINGUNO', 'NINGUNO', '', '2014-05-15', '', 100, 1),
('P101', '1080542697', 'RC', 'Sistema', 'KEILIN', 'PAOLA', 'SANTANDER', 'MEDINA', 'F', '0', 'COLOMBIA', 'MAGDALENA', 'PEDRAZA', 'NINGUNO', 'NINGUNO', '', '2014-05-08', '', 101, 1),
('P102', '658290', 'CE', 'Sistema', 'YULEIMY', 'MARIA', 'SARMIENTO', 'MORON', 'F', '0', 'COLOMBIA', 'MAGDALENA', 'PEDRAZA', 'NINGUNO', 'NINGUNO', '', '2013-09-24', '', 102, 1),
('P103', '1079886630', 'RC', 'Sistema', 'ROSA', 'ANGELICA', 'TAMARA', 'RODRIGUEZ', 'F', '0', 'COLOMBIA', 'MAGDALENA', 'PEDRAZA', 'NINGUNO', 'NINGUNO', '', '2013-09-08', '', 103, 1),
('P104', '1079886607', 'RC', 'Sistema', 'CARLOS', 'ANDRES', 'VARELA', 'VALDES', 'M', '0', 'COLOMBIA', 'MAGDALENA', 'PEDRAZA', 'NINGUNO', 'NINGUNO', '', '2013-07-06', '', 104, 1),
('P105', '1080542469', 'RC', 'Sistema', 'SAIRETH', 'ERLEN', 'ALMANZA', 'GARCIA', 'F', '0', 'COLOMBIA', 'MAGDALENA', 'PEDRAZA', 'NINGUNO', 'NINGUNO', '', '2012-11-06', '', 105, 1),
('P106', 'N44763844798', 'NES', 'Sistema', 'YEIDER', 'FARID', 'BALLESTEROS', 'BECERRA', 'M', '0', 'COLOMBIA', 'MAGDALENA', 'PEDRAZA', 'NINGUNO', 'NINGUNO', '', '2012-07-27', '', 106, 1),
('P107', '1079886339', 'RC', 'Sistema', 'DAVID', 'GUSTAVO', 'BARRIOS', 'PEREA', 'M', '0', 'COLOMBIA', 'MAGDALENA', 'PEDRAZA', 'NINGUNO', 'NINGUNO', '', '2012-08-17', '', 107, 1),
('P108', '1080542427', 'RC', 'Sistema', 'LUIS', 'MANUEL', 'CERVANTES', 'CAMARGO', 'M', '0', 'COLOMBIA', 'MAGDALENA', 'PEDRAZA', 'NINGUNO', 'NINGUNO', '', '2012-08-06', '', 108, 1),
('P109', '1128128348', 'TI', 'Sistema', 'JUDITH', 'DEL AMPARO', 'CERVERA', 'MARTINEZ', 'F', '0', 'COLOMBIA', 'MAGDALENA', 'PEDRAZA', 'NINGUNO', 'NINGUNO', '', '2011-10-15', '', 109, 1),
('P110', '1080542503', 'RC', 'Sistema', 'SHAIRA', 'NICOLL', 'CUETO', 'MATAMORO', 'F', '0', 'COLOMBIA', 'MAGDALENA', 'PEDRAZA', 'NINGUNO', 'NINGUNO', '', '2013-01-07', '', 110, 1),
('P111', '1080542649', 'RC', 'Sistema', 'YENEDID', 'JULIETH', 'DE LA ROSA', 'ALMANZA', 'F', '0', 'COLOMBIA', 'MAGDALENA', 'PEDRAZA', 'NINGUNO', 'NINGUNO', '', '2012-06-15', '', 111, 1),
('P112', '710853', 'CE', 'Sistema', 'JHONMARLY', 'RAQUEL', 'FERNANDEZ', 'GARCIA', 'F', '0', 'COLOMBIA', 'MAGDALENA', 'PEDRAZA', 'NINGUNO', 'NINGUNO', '', '2012-08-06', '', 112, 1),
('P113', '1079886532', 'RC', 'Sistema', 'CRISBER', 'ALEF', 'FIGUEROA', 'ESTARITA', 'M', '0', 'COLOMBIA', 'MAGDALENA', 'PEDRAZA', 'NINGUNO', 'NINGUNO', '', '2013-03-22', '', 113, 1),
('P114', '869438', 'CE', 'Sistema', 'EDUARDO', 'ENRIQUE', 'FONSECA', 'CARRASCAL', 'M', '0', 'COLOMBIA', 'MAGDALENA', 'PEDRAZA', 'NINGUNO', 'NINGUNO', '', '2011-11-22', '', 114, 1),
('P115', '1080542650', 'RC', 'Sistema', 'MARIA', 'ANGEL', 'GARCIA', 'LOZANO', 'F', '0', 'COLOMBIA', 'MAGDALENA', 'PEDRAZA', 'NINGUNO', 'NINGUNO', '', '2013-03-21', '', 115, 1),
('P116', 'N44763544740', 'NES', 'Sistema', 'LALLYS', 'MARIA', 'GUTIERREZ', 'GARCIA', 'F', '0', 'COLOMBIA', 'MAGDALENA', 'PEDRAZA', 'NINGUNO', 'NINGUNO', '', '2012-09-07', '', 116, 1),
('P117', '1079886426', 'RC', 'Sistema', 'JUAN', 'MANUEL', 'GUTIERREZ', 'CARDENAS', 'M', '0', 'COLOMBIA', 'MAGDALENA', 'PEDRAZA', 'NINGUNO', 'NINGUNO', '', '2012-09-30', '', 117, 1),
('P118', '1143151027', 'RC', 'Sistema', 'PEDRO', 'JOSE', 'HERRERA', 'YA?EZ', 'M', '0', 'COLOMBIA', 'MAGDALENA', 'PEDRAZA', 'NINGUNO', 'NINGUNO', '', '2013-05-09', '', 118, 1),
('P119', '1079886404', 'RC', 'Sistema', 'SAMUEL', 'ANDRES', 'JIMENEZ', 'MELGAREJO', 'M', '0', 'COLOMBIA', 'MAGDALENA', 'PEDRAZA', 'NINGUNO', 'NINGUNO', '', '2012-09-24', '', 119, 1),
('P120', '1080542445', 'RC', 'Sistema', 'JUAN', 'ANDRES', 'LORA', 'BOLA?O', 'M', '0', 'COLOMBIA', 'MAGDALENA', 'PEDRAZA', 'NINGUNO', 'NINGUNO', '', '2012-08-28', '', 120, 1),
('P121', '1080542380', 'RC', 'Sistema', 'LUIS', 'GUILLERMO', 'MEDINA', 'MEDINA', 'M', '0', 'COLOMBIA', 'MAGDALENA', 'PEDRAZA', 'NINGUNO', 'NINGUNO', '', '2010-08-09', '', 121, 1),
('P122', '1043690778', 'RC', 'Sistema', 'YAHAIRA', 'SOFIA', 'MEDINA', 'MENESES', 'F', '0', 'COLOMBIA', 'MAGDALENA', 'PEDRAZA', 'NINGUNO', 'NINGUNO', '', '2012-11-21', '', 122, 1),
('P123', '1080542523', 'RC', 'Sistema', 'JUAN', 'GUILLERMO', 'NAVARRO', 'CAMARGO', 'M', '0', 'COLOMBIA', 'MAGDALENA', 'PEDRAZA', 'NINGUNO', 'NINGUNO', '', '2013-01-31', '', 123, 1),
('P124', '1079886376', 'RC', 'Sistema', 'FOLGER', 'FARID', 'OROZCO', 'MARTINEZ', 'M', '0', 'COLOMBIA', 'MAGDALENA', 'PEDRAZA', 'NINGUNO', 'NINGUNO', '', '2012-08-31', '', 124, 1),
('P125', '1079886369', 'RC', '', 'JUAN', 'ANDRES', 'OSORIO', 'DE LA HOZ', 'M', '0', 'COLOMBIA', 'MAGDALENA', 'PEDRAZA', 'NINGUNO', 'NINGUNO', '', '2012-08-12', '', 125, 1),
('P126', '1079886430', 'TI', '', 'EUDER', 'JAVIER', 'PALMERA', 'BARRIOS', 'M', '0', 'COLOMBIA', 'MAGDALENA', 'PEDRAZA', 'NINGUNO', 'NINGUNO', '', '2012-10-16', '', 126, 1),
('P127', 'N44762855153', 'NES', '', 'RONALD', 'DAVID', 'SALGADO', 'VILLAR', 'M', '0', 'COLOMBIA', 'MAGDALENA', 'PEDRAZA', 'NINGUNO', 'NINGUNO', '', '2011-04-24', '', 127, 1),
('P128', '86521', 'CE', '', 'YULEIMY', 'CHIQUINQUIRA', 'SARMIENTO', 'MORON', 'F', '0', 'COLOMBIA', 'MAGDALENA', 'PEDRAZA', 'NINGUNO', 'NINGUNO', '', '2012-05-23', '', 128, 1),
('P129', '1079886324', 'RC', '', 'DAVID', 'JOSE', 'VILLA', 'CERVANTES', 'M', '0', 'COLOMBIA', 'MAGDALENA', 'PEDRAZA', 'NINGUNO', 'NINGUNO', '', '2012-07-29', '', 129, 1),
('P130', '1079886461', 'RC', '', 'SMITH', 'JOSE', 'BARRIOS', 'OROZCO', 'M', '0', 'COLOMBIA', 'MAGDALENA', 'PEDRAZA', 'NINGUNO', 'NINGUNO', '', '2012-12-28', '', 130, 1),
('P131', '1080542533', 'RC', '', 'DAVID', 'JOSE', 'BOLA?O', 'CHARRIS', 'M', '0', 'COLOMBIA', 'MAGDALENA', 'PEDRAZA', 'NINGUNO', 'NINGUNO', '', '2013-04-12', '', 131, 1),
('P132', '1080542526', 'RC', '', 'SILVESTRE', 'GUILLERMO', 'BORRERO', 'BECERRA', 'M', '0', 'COLOMBIA', 'MAGDALENA', 'PEDRAZA', 'NINGUNO', 'NINGUNO', '', '2013-03-15', '', 132, 1),
('P133', '1079885993', 'TI', '', 'YOSDEIDER', 'DE JESUS', 'CAMPO', 'VALENCIA', 'M', '0', 'COLOMBIA', 'MAGDALENA', 'PEDRAZA', 'NINGUNO', 'NINGUNO', '', '2010-10-28', '', 133, 1),
('P134', '1049266144', 'RC', '', 'ZAMIR', 'ANDRES', 'CARDENAS', 'GUTIERREZ', 'M', '0', 'COLOMBIA', 'MAGDALENA', 'PEDRAZA', 'NINGUNO', 'NINGUNO', '', '2010-03-05', '', 134, 1),
('P135', '1143249605', 'RC', '', 'VALENTINA', 'ISABEL', 'CASTRO', 'ORTIZ', 'F', '0', 'COLOMBIA', 'MAGDALENA', 'PEDRAZA', 'NINGUNO', 'NINGUNO', '', '2010-11-25', '', 135, 1),
('P136', 'N44763841649', 'NES', '', 'ANDREA', 'CAROLINA', 'DE LA HOZ', 'PEREA', 'F', '0', 'COLOMBIA', 'MAGDALENA', 'PEDRAZA', 'NINGUNO', 'NINGUNO', '', '2012-08-21', '', 136, 1),
('P137', '1080542644', 'RC', '', 'YENEDIS', 'JULIETH', 'DE LA ROSA', 'ALMANZA', 'F', '0', 'COLOMBIA', 'MAGDALENA', 'PEDRAZA', 'NINGUNO', 'NINGUNO', '', '2012-05-05', '', 137, 1),
('P138', '1079886531', 'RC', '', 'SHERLYS', 'MERLID', 'FIGUEROA', 'ESTARITA', 'F', '0', 'COLOMBIA', 'MAGDALENA', 'PEDRAZA', 'NINGUNO', 'NINGUNO', '', '2013-03-22', '', 138, 1),
('P139', '1080542348', 'RC', '', 'ANGEL', 'JOSE', 'GOMEZ', 'GUTIERREZ', 'M', '0', 'COLOMBIA', 'MAGDALENA', 'PEDRAZA', 'NINGUNO', 'NINGUNO', '', '2012-01-01', '', 139, 1),
('P140', '243275', 'CE', '', 'ANTHONY', 'JESUS', 'GONZALEZ', 'STAND', 'M', '0', 'COLOMBIA', 'MAGDALENA', 'PEDRAZA', 'NINGUNO', 'NINGUNO', '', '2012-12-07', '', 140, 1),
('P141', '1886948', 'CE', '', 'ELIEZER', 'JOSE', 'GUTIERREZ', 'FONSECA', 'M', '0', 'COLOMBIA', 'MAGDALENA', 'PEDRAZA', 'NINGUNO', 'NINGUNO', '', '2011-06-03', '', 141, 1),
('P142', '1080542971', 'RC', '', 'EGLIMAR', 'DANIELA', 'MARTINEZ', 'LINARES', 'F', '0', 'COLOMBIA', 'MAGDALENA', 'PEDRAZA', 'NINGUNO', 'NINGUNO', '', '2012-06-28', '', 142, 1),
('P143', '1128170153', 'RC', '', 'NICOLAS', 'DANIEL', 'MEDINA', 'CAMPO', 'M', '0', 'COLOMBIA', 'MAGDALENA', 'PEDRAZA', 'NINGUNO', 'NINGUNO', '', '2012-04-01', '', 143, 1),
('P144', '1079886751', 'RC', '', 'ANYOEL', 'DE JESUS', 'MIQUILENA', 'PALMERA', 'M', '0', 'COLOMBIA', 'MAGDALENA', 'PEDRAZA', 'NINGUNO', 'NINGUNO', '', '2013-05-15', '', 144, 1),
('P145', '1142938247', 'RC', '', 'GENESIS', 'ESTHER', 'NARVAEZ', 'MARQUEZ', 'F', '0', 'COLOMBIA', 'MAGDALENA', 'PEDRAZA', 'NINGUNO', 'NINGUNO', '', '2013-05-17', '', 145, 1),
('P146', '1046341431', 'RC', '', 'LUIS', 'IGNACIO', 'OCHOA', 'CARABALLO', 'M', '0', 'COLOMBIA', 'MAGDALENA', 'PEDRAZA', 'NINGUNO', 'NINGUNO', '', '2012-06-06', '', 146, 1),
('P147', '1080542437', 'RC', '', 'ANGELIN', 'CECILIA', 'OROZCO', 'TAPIAS', 'F', '0', 'COLOMBIA', 'MAGDALENA', 'PEDRAZA', 'NINGUNO', 'NINGUNO', '', '2012-08-27', '', 147, 1),
('P148', '1079888309', 'RC', '', 'JESUS', 'DANIEL', 'OROZCO', 'PALMERA', 'M', '0', 'COLOMBIA', 'MAGDALENA', 'PEDRAZA', 'NINGUNO', 'NINGUNO', '', '2012-07-05', '', 148, 1),
('P149', 'N44763843172', 'NES', '', 'YOLIBETH', 'PAOLA', 'OROZCO', 'RAMIREZ', 'F', '0', 'COLOMBIA', 'MAGDALENA', 'PEDRAZA', 'NINGUNO', 'NINGUNO', '', '2012-09-07', '', 149, 1),
('P150', '1079886407', 'RC', '', 'MICHEL', 'PAOLA', 'OSPINO', 'BARRIOS', 'F', '0', 'COLOMBIA', 'MAGDALENA', 'PEDRAZA', 'NINGUNO', 'NINGUNO', '', '2012-10-02', '', 150, 1),
('P151', 'N44763844053', 'NES', '', 'EUDER', '', 'PALMERA', 'BARRIOS', 'M', '0', 'COLOMBIA', 'MAGDALENA', 'PEDRAZA', 'NINGUNO', 'NINGUNO', '', '2012-10-16', '', 151, 1),
('P152', '1079886397', 'RC', '', 'MANUEL', 'EDUARDO', 'PEREA', 'BENITEZ', 'M', '0', 'COLOMBIA', 'MAGDALENA', 'PEDRAZA', 'NINGUNO', 'NINGUNO', '', '2012-09-03', '', 152, 1),
('P153', '1080542391', 'TI', '', 'JEFERSON', 'DAVID', 'QUINTANA', 'MARTINEZ', 'M', '0', 'COLOMBIA', 'MAGDALENA', 'PEDRAZA', 'NINGUNO', 'NINGUNO', '', '2012-03-25', '', 153, 1),
('P154', '1043691846', 'RC', '', 'DANIEL', 'ALEJANDRO', 'RANGEL', 'GOMEZ', 'M', '0', 'COLOMBIA', 'MAGDALENA', 'PEDRAZA', 'NINGUNO', 'NINGUNO', '', '2012-10-12', '', 154, 1),
('P155', '1080542856', 'RC', '', 'YULEIMY', 'ALEJANDRA', 'RUIZ', 'GONZALEZ', 'F', '0', 'COLOMBIA', 'MAGDALENA', 'PEDRAZA', 'NINGUNO', 'NINGUNO', '', '2012-12-03', '', 155, 1),
('P156', '1080542436', 'RC', '', 'PABLO', 'ANTONIO', 'TAPIAS', 'GOMEZ', 'M', '0', 'COLOMBIA', 'MAGDALENA', 'PEDRAZA', 'NINGUNO', 'NINGUNO', '', '2012-08-02', '', 156, 1),
('P157', '1080542488', 'RC', '', 'MELANI', 'DE JESUS', 'VALENCIA', 'CASTILLO', 'F', '0', 'COLOMBIA', 'MAGDALENA', 'PEDRAZA', 'NINGUNO', 'NINGUNO', '', '2012-10-15', '', 157, 1),
('P158', '1080542351', 'RC', '', 'ILYANIS', 'MARIA', 'AGUILAR', 'BOLA?O', 'F', '0', 'COLOMBIA', 'MAGDALENA', 'PEDRAZA', 'NINGUNO', 'NINGUNO', '', '2011-11-26', '', 158, 1),
('P159', '1080542302', 'TI', '', 'CARLOS', 'MANUEL', 'ALMANZA', 'BECERRA', 'M', '0', 'COLOMBIA', 'MAGDALENA', 'PEDRAZA', 'NINGUNO', 'NINGUNO', '', '2011-08-30', '', 159, 1),
('P160', '1080542256', 'TI', '', 'ANTONYS', 'JESUS', 'ARAGON', 'BARRIOS', 'M', '0', 'COLOMBIA', 'MAGDALENA', 'PEDRAZA', 'NINGUNO', 'NINGUNO', '', '2011-05-12', '', 160, 1),
('P161', '1080542700', 'RC', '', 'ORIANIS', '', 'BALLESTEROS', 'MELGAREJO', 'F', '0', 'COLOMBIA', 'MAGDALENA', 'PEDRAZA', 'NINGUNO', 'NINGUNO', '', '2010-09-22', '', 161, 1),
('P162', '1148199036', 'RC', '', 'YESENIA', '', 'BARRAZA', 'POLO', 'F', '0', 'COLOMBIA', 'MAGDALENA', 'PEDRAZA', 'NINGUNO', 'NINGUNO', '', '2010-06-14', '', 162, 1),
('P163', 'N44764458916', 'NES', '', 'GREGORIO', 'DE JESUS', 'BOGEL', 'RODRIGUEZ', 'M', '0', 'COLOMBIA', 'MAGDALENA', 'PEDRAZA', 'NINGUNO', 'NINGUNO', '', '2012-02-18', '', 163, 1),
('P164', '1080542307', 'RC', '', 'RAFAEL', 'DE JESUS', 'BOLA?O', 'OROZCO', 'M', '0', 'COLOMBIA', 'MAGDALENA', 'PEDRAZA', 'NINGUNO', 'NINGUNO', '', '2010-10-01', '', 164, 1),
('P165', '1080542381', 'RC', '', 'SERGIO', 'ANDRES', 'BOLA?O', 'BECERRA', 'M', '0', 'COLOMBIA', 'MAGDALENA', 'PEDRAZA', 'NINGUNO', 'NINGUNO', '', '2012-02-08', '', 165, 1),
('P166', 'N44763050492', 'NES', '', 'JOEL', 'DAVID', 'CAMARGO', 'CAMARGO', 'M', '0', 'COLOMBIA', 'MAGDALENA', 'PEDRAZA', 'NINGUNO', 'NINGUNO', '', '2009-07-22', '', 166, 1),
('P167', '1080542267', 'TI', '', 'VALERY', 'ZULAY', 'CRESPO', 'MEDINA', 'F', '0', 'COLOMBIA', 'MAGDALENA', 'PEDRAZA', 'NINGUNO', 'NINGUNO', '', '2011-06-19', '', 167, 1),
('P168', '1080542311', 'RC', '', 'DANIEL', '', 'CUETO', 'CARRANZA', 'M', '0', 'COLOMBIA', 'MAGDALENA', 'PEDRAZA', 'NINGUNO', 'NINGUNO', '', '2011-10-11', '', 168, 1),
('P169', '1080542387', 'RC', '', 'CINDY', 'PAOLA', 'DE LA HOZ', 'BECERRA', 'F', '0', 'COLOMBIA', 'MAGDALENA', 'PEDRAZA', 'NINGUNO', 'NINGUNO', '', '2011-12-01', '', 169, 1),
('P170', '1082982985', 'RC', '', 'MELANY', 'KATIANA', 'FONTANILLA', 'PALMERA', 'F', '0', 'COLOMBIA', 'MAGDALENA', 'PEDRAZA', 'NINGUNO', 'NINGUNO', '', '2012-04-12', '', 170, 1),
('P171', '1080542971', 'TI', '', 'EGLIMAR', 'DANIELA', 'MARTINEZ', 'LINARES', 'F', '0', 'COLOMBIA', 'MAGDALENA', 'PEDRAZA', 'NINGUNO', 'NINGUNO', '', '2011-06-28', '', 171, 1),
('P172', '1080542395', 'TI', '', 'ELKIN', 'JUNIOR', 'MARTINEZ', 'GARCIA', 'M', '0', 'COLOMBIA', 'MAGDALENA', 'PEDRAZA', 'NINGUNO', 'NINGUNO', '', '2012-04-07', '', 172, 1),
('P173', '1080542317', 'TI', '', 'YILIBETH', 'PATRICIA', 'MELGAREJO', 'CAMARGO', 'F', '0', 'COLOMBIA', 'MAGDALENA', 'PEDRAZA', 'NINGUNO', 'NINGUNO', '', '2011-10-12', '', 173, 1),
('P174', '1079887180', 'TI', '', 'YEANKELLY', 'MARISELA', 'OROZCO', 'TERAN', 'F', '0', 'COLOMBIA', 'MAGDALENA', 'PEDRAZA', 'NINGUNO', 'NINGUNO', '', '2011-09-01', '', 174, 1),
('P175', '1128170141', 'TI', '', 'DARIANA', 'SOFIA', 'OSORIO', 'ARIZA', 'F', '0', 'COLOMBIA', 'MAGDALENA', 'PEDRAZA', 'NINGUNO', 'NINGUNO', '', '2012-04-03', '', 175, 1),
('P176', 'N44762855160', 'NES', '', 'ISABELLA', '', 'PALMERA', 'PERTUZI', 'F', '0', 'COLOMBIA', 'MAGDALENA', 'PEDRAZA', 'NINGUNO', 'NINGUNO', '', '2011-08-14', '', 176, 1),
('P177', '1080542405', 'RC', '', 'YILBER', 'FARID', 'PALMERA', 'CERVANTES', 'M', '0', 'COLOMBIA', 'MAGDALENA', 'PEDRAZA', 'NINGUNO', 'NINGUNO', '', '2012-05-22', '', 177, 1),
('P178', '1079886429', 'RC', '', 'EIMER', 'RAFAEL', 'RAMOS', 'REDONDO', 'M', '0', 'COLOMBIA', 'MAGDALENA', 'PEDRAZA', 'NINGUNO', 'NINGUNO', '', '2012-01-07', '', 178, 1),
('P179', '1079886250', 'RC', '', 'ADRIAN', 'DE JESUS', 'ROMERO', 'SANTANDER', 'M', '0', 'COLOMBIA', 'MAGDALENA', 'PEDRAZA', 'NINGUNO', 'NINGUNO', '', '2010-04-13', '', 179, 1),
('P180', 'N44762894073', 'NES', '', 'ARMANDO', 'DANIEL', 'SANTANDER', 'MEDINA', 'M', '0', 'COLOMBIA', 'MAGDALENA', 'PEDRAZA', 'NINGUNO', 'NINGUNO', '', '2011-08-26', '', 180, 1),
('P181', '1080542270', 'TI', '', 'VICTORIA', 'ISABEL', 'VIDES', 'ARAGON', 'F', '0', 'COLOMBIA', 'MAGDALENA', 'PEDRAZA', 'NINGUNO', 'NINGUNO', '', '2010-07-01', '', 181, 1),
('P182', '51067181', 'RC', '', 'MATHIAS', 'DAVID', 'VILLA', 'CERVANTES', 'M', '0', 'COLOMBIA', 'MAGDALENA', 'PEDRAZA', 'NINGUNO', 'NINGUNO', '', '2011-11-09', '', 182, 1),
('P183', '1079885677', 'RC', '', 'PAOLA', 'KATHERINE', 'VILORIA', 'ALMANZA', 'F', '0', 'COLOMBIA', 'MAGDALENA', 'PEDRAZA', 'NINGUNO', 'NINGUNO', '', '2011-01-22', '', 183, 1),
('P184', '1080542277', 'RC', '', 'LUIS', 'MARIO', 'BARRIOS', 'MADRID', 'M', '0', 'COLOMBIA', 'MAGDALENA', 'PEDRAZA', 'NINGUNO', 'NINGUNO', '', '2011-07-13', '', 184, 1),
('P185', '1079886117', 'TI', '', 'SHAROL', 'JULIETH', 'BLANCO', 'PALMERA', 'F', '0', 'COLOMBIA', 'MAGDALENA', 'PEDRAZA', 'NINGUNO', 'NINGUNO', '', '2011-11-12', '', 185, 1),
('P186', '36869158', 'RC', '', 'JESUS', 'MANUEL', 'CAMARGO', 'CAMARGO', 'M', '0', 'COLOMBIA', 'MAGDALENA', 'PEDRAZA', 'NINGUNO', 'NINGUNO', '', '2006-11-17', '', 186, 1),
('P187', '1046873671', 'RC', '', 'DEIVIS', 'DAVID', 'CERVERA', 'GARCIA', 'M', '0', 'COLOMBIA', 'MAGDALENA', 'PEDRAZA', 'NINGUNO', 'NINGUNO', '', '2011-05-26', '', 187, 1),
('P188', '51067119', 'RC', '', 'IVAN', 'DE JESUS', 'CERVERA', 'GAMEZ', 'M', '0', 'COLOMBIA', 'MAGDALENA', 'PEDRAZA', 'NINGUNO', 'NINGUNO', '', '2011-07-17', '', 188, 1),
('P189', '1080542305', 'RC', '', 'JASLEIDYS', 'MERCEDES', 'CERVERA', 'PALMERA', 'F', '0', 'COLOMBIA', 'MAGDALENA', 'PEDRAZA', 'NINGUNO', 'NINGUNO', '', '2011-10-06', '', 189, 1),
('P190', '1079886146', 'RC', '', 'VALENTINA', '', 'COLONA', 'CASTILLO', 'F', '0', 'COLOMBIA', 'MAGDALENA', 'PEDRAZA', 'NINGUNO', 'NINGUNO', '', '2011-09-15', '', 190, 1),
('P191', '1080542331', 'RC', '', 'BETSY', 'LILIANA', 'GALLARDO', 'RUIZ', 'F', '0', 'COLOMBIA', 'MAGDALENA', 'PEDRAZA', 'NINGUNO', 'NINGUNO', '', '2010-11-12', '', 191, 1),
('P192', '1079886278', 'RC', '', 'SAELYZ', 'JOHANA', 'GARCIA', 'BARRIOS', 'F', '0', 'COLOMBIA', 'MAGDALENA', 'PEDRAZA', 'NINGUNO', 'NINGUNO', '', '2012-05-13', '', 192, 1),
('P193', '51067133', 'RC', '', 'ANA', 'MILENA', 'JIMENEZ', 'GAMEZ', 'F', '0', 'COLOMBIA', 'MAGDALENA', 'PEDRAZA', 'NINGUNO', 'NINGUNO', '', '2011-11-08', '', 193, 1),
('P194', '1080545377', 'RC', '', 'LUCIANA', 'PATRICIA', 'LORA', 'ESCORCIA', 'F', '0', 'COLOMBIA', 'MAGDALENA', 'PEDRAZA', 'NINGUNO', 'NINGUNO', '', '2012-03-05', '', 194, 1),
('P195', '1079886150', 'TI', '', 'LUIS', 'ALBERTO', 'LOZANO', 'PERTUZ', 'M', '0', 'COLOMBIA', 'MAGDALENA', 'PEDRAZA', 'NINGUNO', 'NINGUNO', '', '2011-09-13', '', 195, 1),
('P196', '1080542367', 'TI', '', 'YELURSON', 'LUIS', 'MARTINEZ', 'DE LEON', 'M', '0', 'COLOMBIA', 'MAGDALENA', 'PEDRAZA', 'NINGUNO', 'NINGUNO', '', '2010-09-25', '', 196, 1),
('P197', '51655269', 'RC', '', 'DAVID', 'DANIEL', 'MARTINEZ', 'OROZCO', 'M', '0', 'COLOMBIA', 'MAGDALENA', 'PEDRAZA', 'NINGUNO', 'NINGUNO', '', '2011-10-14', '', 197, 1),
('P198', '1080542385', 'RC', '', 'KEIROL', 'DE DIOS', 'MARTINEZ', 'MANGA', 'M', '0', 'COLOMBIA', 'MAGDALENA', 'PEDRAZA', 'NINGUNO', 'NINGUNO', '', '2012-03-10', '', 198, 1),
('P199', '51067099', 'RC', '', 'EILYN', 'DANIELA', 'MEDINA', 'MARTINEZ', 'F', '0', 'COLOMBIA', 'MAGDALENA', 'PEDRAZA', 'NINGUNO', 'NINGUNO', '', '2011-09-29', '', 199, 1),
('P200', '1080542388', 'RC', '', 'ISABELLA', 'MARIA', 'MIER', 'MEDINA', 'F', '0', 'COLOMBIA', 'MAGDALENA', 'PEDRAZA', 'NINGUNO', 'NINGUNO', '', '2011-12-05', '', 200, 1),
('P201', '51444066', 'RC', '', 'EINER', 'GUILLERMO', 'OCHOA', 'VIDES', 'M', '0', 'COLOMBIA', 'MAGDALENA', 'PEDRAZA', 'NINGUNO', 'NINGUNO', '', '2010-09-16', '', 201, 1),
('P202', '1052087091', 'RC', '', 'MARYURIS', '', 'OCHOA', 'FERNANDEZ', 'F', '0', 'COLOMBIA', 'MAGDALENA', 'PEDRAZA', 'NINGUNO', 'NINGUNO', '', '2011-06-25', '', 202, 1),
('P203', '1080542330', 'RC', '', 'MICHELL', 'LUNA', 'OROZCO', 'SOSSA', 'F', '0', 'COLOMBIA', 'MAGDALENA', 'PEDRAZA', 'NINGUNO', 'NINGUNO', '', '2011-09-24', '', 203, 1),
('P204', '1080542402', 'TI', '', 'YAMIR', 'DE JESUS', 'OROZCO', 'MELGAREJO', 'M', '0', 'COLOMBIA', 'MAGDALENA', 'PEDRAZA', 'NINGUNO', 'NINGUNO', '', '2012-05-21', '', 204, 1),
('P205', '1080542448', 'RC', '', 'JONATAN', 'ALBERTO', 'ZABALETA', 'AHUMADA', 'M', '0', 'COLOMBIA', 'MAGDALENA', 'PEDRAZA', 'NINGUNO', 'NINGUNO', '', '2010-10-05', '', 205, 1),
('P206', 'N44763049846', 'NES', '', 'MAYERLIN', 'AMPARO', 'ALMANZA', 'PI?EROS', 'F', '0', 'COLOMBIA', 'MAGDALENA', 'PEDRAZA', 'NINGUNO', 'NINGUNO', '', '2009-12-23', '', 206, 1),
('P207', '1128128498', 'TI', '', 'DUBERLIS', 'MARCELA', 'BLANCO', 'BECERRA', 'F', '0', 'COLOMBIA', 'MAGDALENA', 'PEDRAZA', 'NINGUNO', 'NINGUNO', '', '2010-09-22', '', 207, 1),
('P208', '1043684428', 'TI', '', 'NELSON', 'MANUEL', 'BOLA?O', 'RUIZ', 'M', '0', 'COLOMBIA', 'MAGDALENA', 'PEDRAZA', 'NINGUNO', 'NINGUNO', '', '2010-12-06', '', 208, 1),
('P209', '1079885892', 'TI', '', 'LUIFER', 'DAVID', 'CAMARGO', 'PADILLA', 'M', '0', 'COLOMBIA', 'MAGDALENA', 'PEDRAZA', 'NINGUNO', 'NINGUNO', '', '2010-08-12', '', 209, 1),
('P210', '1080540915', 'TI', '', 'JHONATAN', 'DE JESUS', 'CAMPO', 'PALMERA', 'M', '0', 'COLOMBIA', 'MAGDALENA', 'PEDRAZA', 'NINGUNO', 'NINGUNO', '', '2009-02-03', '', 210, 1),
('P211', '1090542367', 'RC', '', 'CHANTAL', '', 'CERVANTES', 'ZABALETA', 'F', '0', 'COLOMBIA', 'MAGDALENA', 'PEDRAZA', 'NINGUNO', 'NINGUNO', '', '2010-09-25', '', 211, 1),
('P212', '1080542235', 'RC', '', 'ENIRETH', 'CAMILA', 'DE ANGEL', 'ARRIETA', 'F', '0', 'COLOMBIA', 'MAGDALENA', 'PEDRAZA', 'NINGUNO', 'NINGUNO', '', '2011-04-07', '', 212, 1),
('P213', '1079885888', 'TI', '', 'ARYANNIS', '', 'DE LEON', 'BARRIOS', 'F', '0', 'COLOMBIA', 'MAGDALENA', 'PEDRAZA', 'NINGUNO', 'NINGUNO', '', '2010-10-15', '', 213, 1),
('P214', '1079885920', 'RC', '', 'ARIANA', 'CECILIA', 'GOMEZ', 'GAMEZ', 'F', '0', 'COLOMBIA', 'MAGDALENA', 'PEDRAZA', 'NINGUNO', 'NINGUNO', '', '2010-10-25', '', 214, 1),
('P215', '51444023', 'RC', '', 'YORDANA', 'MARIA', 'JARAMILLO', 'OROZCO', 'F', '0', 'COLOMBIA', 'MAGDALENA', 'PEDRAZA', 'NINGUNO', 'NINGUNO', '', '2010-11-02', '', 215, 1),
('P216', '1080542082', 'TI', '', 'MEIDER', 'JESUS', 'LORA', 'ESCORCIA', 'M', '0', 'COLOMBIA', 'MAGDALENA', 'PEDRAZA', 'NINGUNO', 'NINGUNO', '', '2009-12-09', '', 216, 1),
('P217', 'N44763050489', 'NES', '', 'MILAGRO', 'DEL CARMEN', 'MARTINEZ', 'SANTANDER', 'F', '0', 'COLOMBIA', 'MAGDALENA', 'PEDRAZA', 'NINGUNO', 'NINGUNO', '', '2010-07-31', '', 217, 1),
('P218', '1143436811', 'RC', '', 'MARIA', 'ALEJANDRA', 'OCHOA', 'CARABALLO', 'F', '0', 'COLOMBIA', 'MAGDALENA', 'PEDRAZA', 'NINGUNO', 'NINGUNO', '', '2010-01-22', '', 218, 1),
('P219', '1052084625', 'RC', '', 'JAIDER', 'LUIS', 'OCHOA', 'FERNANDEZ', 'M', '0', 'COLOMBIA', 'MAGDALENA', 'PEDRAZA', 'NINGUNO', 'NINGUNO', '', '2010-08-15', '', 219, 1),
('P220', '1080542208', 'TI', '', 'LIS', 'ANYENLIS', 'OROZCO', 'MU?IZ', 'F', '0', 'COLOMBIA', 'MAGDALENA', 'PEDRAZA', 'NINGUNO', 'NINGUNO', '', '2010-08-13', '', 220, 1),
('P221', '1080542190', 'RC', '', 'RUBEN', 'DARIO', 'PALMERA', 'BARRIOS', 'M', '0', 'COLOMBIA', 'MAGDALENA', 'PEDRAZA', 'NINGUNO', 'NINGUNO', '', '2010-06-15', '', 221, 1),
('P222', '1079935132', 'TI', '', 'JHONATAN', 'DAVID', 'PALMERA', 'PUENTES', 'M', '0', 'COLOMBIA', 'MAGDALENA', 'PEDRAZA', 'NINGUNO', 'NINGUNO', '', '2010-11-17', '', 222, 1),
('P223', '1080540861', 'TI', '', 'MARIA', 'DE JESUS', 'PEREA', 'BENITEZ', 'F', '0', 'COLOMBIA', 'MAGDALENA', 'PEDRAZA', 'NINGUNO', 'NINGUNO', '', '2008-08-21', '', 223, 1),
('P224', '1193130861', 'TI', '', 'JESUS', 'DAVID', 'SANTANDER', 'ESCALANTE', 'M', '0', 'COLOMBIA', 'MAGDALENA', 'PEDRAZA', 'NINGUNO', 'NINGUNO', '', '2009-10-25', '', 224, 1),
('P225', '1079885867', 'TI', '', 'MARIA', 'ELENA', 'TAMARA', 'RODRIGUEZ', 'F', '0', 'COLOMBIA', 'MAGDALENA', 'PEDRAZA', 'NINGUNO', 'NINGUNO', '', '2010-01-16', '', 225, 1),
('P226', '1080542072', 'RC', '', 'ANDRES', 'ALFONSO', 'VILLAMIL', 'CERVANTES', 'M', '0', 'COLOMBIA', 'MAGDALENA', 'PEDRAZA', 'NINGUNO', 'NINGUNO', '', '2009-12-15', '', 226, 1),
('P227', '1079885818', 'TI', '', 'LUZ', 'KARIME', 'YEPES', 'PADILLA', 'F', '0', 'COLOMBIA', 'MAGDALENA', 'PEDRAZA', 'NINGUNO', 'NINGUNO', '', '2010-07-21', '', 227, 1),
('P228', '1079885978', 'TI', '', 'MANUEL', 'JOSE', 'ALMANZA', 'GARCIA', 'M', '0', 'COLOMBIA', 'MAGDALENA', 'PEDRAZA', 'NINGUNO', 'NINGUNO', '', '2010-09-22', '', 228, 1),
('P229', '1079885987', 'RC', '', 'DILAN', 'JAIR', 'BOLA?O', 'OROZCO', 'M', '0', 'COLOMBIA', 'MAGDALENA', 'PEDRAZA', 'NINGUNO', 'NINGUNO', '', '2010-08-14', '', 229, 1),
('P230', '1079885877', 'TI', '', 'JEFFERSON', '', 'COLONA', 'GARCIA', 'M', '0', 'COLOMBIA', 'MAGDALENA', 'PEDRAZA', 'NINGUNO', 'NINGUNO', '', '2010-10-30', '', 230, 1),
('P231', '51444207', 'RC', '', 'KEITHYN', 'JOHANA', 'FONSECA', 'MARCHENA', 'F', '0', 'COLOMBIA', 'MAGDALENA', 'PEDRAZA', 'NINGUNO', 'NINGUNO', '', '2011-01-11', '', 231, 1),
('P232', '1080542163', 'TI', '', 'EDGAR', 'ALFREDO', 'FONTALVO', 'BOLA?O', 'M', '0', 'COLOMBIA', 'MAGDALENA', 'PEDRAZA', 'NINGUNO', 'NINGUNO', '', '2010-02-22', '', 232, 1),
('P233', '1080540697', 'TI', '', 'LEADER', 'ALBERTO', 'GOMEZ', 'GUTIERREZ', 'M', '0', 'COLOMBIA', 'MAGDALENA', 'PEDRAZA', 'NINGUNO', 'NINGUNO', '', '2007-09-19', '', 233, 1),
('P234', 'N44763050487', 'NES', '', 'MARINEY', '', 'LORA', 'CANTILLO', 'F', '0', 'COLOMBIA', 'MAGDALENA', 'PEDRAZA', 'NINGUNO', 'NINGUNO', '', '2011-05-12', '', 234, 1),
('P235', '1079885815', 'TI', '', 'RONAL', 'ALBERTO', 'MARTINEZ', 'LOZANO', 'M', '0', 'COLOMBIA', 'MAGDALENA', 'PEDRAZA', 'NINGUNO', 'NINGUNO', '', '2010-07-14', '', 235, 1),
('P236', '1079885931', 'RC', '', 'LAURA', 'SOFIA', 'MARTINEZ', 'BECERRA', 'F', '0', 'COLOMBIA', 'MAGDALENA', 'PEDRAZA', 'NINGUNO', 'NINGUNO', '', '2010-07-04', '', 236, 1),
('P237', '1080542210', 'TI', '', 'MILAGROS', 'DEL CARMEN', 'MARTINEZ', 'SANTANDER', 'F', '0', 'COLOMBIA', 'MAGDALENA', 'PEDRAZA', 'NINGUNO', 'NINGUNO', '', '2010-08-25', '', 237, 1),
('P238', '1080542247', 'TI', '', 'LILIBETH', '', 'MELGAREJO', 'SANTANDER', 'F', '0', 'COLOMBIA', 'MAGDALENA', 'PEDRAZA', 'NINGUNO', 'NINGUNO', '', '2011-04-15', '', 238, 1),
('P239', '1080542216', 'TI', '', 'SANTIAGO', 'ANDRES', 'NAVARRO', 'CAMARGO', 'M', '0', 'COLOMBIA', 'MAGDALENA', 'PEDRAZA', 'NINGUNO', 'NINGUNO', '', '2010-09-25', '', 239, 1),
('P240', '1079885835', 'TI', '', 'LESMY', 'DANIELA', 'OROZCO', 'CASTRO', 'F', '0', 'COLOMBIA', 'MAGDALENA', 'PEDRAZA', 'NINGUNO', 'NINGUNO', '', '2010-08-13', '', 240, 1),
('P241', '1079885871', 'TI', '', 'ARYIS', 'DE JESUS', 'PADILLA', 'LOZANO', 'F', '0', 'COLOMBIA', 'MAGDALENA', 'PEDRAZA', 'NINGUNO', 'NINGUNO', '', '2010-09-15', '', 241, 1),
('P242', '1019040383', 'TI', '', 'DEIVER', 'DANIEL', 'PANTOJA', 'REDONDO', 'M', '0', 'COLOMBIA', 'MAGDALENA', 'PEDRAZA', 'NINGUNO', 'NINGUNO', '', '2007-09-10', '', 242, 1),
('P243', '51067186', 'RC', '', 'LUISFER', '', 'QUINTANA', 'MARTINEZ', 'M', '0', 'COLOMBIA', 'MAGDALENA', 'PEDRAZA', 'NINGUNO', 'NINGUNO', '', '2011-04-30', '', 243, 1),
('P244', '1128128607', 'TI', '', 'MARIANA', 'CANDELARIA', 'SALTARIN', 'GARCIA', 'F', '0', 'COLOMBIA', 'MAGDALENA', 'PEDRAZA', 'NINGUNO', 'NINGUNO', '', '2011-04-04', '', 244, 1),
('P245', '1080542198', 'TI', '', 'DIUVER', 'DE JESUS', 'TAPIAS', 'MARTINEZ', 'M', '0', 'COLOMBIA', 'MAGDALENA', 'PEDRAZA', 'NINGUNO', 'NINGUNO', '', '2010-12-12', '', 245, 1),
('P246', '42830101', 'RC', '', 'SAMUEL', 'DAVID', 'TAPIAS', 'CAMARGO', 'M', '0', 'COLOMBIA', 'MAGDALENA', 'PEDRAZA', 'NINGUNO', 'NINGUNO', '', '2011-01-04', '', 246, 1),
('P247', '1080542245', 'TI', '', 'JESUS', 'DANIEL', 'VALENCIA', 'CASTILLO', 'M', '0', 'COLOMBIA', 'MAGDALENA', 'PEDRAZA', 'NINGUNO', 'NINGUNO', '', '2010-08-15', '', 247, 1),
('P248', '1080540741', 'TI', '', 'MARIA', 'FERNANDA', 'VILORIA', 'ALMANZA', 'F', '0', 'COLOMBIA', 'MAGDALENA', 'PEDRAZA', 'NINGUNO', 'NINGUNO', '', '2007-12-14', '', 248, 1),
('P249', '1080542105', 'RC', '', 'SEBASTIAN', '', 'BALLESTERO', 'MELGAREJO', 'M', '0', 'COLOMBIA', 'MAGDALENA', 'PEDRAZA', 'NINGUNO', 'NINGUNO', '', '2010-01-10', '', 249, 1),
('P250', '1082065893', 'TI', '', 'ANDRES', '', 'BARRIOS', 'DE LEON', 'M', '0', 'COLOMBIA', 'MAGDALENA', 'PEDRAZA', 'NINGUNO', 'NINGUNO', '', '2007-02-17', '', 250, 1),
('P251', '1080542019', 'TI', '', 'EMANUEL', 'JOSE', 'BARRIOS', 'CANTILLO', 'M', '0', 'COLOMBIA', 'MAGDALENA', 'PEDRAZA', 'NINGUNO', 'NINGUNO', '', '2009-09-23', '', 251, 1),
('P252', '1043007868', 'RC', '', 'YEISON', 'JOSE', 'BOLANO', 'VILLA', 'M', '0', 'COLOMBIA', 'MAGDALENA', 'PEDRAZA', 'NINGUNO', 'NINGUNO', '', '2009-10-16', '', 252, 1),
('P253', '1080542056', 'RC', '', 'ALEJANDRA', 'MARIA', 'BOLA?O', 'OROZCO', 'F', '0', 'COLOMBIA', 'MAGDALENA', 'PEDRAZA', 'NINGUNO', 'NINGUNO', '', '2009-10-24', '', 253, 1),
('P254', 'N44762368033', 'NES', '', 'LUZ', 'MARIA', 'BOLA?O', 'ROSADO', 'F', '0', 'COLOMBIA', 'MAGDALENA', 'PEDRAZA', 'NINGUNO', 'NINGUNO', '', '2010-03-31', '', 254, 1),
('P255', '1080542118', 'TI', '', 'KEILER', 'DE JESUS', 'CAMARGO', 'PALMERA', 'M', '0', 'COLOMBIA', 'MAGDALENA', 'PEDRAZA', 'NINGUNO', 'NINGUNO', '', '2010-01-28', '', 255, 1),
('P256', '1080542168', 'TI', '', 'YORLINDIS', 'PAOLA', 'CAMPO', 'PEREA', 'F', '0', 'COLOMBIA', 'MAGDALENA', 'PEDRAZA', 'NINGUNO', 'NINGUNO', '', '2010-04-12', '', 256, 1),
('P257', '1128170132', 'RC', '', 'AIDEE', 'MARIA', 'CUEVA', 'GARCIA', 'F', '0', 'COLOMBIA', 'MAGDALENA', 'PEDRAZA', 'NINGUNO', 'NINGUNO', '', '2010-08-08', '', 257, 1),
('P258', '1047512211', 'TI', '', 'YEISON', '', 'ESPINOSA', 'JASPE', 'M', '0', 'COLOMBIA', 'MAGDALENA', 'PEDRAZA', 'NINGUNO', 'NINGUNO', '', '2009-08-28', '', 258, 1),
('P259', '1080542162', 'TI', '', 'ROSA', 'ANGELICA', 'FONTALVO', 'BOLA?O', 'M', '0', 'COLOMBIA', 'MAGDALENA', 'PEDRAZA', 'NINGUNO', 'NINGUNO', '', '2010-02-22', '', 259, 1),
('P260', '1080542028', 'RC', '', 'RODOLFO', 'SEGUNDO', 'GOMEZ', 'GUTIERREZ', 'M', '0', 'COLOMBIA', 'MAGDALENA', 'PEDRAZA', 'NINGUNO', 'NINGUNO', '', '2009-10-05', '', 260, 1),
('P261', 'N44762436966', 'NES', '', 'SAMUEL', 'DAVID', 'GOMEZ', 'MARTINEZ', 'M', '0', 'COLOMBIA', 'MAGDALENA', 'PEDRAZA', 'NINGUNO', 'NINGUNO', '', '2009-10-13', '', 261, 1),
('P262', '1080542085', 'TI', '', 'JAZETH', 'DAVID', 'HERNANDEZ', 'BARRIOS', 'M', '0', 'COLOMBIA', 'MAGDALENA', 'PEDRAZA', 'NINGUNO', 'NINGUNO', '', '2009-12-14', '', 262, 1),
('P263', '1080542164', 'RC', '', 'FAEN', 'DAVID', 'LOZANO', 'GONZALEZ', 'M', '0', 'COLOMBIA', 'MAGDALENA', 'PEDRAZA', 'NINGUNO', 'NINGUNO', '', '2010-04-15', '', 263, 1),
('P264', '1080542345', 'TI', '', 'AMNALYS', 'GREGORIA', 'MARTINEZ', 'MARTINEZ', 'F', '0', 'COLOMBIA', 'MAGDALENA', 'PEDRAZA', 'NINGUNO', 'NINGUNO', '', '2010-04-18', '', 264, 1),
('P265', '1080542022', 'TI', '', 'LEIDER', 'GUSTAVO', 'OROZCO', 'GUERRERO', 'M', '0', 'COLOMBIA', 'MAGDALENA', 'PEDRAZA', 'NINGUNO', 'NINGUNO', '', '2009-09-14', '', 265, 1),
('P266', '1128169539', 'RC', '', 'SEBASTIAN', 'JOSE', 'OSORIO', 'ARIZA', 'M', '0', 'COLOMBIA', 'MAGDALENA', 'PEDRAZA', 'NINGUNO', 'NINGUNO', '', '2008-12-10', '', 266, 1),
('P267', '1080542156', 'TI', '', 'JUAN', 'JOSE', 'PALMERA', 'SANTANDER', 'M', '0', 'COLOMBIA', 'MAGDALENA', 'PEDRAZA', 'NINGUNO', 'NINGUNO', '', '2009-09-15', '', 267, 1),
('P268', '1080542084', 'RC', '', 'DILSA', 'MARIA', 'RODRIGUEZ', 'CAMARGO', 'F', '0', 'COLOMBIA', 'MAGDALENA', 'PEDRAZA', 'NINGUNO', 'NINGUNO', '', '2009-12-06', '', 268, 1),
('P269', '1079885584', 'TI', '', 'BRAYNER', 'DAVID', 'RODRIGUEZ', 'CARDENAS', 'M', '0', 'COLOMBIA', 'MAGDALENA', 'PEDRAZA', 'NINGUNO', 'NINGUNO', '', '2009-06-20', '', 269, 1),
('P270', 'N37943192860', 'NES', '', 'JORGE', 'DAVID', 'SANTANDER', 'OROZCO', 'M', '0', 'COLOMBIA', 'MAGDALENA', 'PEDRAZA', 'NINGUNO', 'NINGUNO', '', '2009-10-10', '', 270, 1),
('P271', '1080542057', 'TI', '', 'EDWIN', 'DE JESUS', 'VALENCIA', 'BECERRA', 'M', '0', 'COLOMBIA', 'MAGDALENA', 'PEDRAZA', 'NINGUNO', 'NINGUNO', '', '2009-10-07', '', 271, 1),
('P272', '1143239016', 'RC', '', 'DILAN', 'TAREK', 'VALENCIA', 'VERGARA', 'M', '0', 'COLOMBIA', 'MAGDALENA', 'PEDRAZA', 'NINGUNO', 'NINGUNO', '', '2009-07-13', '', 272, 1),
('P273', '1080540811', 'TI', '', 'IVAN', 'ALONSO', 'ANILLO', 'ESCORCIA', 'M', '0', 'COLOMBIA', 'MAGDALENA', 'PEDRAZA', 'NINGUNO', 'NINGUNO', '', '2006-10-05', '', 273, 1),
('P274', 'N44761627528', 'NES', '', 'EVELYN', 'JESUS', 'BARRAZA', 'ZABALETA', 'M', '0', 'COLOMBIA', 'MAGDALENA', 'PEDRAZA', 'NINGUNO', 'NINGUNO', '', '2009-03-21', '', 274, 1),
('P275', '1080540732', 'TI', '', 'KEINER', 'DAVID', 'BLANCO', 'BECERRA', 'M', '0', 'COLOMBIA', 'MAGDALENA', 'PEDRAZA', 'NINGUNO', 'NINGUNO', '', '2007-04-13', '', 275, 1),
('P276', '1080542183', 'TI', '', 'CARLOS', 'DAVID', 'BOLA?O', 'BECERRA', 'M', '0', 'COLOMBIA', 'MAGDALENA', 'PEDRAZA', 'NINGUNO', 'NINGUNO', '', '2010-05-05', '', 276, 1),
('P277', '1044634857', 'RC', '', 'LUIS', 'FERNANDO', 'CAMACHO', 'GARCIA', 'M', '0', 'COLOMBIA', 'MAGDALENA', 'PEDRAZA', 'NINGUNO', 'NINGUNO', '', '2009-06-02', '', 277, 1),
('P278', '1116785267', 'RC', '', 'NICOL', 'TATIANA', 'CAMARGO', 'USCATEGUI', 'F', '0', 'COLOMBIA', 'MAGDALENA', 'PEDRAZA', 'NINGUNO', 'NINGUNO', '', '2007-10-24', '', 278, 1);
INSERT INTO `personasapp` (`id_persona`, `documento_persona`, `tipodoc_persona`, `expediciondoc_persona`, `nombre1_persona`, `nombre2_persona`, `apellido1_persona`, `apellido2_persona`, `sexo_persona`, `telefono_persona`, `pais_persona`, `departamento_persona`, `ciudad_persona`, `barrio_persona`, `direccion_persona`, `email_persona`, `fechanacimiento_persona`, `lugarnacimiento_persona`, `num_persona`, `status_persona`) VALUES
('P279', '1079885877', 'RC', '', 'JEFFERSON', '', 'COLONA', 'GARCIA', 'M', '0', 'COLOMBIA', 'MAGDALENA', 'PEDRAZA', 'NINGUNO', 'NINGUNO', '', '2010-08-30', '', 279, 1),
('P280', '1080542125', 'TI', '', 'YANAURIS', 'MARIA', 'DE LA HOZ', 'BECERRA', 'F', '0', 'COLOMBIA', 'MAGDALENA', 'PEDRAZA', 'NINGUNO', 'NINGUNO', '', '2010-01-23', '', 280, 1),
('P281', 'N44761746479', 'NES', '', 'DANIEL', '', 'FLOREZ', 'SANTANDER', 'M', '0', 'COLOMBIA', 'MAGDALENA', 'PEDRAZA', 'NINGUNO', 'NINGUNO', '', '2008-08-02', '', 281, 1),
('P282', '1082944173', 'RC', '', 'JOHAN', 'STIVEN', 'FULLA', 'SANTANDER', 'M', '0', 'COLOMBIA', 'MAGDALENA', 'PEDRAZA', 'NINGUNO', 'NINGUNO', '', '2009-12-23', '', 282, 1),
('P283', 'N44761626367', 'NES', '', 'MARIA', 'ANGELICA', 'GAMEZ', 'ALMANZA', 'F', '0', 'COLOMBIA', 'MAGDALENA', 'PEDRAZA', 'NINGUNO', 'NINGUNO', '', '2008-10-09', '', 283, 1),
('P284', '1048286198', 'RC', '', 'JOSE', 'MANUEL', 'GUTIEEREZ', 'CARDENAS', 'M', '0', 'COLOMBIA', 'MAGDALENA', 'PEDRAZA', 'NINGUNO', 'NINGUNO', '', '2009-11-27', '', 284, 1),
('P285', 'N44763049848', 'NES', '', 'YORYANIS', '', 'LORA', 'CANTILLO', 'F', '0', 'COLOMBIA', 'MAGDALENA', 'PEDRAZA', 'NINGUNO', 'NINGUNO', '', '2009-09-25', '', 285, 1),
('P286', '1080540969', 'RC', '', 'LUIS', 'SANTIAGO', 'MEDINA', 'MEDINA', 'M', '0', 'COLOMBIA', 'MAGDALENA', 'PEDRAZA', 'NINGUNO', 'NINGUNO', '', '2008-12-28', '', 286, 1),
('P287', '1047448560', 'RC', '', 'CLARA', 'LUZ', 'MENESES', 'PE?ARANDA', 'F', '0', 'COLOMBIA', 'MAGDALENA', 'PEDRAZA', 'NINGUNO', 'NINGUNO', '', '2010-02-08', '', 287, 1),
('P288', '1080542195', 'RC', '', 'MARIA', 'VALENTINA', 'OSPINO', 'BARRIOS', 'F', '0', 'COLOMBIA', 'MAGDALENA', 'PEDRAZA', 'NINGUNO', 'NINGUNO', '', '2010-01-02', '', 288, 1),
('P289', 'N44761735960', 'NES', '', 'MARIA', '', 'PEREA', 'BENITEZ', 'F', '0', 'COLOMBIA', 'MAGDALENA', 'PEDRAZA', 'NINGUNO', 'NINGUNO', '', '2008-10-03', '', 289, 1),
('P290', 'N44762434357', 'NES', '', 'JOHAN', 'JAVIER', 'QUINTANA', 'MARTINEZ', 'M', '0', 'COLOMBIA', 'MAGDALENA', 'PEDRAZA', 'NINGUNO', 'NINGUNO', '', '2009-12-23', '', 290, 1),
('P291', '1043347946', 'RC', '', 'KEVIN', 'ANDRES', 'ROMERO', 'SARMIENTO', 'M', '0', 'COLOMBIA', 'MAGDALENA', 'PEDRAZA', 'NINGUNO', 'NINGUNO', '', '2008-11-28', '', 291, 1),
('P292', '1080542021', 'TI', '', 'PABLO', 'EMILIO', 'SANTANDER', 'PADILLA', 'M', '0', 'COLOMBIA', 'MAGDALENA', 'PEDRAZA', 'NINGUNO', 'NINGUNO', '', '2009-09-28', '', 292, 1),
('P293', 'N44761755403', 'NES', '', 'SHERYL', '', 'TOLOSA', 'CANTILLO', 'F', '0', 'COLOMBIA', 'MAGDALENA', 'PEDRAZA', 'NINGUNO', 'NINGUNO', '', '2008-09-11', '', 293, 1),
('P294', '1016718857', 'TI', '', 'EDWIN', 'DAVID', 'ACOSTA', 'FONSECA', 'M', '0', 'COLOMBIA', 'MAGDALENA', 'PEDRAZA', 'NINGUNO', 'NINGUNO', '', '2009-03-01', '', 294, 1),
('P295', '1080540909', 'TI', '', 'NEIL', 'DE JESUS', 'ALMANZA', 'BECERRA', 'M', '0', 'COLOMBIA', 'MAGDALENA', 'PEDRAZA', 'NINGUNO', 'NINGUNO', '', '2009-01-19', '', 295, 1),
('P296', '1080540824', 'TI', '', 'KAROL', 'DAYANA', 'ANDRADE', 'FERNANDEZ', 'F', '0', 'COLOMBIA', 'MAGDALENA', 'PEDRAZA', 'NINGUNO', 'NINGUNO', '', '2008-07-14', '', 296, 1),
('P297', 'N44761689199', 'NES', '', 'ANDERSON', 'DAVID', 'BARRIOS', 'MARTINEZ', 'M', '0', 'COLOMBIA', 'MAGDALENA', 'PEDRAZA', 'NINGUNO', 'NINGUNO', '', '2009-12-03', '', 297, 1),
('P298', '1080540989', 'TI', '', 'YEINER', 'DARIO', 'BARRIOS', 'GOMEZ', 'F', '0', 'COLOMBIA', 'MAGDALENA', 'PEDRAZA', 'NINGUNO', 'NINGUNO', '', '2009-10-09', '', 298, 1),
('P299', '1130270663', 'TI', '', 'SAMUEL', 'DAVID', 'BERDUGO', 'CAMACHO', 'M', '0', 'COLOMBIA', 'MAGDALENA', 'PEDRAZA', 'NINGUNO', 'NINGUNO', '', '2008-09-19', '', 299, 1),
('P300', '1042856108', 'TI', '', 'JESUS', 'DANIEL', 'CAMARGO', 'PADILLA', 'M', '0', 'COLOMBIA', 'MAGDALENA', 'PEDRAZA', 'NINGUNO', 'NINGUNO', '', '2008-10-30', '', 300, 1),
('P301', 'N44761734475', 'NES', '', 'JOEL', '', 'CAMARGO', 'CAMARGO', 'M', '0', 'COLOMBIA', 'MAGDALENA', 'PEDRAZA', 'NINGUNO', 'NINGUNO', '', '2008-06-17', '', 301, 1),
('P302', '1080540198', 'RC', '', 'JHAN', 'CARLOS', 'CAMP', 'PEREA', 'M', '0', 'COLOMBIA', 'MAGDALENA', 'PEDRAZA', 'NINGUNO', 'NINGUNO', '', '2004-12-16', '', 302, 1),
('P303', '1080540834', 'TI', '', 'GABRIELA', 'ANDREA', 'CERVERA', 'GAMEZ', 'F', '0', 'COLOMBIA', 'MAGDALENA', 'PEDRAZA', 'NINGUNO', 'NINGUNO', '', '2008-08-12', '', 303, 1),
('P304', '1128127745', 'RC', '', 'ELMIS', 'ETILZA', 'CERVERA', 'MARTINEZ', 'F', '0', 'COLOMBIA', 'MAGDALENA', 'PEDRAZA', 'NINGUNO', 'NINGUNO', '', '2009-06-11', '', 304, 1),
('P305', 'N37943109624', 'NES', '', 'JOEL', 'DAVID', 'DE LA ROSA', 'ALMANZA', 'M', '0', 'COLOMBIA', 'MAGDALENA', 'PEDRAZA', 'NINGUNO', 'NINGUNO', '', '2009-04-28', '', 305, 1),
('P306', '1080540826', 'TI', '', 'JESUS', '', 'FONSECA', 'ALMANZA', 'M', '0', 'COLOMBIA', 'MAGDALENA', 'PEDRAZA', 'NINGUNO', 'NINGUNO', '', '2008-06-19', '', 306, 1),
('P307', '1080540375', 'TI', '', 'JOVANNY', 'RAFAEL', 'GOMEZ', 'BOLA?O', 'M', '0', 'COLOMBIA', 'MAGDALENA', 'PEDRAZA', 'NINGUNO', 'NINGUNO', '', '2005-11-20', '', 307, 1),
('P308', '1080540831', 'TI', '', 'VALENTINA', '', 'MARTINEZ', 'SANTANDER', 'F', '0', 'COLOMBIA', 'MAGDALENA', 'PEDRAZA', 'NINGUNO', 'NINGUNO', '', '2008-08-05', '', 308, 1),
('P309', '1043448885', 'TI', '', 'SAMIR', 'ALEXANDER', 'MEDINA', 'OSORIO', 'M', '0', 'COLOMBIA', 'MAGDALENA', 'PEDRAZA', 'NINGUNO', 'NINGUNO', '', '2008-09-25', '', 309, 1),
('P310', 'N44763189296', 'NES', '', 'YARITH', 'PATRICIA', 'OROZCO', 'MELGAREJO', 'F', '0', 'COLOMBIA', 'MAGDALENA', 'PEDRAZA', 'NINGUNO', 'NINGUNO', '', '2007-05-22', '', 310, 1),
('P311', '1080540881', 'TI', '', 'VICTOR', 'JOSE', 'OROZCO', 'MU?IZ', 'M', '0', 'COLOMBIA', 'MAGDALENA', 'PEDRAZA', 'NINGUNO', 'NINGUNO', '', '2008-12-16', '', 311, 1),
('P312', '1019040380', 'TI', '', 'KEINER', 'DAVID', 'PANTOJA', 'REDONDO', 'M', '0', 'COLOMBIA', 'MAGDALENA', 'PEDRAZA', 'NINGUNO', 'NINGUNO', '', '2006-09-18', '', 312, 1),
('P313', '1080540840', 'TI', '', 'DANIEL', 'JOSE', 'SANTANDER', 'DE LEON', 'M', '0', 'COLOMBIA', 'MAGDALENA', 'PEDRAZA', 'NINGUNO', 'NINGUNO', '', '2008-06-21', '', 313, 1),
('P314', '1080540885', 'TI', '', 'SHARITH', 'JULIETH', 'SANTANDER', 'PEREA', 'F', '0', 'COLOMBIA', 'MAGDALENA', 'PEDRAZA', 'NINGUNO', 'NINGUNO', '', '2008-10-03', '', 314, 1),
('P315', '41093047', 'RC', '', 'MANUEL', 'ANTONIO', 'SOSSA', 'RODRIGUEZ', 'M', '0', 'COLOMBIA', 'MAGDALENA', 'PEDRAZA', 'NINGUNO', 'NINGUNO', '', '2007-05-10', '', 315, 1),
('P316', '1080540642', 'TI', '', 'ESTEBAN', 'RAFAEL', 'SOSSA', 'ALMANZA', 'M', '0', 'COLOMBIA', 'MAGDALENA', 'PEDRAZA', 'NINGUNO', 'NINGUNO', '', '2007-03-14', '', 316, 1),
('P317', '1080540844', 'RC', '', 'SHERYL', 'ANDREA', 'TOLOSA', 'CANTILLO', 'F', '0', 'COLOMBIA', 'MAGDALENA', 'PEDRAZA', 'NINGUNO', 'NINGUNO', '', '2008-09-11', '', 317, 1),
('P318', 'N44761627833', 'NES', '', 'JESUS', 'ANTONIO', 'VALENCIA', 'ALMANZA', 'M', '0', 'COLOMBIA', 'MAGDALENA', 'PEDRAZA', 'NINGUNO', 'NINGUNO', '', '2003-05-26', '', 318, 1),
('P319', 'N44761626373', 'NES', '', 'EVELIS', 'ELENA', 'VIDES', 'ARAGON', 'F', '0', 'COLOMBIA', 'MAGDALENA', 'PEDRAZA', 'NINGUNO', 'NINGUNO', '', '2008-12-16', '', 319, 1),
('P320', '1080540255', 'TI', '', 'CARLOS', 'JOSE', 'VILORIA', 'SARAVIA', 'M', '0', 'COLOMBIA', 'MAGDALENA', 'PEDRAZA', 'NINGUNO', 'NINGUNO', '', '2005-03-11', '', 320, 1),
('P321', '1080540686', 'TI', '', 'LUIS', 'MATEO', 'ALMAMZA', 'GARCIA', 'M', '0', 'COLOMBIA', 'MAGDALENA', 'PEDRAZA', 'NINGUNO', 'NINGUNO', '', '2007-08-24', '', 321, 1),
('P322', '1080540823', 'TI', '', 'JUAN', 'DAVID', 'ARAGON', 'BARRIOS', 'M', '0', 'COLOMBIA', 'MAGDALENA', 'PEDRAZA', 'NINGUNO', 'NINGUNO', '', '2008-07-05', '', 322, 1),
('P323', '33563757', 'RC', '', 'ALVARO', 'DE JESUS', 'BENITEZ', 'ZABALETA', 'M', '0', 'COLOMBIA', 'MAGDALENA', 'PEDRAZA', 'NINGUNO', 'NINGUNO', '', '2003-10-15', '', 323, 1),
('P324', '1080540853', 'TI', '', 'DAVID', 'JOSE', 'CAMARGO', 'CAMACHO', 'M', '0', 'COLOMBIA', 'MAGDALENA', 'PEDRAZA', 'NINGUNO', 'NINGUNO', '', '2008-09-08', '', 324, 1),
('P325', '1080540846', 'TI', '', 'EMMANUEL', 'ANTONIO', 'CAMARGO', 'MARTINEZ', 'M', '0', 'COLOMBIA', 'MAGDALENA', 'PEDRAZA', 'NINGUNO', 'NINGUNO', '', '2008-09-04', '', 325, 1),
('P326', '1080540501', 'RC', '', 'YAILIN', 'JOHANA', 'CAMPO', 'VALENCIA', 'F', '0', 'COLOMBIA', 'MAGDALENA', 'PEDRAZA', 'NINGUNO', 'NINGUNO', '', '2006-05-18', '', 326, 1),
('P327', '1080540196', 'RC', '', 'YENIFER', 'PAOLA', 'CERVANTES', 'ZABALETA', 'F', '0', 'COLOMBIA', 'MAGDALENA', 'PEDRAZA', 'NINGUNO', 'NINGUNO', '', '2005-01-03', '', 327, 1),
('P328', '1081919679', 'TI', '', 'WENDY', 'VANESSA', 'CHAMORRO', 'MENDOZA', 'F', '0', 'COLOMBIA', 'MAGDALENA', 'PEDRAZA', 'NINGUNO', 'NINGUNO', '', '2007-04-17', '', 328, 1),
('P329', '1079885285', 'TI', '', 'GRIZZY', 'ESTEFANY', 'COLONA', 'GARCIA', 'F', '0', 'COLOMBIA', 'MAGDALENA', 'PEDRAZA', 'NINGUNO', 'NINGUNO', '', '2008-02-05', '', 329, 1),
('P330', 'N38103897560', 'NES', '', 'JOEL', 'ENRIQUE', 'FINOL', 'MIRANDA', 'M', '0', 'COLOMBIA', 'MAGDALENA', 'PEDRAZA', 'NINGUNO', 'NINGUNO', '', '2007-01-17', '', 330, 1),
('P331', '1080540995', 'TI', '', 'CARLOS', '', 'FONSECA', 'RAMOS', 'M', '0', 'COLOMBIA', 'MAGDALENA', 'PEDRAZA', 'NINGUNO', 'NINGUNO', '', '2009-07-14', '', 331, 1),
('P332', '1080542004', 'TI', '', 'ANA', 'MARIA', 'HERRERA', 'ROMERO', 'F', '0', 'COLOMBIA', 'MAGDALENA', 'PEDRAZA', 'NINGUNO', 'NINGUNO', '', '2009-09-25', '', 332, 1),
('P333', '1080542263', 'TI', '', 'DIANA', 'CAROLINA', 'MARTINEZ', 'BECERRA', 'F', '0', 'COLOMBIA', 'MAGDALENA', 'PEDRAZA', 'NINGUNO', 'NINGUNO', '', '2009-03-21', '', 333, 1),
('P334', '1080540892', 'TI', '', 'ANGEL', 'EDUARDO', 'MARTINEZ', 'MARTINEZ', 'M', '0', 'COLOMBIA', 'MAGDALENA', 'PEDRAZA', 'NINGUNO', 'NINGUNO', '', '2008-12-04', '', 334, 1),
('P335', '41093473', 'RC', '', 'YUBANA', 'ANDREA', 'MEDINA', 'BECERRA', 'F', '0', 'COLOMBIA', 'MAGDALENA', 'PEDRAZA', 'NINGUNO', 'NINGUNO', '', '2008-12-23', '', 335, 1),
('P336', 'N44762433417', 'NES', '', 'MATEO', 'DE JESUS', 'MENESES', 'PANTOJA', 'M', '0', 'COLOMBIA', 'MAGDALENA', 'PEDRAZA', 'NINGUNO', 'NINGUNO', '', '2009-08-24', '', 336, 1),
('P337', '1080540841', 'TI', '', 'DAYLING', 'ELENA', 'ORDO?EZ', 'VIDES', 'F', '0', 'COLOMBIA', 'MAGDALENA', 'PEDRAZA', 'NINGUNO', 'NINGUNO', '', '2008-10-03', '', 337, 1),
('P338', '1048283603', 'TI', '', 'ISAAC', '', 'OROZCO', 'RAMIREZ', 'M', '0', 'COLOMBIA', 'MAGDALENA', 'PEDRAZA', 'NINGUNO', 'NINGUNO', '', '2008-09-11', '', 338, 1),
('P339', '1080542401', 'TI', '', 'GISSELLA', 'PAOLA', 'PANTOJA', 'REDONDO', 'F', '0', 'COLOMBIA', 'MAGDALENA', 'PEDRAZA', 'NINGUNO', 'NINGUNO', '', '2008-11-13', '', 339, 1),
('P340', '1019040380', 'RC', '', 'KEINER', '', 'PANTOJA', 'REDONDO', 'M', '0', 'COLOMBIA', 'MAGDALENA', 'PEDRAZA', 'NINGUNO', 'NINGUNO', '', '2007-12-23', '', 340, 1),
('P341', '1084134055', 'TI', '', 'CARLOS', 'ARTURO', 'RAMOS', 'MARTINEZ', 'M', '0', 'COLOMBIA', 'MAGDALENA', 'PEDRAZA', 'NINGUNO', 'NINGUNO', '', '2004-03-29', '', 341, 1),
('P342', '1080540822', 'TI', '', 'DIEGO', 'ARMANDO', 'RODRIGUEZ', 'BARRIOS', 'M', '0', 'COLOMBIA', 'MAGDALENA', 'PEDRAZA', 'NINGUNO', 'NINGUNO', '', '2007-03-15', '', 342, 1),
('P343', '1080540986', 'TI', '', 'KAREN', 'JOHANA', 'SANTANDER', 'MARTINEZ', 'F', '0', 'COLOMBIA', 'MAGDALENA', 'PEDRAZA', 'NINGUNO', 'NINGUNO', '', '2009-05-21', '', 343, 1),
('P344', '1080540985', 'TI', '', 'KATHERIN', 'JULIETH', 'SANTANDER', 'MARTINEZ', 'F', '0', 'COLOMBIA', 'MAGDALENA', 'PEDRAZA', 'NINGUNO', 'NINGUNO', '', '2009-05-21', '', 344, 1),
('P345', '1080540829', 'TI', '', 'MARIA', 'LILA', 'TAMARA', 'RODRIGUEZ', 'F', '0', 'COLOMBIA', 'MAGDALENA', 'PEDRAZA', 'NINGUNO', 'NINGUNO', '', '2008-07-12', '', 345, 1),
('P346', 'N4476598574', 'NES', '', 'JESUS', 'DAVID', 'VALENCIA', 'ALMANZA', 'M', '0', 'COLOMBIA', 'MAGDALENA', 'PEDRAZA', 'NINGUNO', 'NINGUNO', '', '2003-10-18', '', 346, 1),
('P347', '1080540640', 'TI', '', 'JONATHAN', 'JOSE', 'VILORIA', 'SARAVIA', 'M', '0', 'COLOMBIA', 'MAGDALENA', 'PEDRAZA', 'NINGUNO', 'NINGUNO', '', '2007-01-25', '', 347, 1),
('P348', 'N44763213162', 'NES', '', 'DARIO', 'JOSE', 'ANGULO', 'PADILLA', 'M', '0', 'COLOMBIA', 'MAGDALENA', 'PEDRAZA', 'NINGUNO', 'NINGUNO', '', '2007-02-13', '', 348, 1),
('P349', '1080540619', 'RC', '', 'MARIA', 'JOSE', 'ANILLO', 'ESCORCIA', 'F', '0', 'COLOMBIA', 'MAGDALENA', 'PEDRAZA', 'NINGUNO', 'NINGUNO', '', '2002-09-10', '', 349, 1),
('P350', '1080540613', 'TI', '', 'DANIEL', 'ENRIQUE', 'BARRIOS', 'MARQUEZ', 'M', '0', 'COLOMBIA', 'MAGDALENA', 'PEDRAZA', 'NINGUNO', 'NINGUNO', '', '2007-02-03', '', 350, 1),
('P351', '1080540724', 'TI', '', 'DANILO', 'ANDRES', 'BECERRA', 'SANTANDER', 'M', '0', 'COLOMBIA', 'MAGDALENA', 'PEDRAZA', 'NINGUNO', 'NINGUNO', '', '2007-06-25', '', 351, 1),
('P352', '1080540759', 'TI', '', 'EMANUEL', 'DAVID', 'CAMACHO', 'ALMANZA', 'M', '0', 'COLOMBIA', 'MAGDALENA', 'PEDRAZA', 'NINGUNO', 'NINGUNO', '', '2007-12-22', '', 352, 1),
('P353', '1080540710', 'TI', '', 'ALEXANDRA', '', 'CAMACHO', 'GOMEZ', 'F', '0', 'COLOMBIA', 'MAGDALENA', 'PEDRAZA', 'NINGUNO', 'NINGUNO', '', '2007-11-27', '', 353, 1),
('P354', '1080540727', 'TI', '', 'AILYN', 'ARIANA', 'CERVERA', 'RODRIGUEZ', 'F', '0', 'COLOMBIA', 'MAGDALENA', 'PEDRAZA', 'NINGUNO', 'NINGUNO', '', '2007-11-27', '', 354, 1),
('P355', '1080540714', 'TI', '', 'EVA', 'SANDRITH', 'DE LA HOZ', 'PEREA', 'F', '0', 'COLOMBIA', 'MAGDALENA', 'PEDRAZA', 'NINGUNO', 'NINGUNO', '', '2007-10-16', '', 355, 1),
('P356', '1079885302', 'RC', '', 'PABLO', 'ANDRES', 'DELEON', 'CARRE?O', 'M', '0', 'COLOMBIA', 'MAGDALENA', 'PEDRAZA', 'NINGUNO', 'NINGUNO', '', '2006-10-06', '', 356, 1),
('P357', '1080540094', 'TI', '', 'JOSE', 'ALFREDO', 'FONTALVO', 'CAMARGO', 'M', '0', 'COLOMBIA', 'MAGDALENA', 'PEDRAZA', 'NINGUNO', 'NINGUNO', '', '2003-08-24', '', 357, 1),
('P358', '1080540931', 'RC', '', 'DELIMARYS', '', 'MARTINEZ', 'MELGAREJO', 'F', '0', 'COLOMBIA', 'MAGDALENA', 'PEDRAZA', 'NINGUNO', 'NINGUNO', '', '2009-03-11', '', 358, 1),
('P359', '1080540569', 'TI', '', 'YURISA', 'ANGELICA', 'MARTINEZ', 'MEDINA', 'F', '0', 'COLOMBIA', 'MAGDALENA', 'PEDRAZA', 'NINGUNO', 'NINGUNO', '', '2007-12-12', '', 359, 1),
('P360', '1080540701', 'TI', '', 'NOHEMY', 'SARAY', 'MELGAREJO', 'VILLA', 'F', '0', 'COLOMBIA', 'MAGDALENA', 'PEDRAZA', 'NINGUNO', 'NINGUNO', '', '2007-09-25', '', 360, 1),
('P361', '1080540380', 'TI', '', 'RAFAEL', 'JOSE', 'MONSALVO', 'CERVANTES', 'M', '0', 'COLOMBIA', 'MAGDALENA', 'PEDRAZA', 'NINGUNO', 'NINGUNO', '', '2007-09-14', '', 361, 1),
('P362', '1080540233', 'TI', '', 'ANTONI', 'GABRIEL', 'OROZCO', 'TAPIAS', 'M', '0', 'COLOMBIA', 'MAGDALENA', 'PEDRAZA', 'NINGUNO', 'NINGUNO', '', '2005-02-05', '', 362, 1),
('P363', '1080540669', 'TI', '', 'GERARDO', 'ANDRES', 'OROZCO', 'MU?IZ', 'M', '0', 'COLOMBIA', 'MAGDALENA', 'PEDRAZA', 'NINGUNO', 'NINGUNO', '', '2007-06-05', '', 363, 1),
('P364', '1080540772', 'TI', '', 'YARIETH', 'JOHANA', 'OSORIO', 'MELGAREJO', 'F', '0', 'COLOMBIA', 'MAGDALENA', 'PEDRAZA', 'NINGUNO', 'NINGUNO', '', '2008-03-01', '', 364, 1),
('P365', 'N44763543734', 'NES', '', 'GILENYS', 'SARAI', 'PARRA', 'MEDINA', 'F', '0', 'COLOMBIA', 'MAGDALENA', 'PEDRAZA', 'NINGUNO', 'NINGUNO', '', '2007-12-11', '', 365, 1),
('P366', '41093207', 'RC', '', 'YULEIDYS', 'JUDITH', 'RUA', 'MARQUEZ', 'F', '0', 'COLOMBIA', 'MAGDALENA', 'PEDRAZA', 'NINGUNO', 'NINGUNO', '', '2007-11-04', '', 366, 1),
('P367', '1080540760', 'TI', '', 'KARILIN', 'JULIETH', 'SANTANDER', 'MEDINA', 'F', '0', 'COLOMBIA', 'MAGDALENA', 'PEDRAZA', 'NINGUNO', 'NINGUNO', '', '2007-05-03', '', 367, 1),
('P368', '1082570809', 'TI', '', 'LUIS', 'ANGEL', 'SAUMETH', 'OBISPO', 'M', '0', 'COLOMBIA', 'MAGDALENA', 'PEDRAZA', 'NINGUNO', 'NINGUNO', '', '2007-11-01', '', 368, 1),
('P369', '1080540330', 'RC', '', 'JUAN', 'DAVID', 'SOSSA', 'RODRIGUEZ', 'M', '0', 'COLOMBIA', 'MAGDALENA', 'PEDRAZA', 'NINGUNO', 'NINGUNO', '', '2004-06-23', '', 369, 1),
('P370', 'N44762434544', 'NES', '', 'JESUS', 'MANUEL', 'VALENCIA', 'ALMANZA', 'M', '0', 'COLOMBIA', 'MAGDALENA', 'PEDRAZA', 'NINGUNO', 'NINGUNO', '', '2007-01-24', '', 370, 1),
('P371', '1079885731', 'TI', '', 'YOHALBERTH', 'ALBERTO', 'ALMANZA', 'PI?ERO', 'M', '0', 'COLOMBIA', 'MAGDALENA', 'PEDRAZA', 'NINGUNO', 'NINGUNO', '', '2006-07-24', '', 371, 1),
('P372', '1080540572', 'TI', '', 'PAULA', 'ANDREA', 'BALLESTEROS', 'GUTIERREZ', 'F', '0', 'COLOMBIA', 'MAGDALENA', 'PEDRAZA', 'NINGUNO', 'NINGUNO', '', '2006-12-12', '', 372, 1),
('P373', '1080540748', 'TI', '', 'DAYANIS', '', 'BARRAZA', 'BECERRA', 'F', '0', 'COLOMBIA', 'MAGDALENA', 'PEDRAZA', 'NINGUNO', 'NINGUNO', '', '2008-01-12', '', 373, 1),
('P374', '1080540721', 'TI', '', 'ANYELIS', 'PAOLA', 'BARRIOS', 'OROZCO', 'F', '0', 'COLOMBIA', 'MAGDALENA', 'PEDRAZA', 'NINGUNO', 'NINGUNO', '', '2007-03-13', '', 374, 1),
('P375', '1080540323', 'TI', '', 'ENDERSON', 'SEGUNDO', 'BOLA?O', 'BOLA?O', 'M', '0', 'COLOMBIA', 'MAGDALENA', 'PEDRAZA', 'NINGUNO', 'NINGUNO', '', '2005-08-10', '', 375, 1),
('P376', '1080540702', 'TI', '', 'JOSE', 'ARMANDO', 'BOLA?O', 'OROZCO', 'M', '0', 'COLOMBIA', 'MAGDALENA', 'PEDRAZA', 'NINGUNO', 'NINGUNO', '', '2007-09-25', '', 376, 1),
('P377', '1079885206', 'TI', '', 'YERENIS', 'JOHANA', 'BOLA?O', 'DE HOYOS', 'M', '0', 'COLOMBIA', 'MAGDALENA', 'PEDRAZA', 'NINGUNO', 'NINGUNO', '', '2008-01-03', '', 377, 1),
('P378', '1080427569', 'TI', '', 'ERICK', 'DE JESUS', 'CAMARGO', 'RUIZ', 'M', '0', 'COLOMBIA', 'MAGDALENA', 'PEDRAZA', 'NINGUNO', 'NINGUNO', '', '2007-04-11', '', 378, 1),
('P379', '1080542340', 'RC', '', 'JOEL', 'DAVID', 'DE LA BARRERA', 'ALMANZA', 'M', '0', 'COLOMBIA', 'MAGDALENA', 'PEDRAZA', 'NINGUNO', 'NINGUNO', '', '2009-04-28', '', 379, 1),
('P380', '1080540539', 'TI', '', 'CAMILA', 'PATRICIA', 'DE LEON', 'PERTUZ', 'F', '0', 'COLOMBIA', 'MAGDALENA', 'PEDRAZA', 'NINGUNO', 'NINGUNO', '', '2006-06-10', '', 380, 1),
('P381', '1080540722', 'TI', '', 'ADRIANA', 'MARCELA', 'DE LEON', 'BARIOS', 'F', '0', 'COLOMBIA', 'MAGDALENA', 'PEDRAZA', 'NINGUNO', 'NINGUNO', '', '2006-11-18', '', 381, 1),
('P382', '1046702415', 'TI', '', 'OSCAR', 'DAVID', 'DIAZ', 'OROZCO', 'M', '0', 'COLOMBIA', 'MAGDALENA', 'PEDRAZA', 'NINGUNO', 'NINGUNO', '', '2007-12-07', '', 382, 1),
('P383', '1004176556', 'TI', '', 'EDUAR', 'JOSE', 'GUERRERO', 'JIMENEZ', 'M', '0', 'COLOMBIA', 'MAGDALENA', 'PEDRAZA', 'NINGUNO', 'NINGUNO', '', '2002-01-23', '', 383, 1),
('P384', '1080540152', 'TI', '', 'LUIS', 'MARIO', 'GUTIERREZ', 'BROCHERO', 'M', '0', 'COLOMBIA', 'MAGDALENA', 'PEDRAZA', 'NINGUNO', 'NINGUNO', '', '2003-10-29', '', 384, 1),
('P385', '1048248752', 'TI', '', 'EPARQUIO', '', 'GUTIERREZ', 'CARDENAS', 'M', '0', 'COLOMBIA', 'MAGDALENA', 'PEDRAZA', 'NINGUNO', 'NINGUNO', '', '2007-09-04', '', 385, 1),
('P386', '1080540683', 'TI', '', 'JAIRO', 'ALFONSO', 'JIMENEZ', 'GAMEZ', 'M', '0', 'COLOMBIA', 'MAGDALENA', 'PEDRAZA', 'NINGUNO', 'NINGUNO', '', '2007-08-16', '', 386, 1),
('P387', '36869225', 'RC', '', 'LUIS', 'MANUEL', 'MARTINEZ', 'MELGAREJO', 'M', '0', 'COLOMBIA', 'MAGDALENA', 'PEDRAZA', 'NINGUNO', 'NINGUNO', '', '2007-04-29', '', 387, 1),
('P388', '1080540240', 'TI', '', 'YEISON', 'ANDRES', 'MEDINA', 'BECERRA', 'M', '0', 'COLOMBIA', 'MAGDALENA', 'PEDRAZA', 'NINGUNO', 'NINGUNO', '', '2005-02-18', '', 388, 1),
('P389', 'N44763388012', 'NES', '', 'YEISIREE', 'DEL CARMEN', 'OROZCO', 'TEHERAN', 'F', '0', 'COLOMBIA', 'MAGDALENA', 'PEDRAZA', 'NINGUNO', 'NINGUNO', '', '2002-07-28', '', 389, 1),
('P390', '1128767020', 'TI', '', 'DEINER', 'JOSE', 'OSORIO', 'ARIZA', 'M', '0', 'COLOMBIA', 'MAGDALENA', 'PEDRAZA', 'NINGUNO', 'NINGUNO', '', '2003-01-24', '', 390, 1),
('P391', '1080540544', 'TI', '', 'ASMIL', 'MICHEL', 'PEREA', 'BENITEZ', 'F', '0', 'COLOMBIA', 'MAGDALENA', 'PEDRAZA', 'NINGUNO', 'NINGUNO', '', '2007-01-04', '', 391, 1),
('P392', '1044623120', 'TI', '', 'NICOOL', 'ANDREA', 'RODRIGUEZ', 'BECERRA', 'F', '0', 'COLOMBIA', 'MAGDALENA', 'PEDRAZA', 'NINGUNO', 'NINGUNO', '', '2007-05-20', '', 392, 1),
('P393', '1080540775', 'TI', '', 'KATERINE', 'DEL AMPARO', 'SANTANDER', 'OROZCO', 'F', '0', 'COLOMBIA', 'MAGDALENA', 'PEDRAZA', 'NINGUNO', 'NINGUNO', '', '2008-03-13', '', 393, 1),
('P394', '1080540329', 'TI', '', 'CLAUDIA', 'VANESSA', 'SOSSA', 'RODRIGUEZ', 'F', '0', 'COLOMBIA', 'MAGDALENA', 'PEDRAZA', 'NINGUNO', 'NINGUNO', '', '2003-11-16', '', 394, 1),
('P395', '1080540300', 'TI', '', 'MARTIN', 'JOSE', 'VASQUEZ', 'SANTANDER', 'M', '0', 'COLOMBIA', 'MAGDALENA', 'PEDRAZA', 'NINGUNO', 'NINGUNO', '', '2005-06-19', '', 395, 1),
('P396', '1080540298', 'TI', '', 'ALEXANDER', 'RAFAEL', 'VILLA', 'TAPIAS', 'M', '0', 'COLOMBIA', 'MAGDALENA', 'PEDRAZA', 'NINGUNO', 'NINGUNO', '', '2005-05-09', '', 396, 1),
('P397', '1043131989', 'TI', '', 'CRISTIAN', 'JESUS', 'VILLA', 'BECERRA', 'M', '0', 'COLOMBIA', 'MAGDALENA', 'PEDRAZA', 'NINGUNO', 'NINGUNO', '', '2006-09-23', '', 397, 1),
('P398', '1080540307', 'TI', '', 'ANDREA', 'PATRICIA', 'VILORIA', 'ALMANZA', 'F', '0', 'COLOMBIA', 'MAGDALENA', 'PEDRAZA', 'NINGUNO', 'NINGUNO', '', '2005-07-15', '', 398, 1),
('P399', '1193567774', 'TI', '', 'YESID', 'JOSE', 'ZABALETA', 'RIVERA', 'M', '0', 'COLOMBIA', 'MAGDALENA', 'PEDRAZA', 'NINGUNO', 'NINGUNO', '', '2003-02-26', '', 399, 1),
('P400', '1080540338', 'TI', '', 'MARIA', 'ALEJANDRA', 'ZABALETA', 'MARTINEZ', 'F', '0', 'COLOMBIA', 'MAGDALENA', 'PEDRAZA', 'NINGUNO', 'NINGUNO', '', '2005-09-19', '', 400, 1),
('P401', '1080540403', 'TI', '', 'DAVID', 'JOSE', 'ALMANZA', 'GARCIA', 'M', '0', 'COLOMBIA', 'MAGDALENA', 'PEDRAZA', 'NINGUNO', 'NINGUNO', '', '2006-01-25', '', 401, 1),
('P402', '1080540587', 'TI', '', 'NATALIA', 'MARIA', 'ALMANZA', 'PALMERA', 'F', '0', 'COLOMBIA', 'MAGDALENA', 'PEDRAZA', 'NINGUNO', 'NINGUNO', '', '2006-07-07', '', 402, 1),
('P403', '1080540548', 'TI', '', 'JHOINER', 'DUVAN', 'ALMANZA', 'ORDO?EZ', 'M', '0', 'COLOMBIA', 'MAGDALENA', 'PEDRAZA', 'NINGUNO', 'NINGUNO', '', '2006-09-26', '', 403, 1),
('P404', '1080540582', 'TI', '', 'YENDERSON', 'DAVID', 'BALLESTEROS', 'BOLA?O', 'M', '0', 'COLOMBIA', 'MAGDALENA', 'PEDRAZA', 'NINGUNO', 'NINGUNO', '', '2006-12-15', '', 404, 1),
('P405', '1080540003', 'TI', '', 'ROMARIO', 'ALBERTO', 'BARRIOS', 'GARCIA', 'M', '0', 'COLOMBIA', 'MAGDALENA', 'PEDRAZA', 'NINGUNO', 'NINGUNO', '', '2003-09-17', '', 405, 1),
('P406', '1080540130', 'TI', '', 'JOSE', 'MARIO', 'BARRIOS', 'GUERRERO', 'M', '0', 'COLOMBIA', 'MAGDALENA', 'PEDRAZA', 'NINGUNO', 'NINGUNO', '', '2004-05-13', '', 406, 1),
('P407', '1082064113', 'TI', '', 'YEISON', 'JADER', 'BARRIOS', 'DE LEON', 'M', '0', 'COLOMBIA', 'MAGDALENA', 'PEDRAZA', 'NINGUNO', 'NINGUNO', '', '2004-04-25', '', 407, 1),
('P408', '1080540667', 'TI', '', 'SULAY', 'ELENA', 'BARRIOS', 'BOLA?O', 'F', '0', 'COLOMBIA', 'MAGDALENA', 'PEDRAZA', 'NINGUNO', 'NINGUNO', '', '2006-02-12', '', 408, 1),
('P409', '1042851387', 'TI', '', 'GERALDINE', '', 'BELE?O', 'LOZANO', 'F', '0', 'COLOMBIA', 'MAGDALENA', 'PEDRAZA', 'NINGUNO', 'NINGUNO', '', '2006-02-21', '', 409, 1),
('P410', '1080540506', 'TI', '', 'MELISSA', 'DEL CARMEN', 'BENITEZ', 'MARTINEZ', 'F', '0', 'COLOMBIA', 'MAGDALENA', 'PEDRAZA', 'NINGUNO', 'NINGUNO', '', '2006-10-08', '', 410, 1),
('P411', '1080540607', 'TI', '', 'MARIA', 'JOSE', 'BOLA?O', 'BOLA?O', 'F', '0', 'COLOMBIA', 'MAGDALENA', 'PEDRAZA', 'NINGUNO', 'NINGUNO', '', '2006-09-24', '', 411, 1),
('P412', '1082065791', 'TI', '', 'PEDRO', 'JOSE', 'CAMACHO', 'HERNANDEZ', 'M', '0', 'COLOMBIA', 'MAGDALENA', 'PEDRAZA', 'NINGUNO', 'NINGUNO', '', '2007-04-21', '', 412, 1),
('P413', '1048273812', 'TI', '', 'JESUS', 'DAVID', 'CANAVAL', 'RAMIREZ', 'F', '0', 'COLOMBIA', 'MAGDALENA', 'PEDRAZA', 'NINGUNO', 'NINGUNO', '', '2009-12-20', '', 413, 1),
('P414', '36020204', 'RC', '', 'KEINER', 'DE JESUS', 'CARRE?O', 'RUA', 'M', '0', 'COLOMBIA', 'MAGDALENA', 'PEDRAZA', 'NINGUNO', 'NINGUNO', '', '2005-10-01', '', 414, 1),
('P415', '1080540610', 'TI', '', 'IVANNA', 'MARIA', 'FONSECA', 'ALMANZA', 'F', '0', 'COLOMBIA', 'MAGDALENA', 'PEDRAZA', 'NINGUNO', 'NINGUNO', '', '2007-02-10', '', 415, 1),
('P416', '2826', 'CE', '', 'ELIANA', 'PAOLA', 'GARCIA', 'FINOL', 'F', '0', 'COLOMBIA', 'MAGDALENA', 'PEDRAZA', 'NINGUNO', 'NINGUNO', '', '2006-02-02', '', 416, 1),
('P417', '1080540612', 'RC', '', 'JULIANA', 'BEATRIZ', 'GONZALEZ', 'CAMARGO', 'F', '0', 'COLOMBIA', 'MAGDALENA', 'PEDRAZA', 'NINGUNO', 'NINGUNO', '', '2007-01-15', '', 417, 1),
('P418', '1080540571', 'TI', '', 'YERENIS', 'ELENA', 'LAFAURIE', 'SANTANDER', 'F', '0', 'COLOMBIA', 'MAGDALENA', 'PEDRAZA', 'NINGUNO', 'NINGUNO', '', '2006-12-20', '', 418, 1),
('P419', '1079885301', 'RC', '', 'ODETH', 'DAYANA', 'LOZANO', 'CAMARGO', 'F', '0', 'COLOMBIA', 'MAGDALENA', 'PEDRAZA', 'NINGUNO', 'NINGUNO', '', '2006-06-01', '', 419, 1),
('P420', '36869173', 'RC', '', 'ROGER', 'ANDRES', 'MARTINEZ', 'JIMENEZ', 'M', '0', 'COLOMBIA', 'MAGDALENA', 'PEDRAZA', 'NINGUNO', 'NINGUNO', '', '2007-01-11', '', 420, 1),
('P421', '1080540540', 'TI', '', 'ALBERTO', 'MARIO', 'MEDINA', 'MEDINA', 'M', '0', 'COLOMBIA', 'MAGDALENA', 'PEDRAZA', 'NINGUNO', 'NINGUNO', '', '2006-06-13', '', 421, 1),
('P422', '1118821749', 'TI', '', 'EYLENEN', 'FRANKCHESKA', 'MOLINA', 'BERMUDEZ', 'F', '0', 'COLOMBIA', 'MAGDALENA', 'PEDRAZA', 'NINGUNO', 'NINGUNO', '', '2006-12-17', '', 422, 1),
('P423', '1080540562', 'TI', '', 'ROSAURA', 'MARINA', 'NAVARRO', 'CAMARGO', 'F', '0', 'COLOMBIA', 'MAGDALENA', 'PEDRAZA', 'NINGUNO', 'NINGUNO', '', '2006-12-02', '', 423, 1),
('P424', '1128126260', 'TI', '', 'DAYERLIS', '', 'OROZCO', 'ALMANZA', 'F', '0', 'COLOMBIA', 'MAGDALENA', 'PEDRAZA', 'NINGUNO', 'NINGUNO', '', '2006-01-10', '', 424, 1),
('P425', '1079887182', 'TI', '', 'YEISIREE', 'DEL CARMEN', 'OROZCO', 'TERAN', 'F', '0', 'COLOMBIA', 'MAGDALENA', 'PEDRAZA', 'NINGUNO', 'NINGUNO', '', '2002-07-28', '', 425, 1),
('P426', '1079884192', 'RC', '', 'NAYERLIS', '', 'OSPINO', 'MATAMORO', 'F', '0', 'COLOMBIA', 'MAGDALENA', 'PEDRAZA', 'NINGUNO', 'NINGUNO', '', '2003-11-23', '', 426, 1),
('P427', '1080570718', 'TI', '', 'WENDY', 'MARIA', 'PAEZ', 'CAMACHO', 'F', '0', 'COLOMBIA', 'MAGDALENA', 'PEDRAZA', 'NINGUNO', 'NINGUNO', '', '2007-04-01', '', 427, 1),
('P428', '1080540541', 'TI', '', 'LAURA', 'VANESSA', 'POLO', 'OSORIO', 'F', '0', 'COLOMBIA', 'MAGDALENA', 'PEDRAZA', 'NINGUNO', 'NINGUNO', '', '2006-09-25', '', 428, 1),
('P429', '1137189725', 'TI', '', 'STIVEN', 'JOSE', 'ROMERO', 'VALENCIA', 'M', '0', 'COLOMBIA', 'MAGDALENA', 'PEDRAZA', 'NINGUNO', 'NINGUNO', '', '2004-03-23', '', 429, 1),
('P430', '1080540368', 'TI', '', 'MILLER', 'DAVID', 'SALTARIN', 'MARTINEZ', 'M', '0', 'COLOMBIA', 'MAGDALENA', 'PEDRAZA', 'NINGUNO', 'NINGUNO', '', '2005-12-10', '', 430, 1),
('P431', '1080540535', 'TI', '', 'KARLA', 'PATRICIA', 'SANTANDER', 'MARTINEZ', 'F', '0', 'COLOMBIA', 'MAGDALENA', 'PEDRAZA', 'NINGUNO', 'NINGUNO', '', '2006-09-08', '', 431, 1),
('P432', '1079884934', 'TI', '', 'DANIELA', 'ALEJANDRA', 'SILVA', 'GONZALEZ', 'F', '0', 'COLOMBIA', 'MAGDALENA', 'PEDRAZA', 'NINGUNO', 'NINGUNO', '', '2006-06-04', '', 432, 1),
('P433', '1080540597', 'TI', '', 'ARES', 'XANDER', 'TOLOSA', 'CANTILLO', 'M', '0', 'COLOMBIA', 'MAGDALENA', 'PEDRAZA', 'NINGUNO', 'NINGUNO', '', '2006-11-24', '', 433, 1),
('P434', '36020058', 'RC', '', 'ANA', 'ROSA', 'TORRES', 'OROZCO', 'F', '0', 'COLOMBIA', 'MAGDALENA', 'PEDRAZA', 'NINGUNO', 'NINGUNO', '', '2005-09-21', '', 434, 1),
('P435', '1080540523', 'TI', '', 'MAURICIO', 'DE JESUS', 'VALENCIA', 'BECERRA', 'M', '0', 'COLOMBIA', 'MAGDALENA', 'PEDRAZA', 'NINGUNO', 'NINGUNO', '', '2006-08-21', '', 435, 1),
('P436', '1080540545', 'TI', '', 'WILMAR', 'SEGUNDO', 'VALENCIA', 'DE LA HOZ', 'M', '0', 'COLOMBIA', 'MAGDALENA', 'PEDRAZA', 'NINGUNO', 'NINGUNO', '', '2006-09-30', '', 436, 1),
('P437', '1080540332', 'TI', '', 'ALFONSO', 'JOSE', 'VILLAMIL', 'CERVANTES', 'M', '0', 'COLOMBIA', 'MAGDALENA', 'PEDRAZA', 'NINGUNO', 'NINGUNO', '', '2005-04-22', '', 437, 1),
('P438', '31758968', 'CE', '', 'JONATHAN', '', 'ALVIAREZ', 'FONSECA', 'M', '0', 'COLOMBIA', 'MAGDALENA', 'PEDRAZA', 'NINGUNO', 'NINGUNO', '', '2004-08-21', '', 438, 1),
('P439', '1079884324', 'TI', '', 'DILSON', 'JOSE', 'ARAGON', 'CARRE?O', 'M', '0', 'COLOMBIA', 'MAGDALENA', 'PEDRAZA', 'NINGUNO', 'NINGUNO', '', '2003-11-17', '', 439, 1),
('P440', '1080540256', 'TI', '', 'ARMANDO', 'DE JESUS', 'ARAGON', 'CARRE?O', 'M', '0', 'COLOMBIA', 'MAGDALENA', 'PEDRAZA', 'NINGUNO', 'NINGUNO', '', '2005-01-10', '', 440, 1),
('P441', '33563919', 'RC', '', 'JOSE', 'MARIO', 'BARRIO', 'GUERRERO', 'M', '0', 'COLOMBIA', 'MAGDALENA', 'PEDRAZA', 'NINGUNO', 'NINGUNO', '', '2004-05-05', '', 441, 1),
('P442', '1080540364', 'TI', '', 'CARLOS', 'ROBERTO', 'BOLA?O', 'CERVERA', 'M', '0', 'COLOMBIA', 'MAGDALENA', 'PEDRAZA', 'NINGUNO', 'NINGUNO', '', '2004-12-19', '', 442, 1),
('P443', '1080540366', 'TI', '', 'SHARIK', 'JOHANA', 'BOLA?O', 'DE HOYOS', 'F', '0', 'COLOMBIA', 'MAGDALENA', 'PEDRAZA', 'NINGUNO', 'NINGUNO', '', '2005-08-28', '', 443, 1),
('P444', '31404889', 'CE', '', 'LUIS', 'ALBERTO', 'BOLA?O', 'REALES', 'M', '0', 'COLOMBIA', 'MAGDALENA', 'PEDRAZA', 'NINGUNO', 'NINGUNO', '', '2005-10-15', '', 444, 1),
('P445', '1080540399', 'TI', '', 'NORELYS', '', 'CAMACHO', 'ALMANZA', 'F', '0', 'COLOMBIA', 'MAGDALENA', 'PEDRAZA', 'NINGUNO', 'NINGUNO', '', '2005-11-08', '', 445, 1),
('P446', '1013263466', 'TI', '', 'VALENTINA', '', 'CAMACHO', 'GUERRERO', 'F', '0', 'COLOMBIA', 'MAGDALENA', 'PEDRAZA', 'NINGUNO', 'NINGUNO', '', '2006-12-22', '', 446, 1),
('P447', '1084451000', 'RC', '', 'CARLOS', 'JAVIERX', 'CANDANOZA', 'MARTINEZ', 'M', '0', 'COLOMBIA', 'MAGDALENA', 'PEDRAZA', 'NINGUNO', 'NINGUNO', '', '2004-09-08', '', 447, 1),
('P448', '1084451000', 'TI', '', 'CARLOS', 'JAVIER', 'CANDANOZA', 'MARTINEZ', 'M', '0', 'COLOMBIA', 'MAGDALENA', 'PEDRAZA', 'NINGUNO', 'NINGUNO', '', '2004-09-08', '', 448, 1),
('P449', '1080540196', 'TI', '', 'EINER', 'JOSECC', 'COLONA', 'CASTILLO', 'M', '0', 'COLOMBIA', 'MAGDALENA', 'PEDRAZA', 'NINGUNO', 'NINGUNO', '', '2005-10-12', '', 449, 1),
('P450', '1080540554', 'TI', '', 'SANDRA', 'MILENA', 'CUETO', 'POLO', 'F', '0', 'COLOMBIA', 'MAGDALENA', 'PEDRAZA', 'NINGUNO', 'NINGUNO', '', '2006-11-21', '', 450, 1),
('P451', '1079884644', 'TI', '', 'ADRIAN', 'DAVID', 'DE LEON', 'BARRIOS', 'M', '0', 'COLOMBIA', 'MAGDALENA', 'PEDRAZA', 'NINGUNO', 'NINGUNO', '', '2006-08-23', '', 451, 1),
('P452', '1080540558', 'TI', '', 'PAULA', 'ANDREA', 'GAMEZ', 'ALMANZA', 'F', '0', 'COLOMBIA', 'MAGDALENA', 'PEDRAZA', 'NINGUNO', 'NINGUNO', '', '2006-10-25', '', 452, 1),
('P453', '35552112', 'RC', '', 'SARA', 'EDITH', 'MARQUEZ', 'CARDENAS', 'F', '0', 'COLOMBIA', 'MAGDALENA', 'PEDRAZA', 'NINGUNO', 'NINGUNO', '', '2003-03-23', '', 453, 1),
('P454', '1080540261', 'TI', '', 'ALCIDES', 'DAVID', 'MEDINA', 'CANTILLO', 'M', '0', 'COLOMBIA', 'MAGDALENA', 'PEDRAZA', 'NINGUNO', 'NINGUNO', '', '2003-08-26', '', 454, 1),
('P455', '1080540241', 'TI', '', 'CAMILO', 'ANDRES', 'MEDINA', 'SANTANDER', 'M', '0', 'COLOMBIA', 'MAGDALENA', 'PEDRAZA', 'NINGUNO', 'NINGUNO', '', '2005-01-12', '', 455, 1),
('P456', 'N44763388016', 'NES', '', 'YETSIBEL', 'ANDREA', 'OROZCO', 'TEHERAN', 'F', '0', 'COLOMBIA', 'MAGDALENA', 'PEDRAZA', 'NINGUNO', 'NINGUNO', '', '2004-12-15', '', 456, 1),
('P457', '1079887179', 'TI', '', 'YETSIBEL', 'ANDREA', 'OROZCO', 'TERAN', 'F', '0', 'COLOMBIA', 'MAGDALENA', 'PEDRAZA', 'NINGUNO', 'NINGUNO', '', '2002-12-15', '', 457, 1),
('P458', '1080540041', 'TI', '', 'HOLLMAN', 'JUNIOR', 'QUINTANA', 'MARTINEZ', 'M', '0', 'COLOMBIA', 'MAGDALENA', 'PEDRAZA', 'NINGUNO', 'NINGUNO', '', '2003-10-06', '', 458, 1),
('P459', '1080540167', 'RC', '', 'RICARDO', 'ALFONSO', 'RODRIGUEZ', 'CARDENAS', 'M', '0', 'COLOMBIA', 'MAGDALENA', 'PEDRAZA', 'NINGUNO', 'NINGUNO', '', '2004-03-22', '', 459, 1),
('P460', '1193129198', 'TI', '', 'LIZANDRO', 'ANTONIO', 'ROMERO', 'VALENCIA', 'M', '0', 'COLOMBIA', 'MAGDALENA', 'PEDRAZA', 'NINGUNO', 'NINGUNO', '', '2002-05-02', '', 460, 1),
('P461', '1080540653', 'TI', '', 'CHERYL', 'PATRICIA', 'RUIZ', 'BOLA?O', 'F', '0', 'COLOMBIA', 'MAGDALENA', 'PEDRAZA', 'NINGUNO', 'NINGUNO', '', '2007-04-17', '', 461, 1),
('P462', '1080540312', 'TI', '', 'ANDRES', 'FELIPE', 'SANTANDER', 'OCHOA', 'M', '0', 'COLOMBIA', 'MAGDALENA', 'PEDRAZA', 'NINGUNO', 'NINGUNO', '', '2005-06-30', '', 462, 1),
('P463', '1080540395', 'TI', '', 'JUANA', 'PRISCILA', 'VILLA', 'CERVANTES', 'F', '0', 'COLOMBIA', 'MAGDALENA', 'PEDRAZA', 'NINGUNO', 'NINGUNO', '', '2006-02-14', '', 463, 1),
('P464', '1080540556', 'RC', '', 'FABIAN', '', 'YEPES', 'PADILLA', 'M', '0', 'COLOMBIA', 'MAGDALENA', 'PEDRAZA', 'NINGUNO', 'NINGUNO', '', '2006-11-19', '', 464, 1),
('P465', '1080540363', 'TI', '', 'ANYIS', 'PAOLA', 'ZABALETA', 'AHUMADA', 'F', '0', 'COLOMBIA', 'MAGDALENA', 'PEDRAZA', 'NINGUNO', 'NINGUNO', '', '2006-05-08', '', 465, 1),
('P466', '1004176540', 'TI', '', 'GABRIEL', 'HERNANDO', 'ALMANZA', 'RUIZ', 'M', '0', 'COLOMBIA', 'MAGDALENA', 'PEDRAZA', 'NINGUNO', 'NINGUNO', '', '2002-06-16', '', 466, 1),
('P467', '1080540097', 'TI', '', 'LEONIDAS', 'ANDRES', 'ALMANZA', 'BECERRA', 'M', '0', 'COLOMBIA', 'MAGDALENA', 'PEDRAZA', 'NINGUNO', 'NINGUNO', '', '2003-12-13', '', 467, 1),
('P468', '1080540252', 'TI', '', 'KEINER', 'DAVID', 'ALMANZA', 'ORDO?EZ', 'M', '0', 'COLOMBIA', 'MAGDALENA', 'PEDRAZA', 'NINGUNO', 'NINGUNO', '', '2005-04-18', '', 468, 1),
('P469', '660960', 'CE', '', 'IVAN', 'RAMON', 'ALMANZA', 'LINARES', 'M', '0', 'COLOMBIA', 'MAGDALENA', 'PEDRAZA', 'NINGUNO', 'NINGUNO', '', '2004-11-02', '', 469, 1),
('P470', '1080540238', 'TI', '', 'ADRIANA', 'LUCIA', 'BARRIOS', 'FONTALVO', 'F', '0', 'COLOMBIA', 'MAGDALENA', 'PEDRAZA', 'NINGUNO', 'NINGUNO', '', '2005-02-04', '', 470, 1),
('P471', '1082065288', 'TI', '', 'ANA', 'SHARID', 'BARRIOS', 'DE LE?N', 'F', '0', 'COLOMBIA', 'MAGDALENA', 'PEDRAZA', 'NINGUNO', 'NINGUNO', '', '2005-02-18', '', 471, 1),
('P472', '1080540349', 'TI', '', 'MARIA', 'ISABEL', 'BARRIOS', 'MADRID', 'F', '0', 'COLOMBIA', 'MAGDALENA', 'PEDRAZA', 'NINGUNO', 'NINGUNO', '', '2005-10-06', '', 472, 1),
('P473', '1080540348', 'TI', '', 'DIOSA', '', 'BOLA?O', 'TORRES', 'F', '0', 'COLOMBIA', 'MAGDALENA', 'PEDRAZA', 'NINGUNO', 'NINGUNO', '', '2005-08-16', '', 473, 1),
('P474', '33563856', 'RC', '', 'LUIS', 'ALBERTO', 'CONTRERAS', 'BOLA?O', 'M', '0', 'COLOMBIA', 'MAGDALENA', 'PEDRAZA', 'NINGUNO', 'NINGUNO', '', '2004-01-23', '', 474, 1),
('P475', '1080540325', 'TI', '', 'YISANA', 'DEL CARMEN', 'CUETO', 'BOLA?O', 'F', '0', 'COLOMBIA', 'MAGDALENA', 'PEDRAZA', 'NINGUNO', 'NINGUNO', '', '2005-08-18', '', 475, 1),
('P476', '1080540136', 'TI', '', 'YANIRIS', 'CAROLINA', 'DE LA HOZ', 'PEREA', 'F', '0', 'COLOMBIA', 'MAGDALENA', 'PEDRAZA', 'NINGUNO', 'NINGUNO', '', '2004-07-23', '', 476, 1),
('P477', '1047512163', 'TI', '', 'ANDER', 'JESUS', 'ESPINOSA', 'JASPE', 'M', '0', 'COLOMBIA', 'MAGDALENA', 'PEDRAZA', 'NINGUNO', 'NINGUNO', '', '2004-11-28', '', 477, 1),
('P478', '1080540405', 'TI', '', 'ALEXANDRA', 'PATRICIA', 'GOMEZ', 'PALMERA', 'F', '0', 'COLOMBIA', 'MAGDALENA', 'PEDRAZA', 'NINGUNO', 'NINGUNO', '', '2005-12-22', '', 478, 1),
('P479', '1080540351', 'TI', '', 'ANUER', 'YESID', 'GONZALES', 'ARRIETA', 'M', '0', 'COLOMBIA', 'MAGDALENA', 'PEDRAZA', 'NINGUNO', 'NINGUNO', '', '2004-10-27', '', 479, 1),
('P480', '1080540073', 'TI', '', 'JESUS', 'DAVID', 'GUTIERREZ', 'BROCHERO', 'M', '0', 'COLOMBIA', 'MAGDALENA', 'PEDRAZA', 'NINGUNO', 'NINGUNO', '', '2003-09-11', '', 480, 1),
('P481', '1080540322', 'TI', '', 'KALETH', 'MATEUS', 'LORA', 'CANTILLO', 'M', '0', 'COLOMBIA', 'MAGDALENA', 'PEDRAZA', 'NINGUNO', 'NINGUNO', '', '2005-08-06', '', 481, 1),
('P482', '1080540311', 'TI', '', 'ANA', 'GABRIELA', 'LOZANO', 'SANTANDER', 'F', '0', 'COLOMBIA', 'MAGDALENA', 'PEDRAZA', 'NINGUNO', 'NINGUNO', '', '2005-06-11', '', 482, 1),
('P483', '1080540588', 'TI', '', 'ANDREA', 'CAROLINA', 'MARTINEZ', 'OROZCO', 'F', '0', 'COLOMBIA', 'MAGDALENA', 'PEDRAZA', 'NINGUNO', 'NINGUNO', '', '2004-08-15', '', 483, 1),
('P484', '1080540324', 'TI', '', 'LUIS', 'JAIME', 'MARTINEZ', 'MELGAREJO', 'M', '0', 'COLOMBIA', 'MAGDALENA', 'PEDRAZA', 'NINGUNO', 'NINGUNO', '', '2005-08-19', '', 484, 1),
('P485', '1080540131', 'TI', '', 'SERGIO', 'ANDRES', 'MARTINEZ', 'ACOSTA', 'M', '0', 'COLOMBIA', 'MAGDALENA', 'PEDRAZA', 'NINGUNO', 'NINGUNO', '', '2004-12-13', '', 485, 1),
('P486', '34799962', 'RC', '', 'DANA', 'TERESA', 'MEDINA', 'CANTILLO', 'F', '0', 'COLOMBIA', 'MAGDALENA', 'PEDRAZA', 'NINGUNO', 'NINGUNO', '', '2005-10-06', '', 486, 1),
('P487', '1080540376', 'TI', '', 'CAMILO', 'JOSE', 'MELGAREJO', 'GUERRERO', 'M', '0', 'COLOMBIA', 'MAGDALENA', 'PEDRAZA', 'NINGUNO', 'NINGUNO', '', '2005-10-26', '', 487, 1),
('P488', '1080540355', 'RC', '', 'BLADIMIR', 'JOSE', 'MENESES', 'GUERRERO', 'M', '0', 'COLOMBIA', 'MAGDALENA', 'PEDRAZA', 'NINGUNO', 'NINGUNO', '', '2005-10-27', '', 488, 1),
('P489', '1080540367', 'TI', '', 'NATALY', 'PAOLA', 'MERCADO', 'PALMERA', 'F', '0', 'COLOMBIA', 'MAGDALENA', 'PEDRAZA', 'NINGUNO', 'NINGUNO', '', '2006-12-07', '', 489, 1),
('P490', '1128165820', 'TI', '', 'NILFA', 'AMPARO', 'MONTERO', 'RIVERA', 'F', '0', 'COLOMBIA', 'MAGDALENA', 'PEDRAZA', 'NINGUNO', 'NINGUNO', '', '2005-10-03', '', 490, 1),
('P491', '1036217745', 'RC', '', 'MILTON', 'JAVIER', 'MONTERO', 'RIVERA', 'M', '0', 'COLOMBIA', 'MAGDALENA', 'PEDRAZA', 'NINGUNO', 'NINGUNO', '', '2002-05-20', '', 491, 1),
('P492', '1080540482', 'TI', '', 'JESUS', 'DAVID', 'MU?OZ', 'LOZANO', 'M', '0', 'COLOMBIA', 'MAGDALENA', 'PEDRAZA', 'NINGUNO', 'NINGUNO', '', '2006-05-12', '', 492, 1),
('P493', '30951885', 'CE', '', 'KATHERIN', 'GABRIELA', 'NIETO', 'KOHEN', 'F', '0', 'COLOMBIA', 'MAGDALENA', 'PEDRAZA', 'NINGUNO', 'NINGUNO', '', '2004-10-26', '', 493, 1),
('P494', '1080540262', 'TI', '', 'JUAN', 'DAVID', 'OROZCO', 'TAPIAS', 'M', '0', 'COLOMBIA', 'MAGDALENA', 'PEDRAZA', 'NINGUNO', 'NINGUNO', '', '2004-05-06', '', 494, 1),
('P495', '1080540369', 'TI', '', 'DYLAN', 'ARMANDO', 'OSORIO', 'MERCADO', 'M', '0', 'COLOMBIA', 'MAGDALENA', 'PEDRAZA', 'NINGUNO', 'NINGUNO', '', '2005-11-10', '', 495, 1),
('P496', '1080540494', 'TI', '', 'YARELYS', 'PATRICIA', 'PALMERA', 'BARRIOS', 'F', '0', 'COLOMBIA', 'MAGDALENA', 'PEDRAZA', 'NINGUNO', 'NINGUNO', '', '2006-06-22', '', 496, 1),
('P497', '1139424733', 'RC', '', 'BEATRIZ', 'STELLA', 'SILVA', 'GONZALEZ', 'F', '0', 'COLOMBIA', 'MAGDALENA', 'PEDRAZA', 'NINGUNO', 'NINGUNO', '', '2005-11-27', '', 497, 1),
('P498', '1079884933', 'TI', '', 'DANIEL', 'DAVID', 'SILVA', 'GONZALEZ', 'M', '0', 'COLOMBIA', 'MAGDALENA', 'PEDRAZA', 'NINGUNO', 'NINGUNO', '', '2005-04-12', '', 498, 1),
('P499', '1080540359', 'TI', '', 'JESUS', 'DANIEL', 'TORRES', 'MARTINEZ', 'M', '0', 'COLOMBIA', 'MAGDALENA', 'PEDRAZA', 'NINGUNO', 'NINGUNO', '', '1989-11-15', '', 499, 1),
('P500', '1080540235', 'TI', '', 'MARIO', 'LUIS', 'AGUILAR', 'BOLA?O', 'M', '0', 'COLOMBIA', 'MAGDALENA', 'PEDRAZA', 'NINGUNO', 'NINGUNO', '', '2005-02-21', '', 500, 1),
('P501', '1004434694', 'TI', '', 'JOSE', 'ARTURO', 'ALMANZA', 'BECERRA', 'M', '0', 'COLOMBIA', 'MAGDALENA', 'PEDRAZA', 'NINGUNO', 'NINGUNO', '', '2002-04-29', '', 501, 1),
('P502', '1080540264', 'TI', '', 'KEIDER', 'JAVIER', 'ALMANZA', 'PINZON', 'M', '0', 'COLOMBIA', 'MAGDALENA', 'PEDRAZA', 'NINGUNO', 'NINGUNO', '', '2005-05-05', '', 502, 1),
('P503', '1080540618', 'TI', '', 'MARIA', 'KARLA', 'ANILLO', 'ESCORCIA', 'F', '0', 'COLOMBIA', 'MAGDALENA', 'PEDRAZA', 'NINGUNO', 'NINGUNO', '', '2002-09-10', '', 503, 1),
('P504', '1080540392', 'TI', '', 'JESUS', 'GABRIEL', 'ARAGON', 'BARRIOS', 'M', '0', 'COLOMBIA', 'MAGDALENA', 'PEDRAZA', 'NINGUNO', 'NINGUNO', '', '2005-06-18', '', 504, 1),
('P505', '1080540342', 'TI', '', 'ALEXANDRA', 'MILENA', 'BARRAZA', 'BECERRA', 'F', '0', 'COLOMBIA', 'MAGDALENA', 'PEDRAZA', 'NINGUNO', 'NINGUNO', '', '2005-09-10', '', 505, 1),
('P506', '1004176599', 'TI', '', 'STIVEN', 'STICK', 'BARRIOS', 'OROZCO', 'M', '0', 'COLOMBIA', 'MAGDALENA', 'PEDRAZA', 'NINGUNO', 'NINGUNO', '', '2003-10-19', '', 506, 1),
('P507', '1080540280', 'TI', '', 'YIRLEIDIS', 'PATRICIA', 'BOLA?O', 'CHARRIS', 'F', '0', 'COLOMBIA', 'MAGDALENA', 'PEDRAZA', 'NINGUNO', 'NINGUNO', '', '2005-06-08', '', 507, 1),
('P508', '1080540346', 'TI', '', 'VALENTINA', 'ISABEL', 'BOLA?O', 'SANTANDER', 'F', '0', 'COLOMBIA', 'MAGDALENA', 'PEDRAZA', 'NINGUNO', 'NINGUNO', '', '2005-10-05', '', 508, 1),
('P509', '1080540378', 'TI', '', 'YAMITH', '', 'BOLA?O', 'GARCIA', 'M', '0', 'COLOMBIA', 'MAGDALENA', 'PEDRAZA', 'NINGUNO', 'NINGUNO', '', '2006-01-18', '', 509, 1),
('P510', '1080540356', 'TI', '', 'NOELIS', 'ESTHER', 'CAMARGO', 'CAMACHO', 'F', '0', 'COLOMBIA', 'MAGDALENA', 'PEDRAZA', 'NINGUNO', 'NINGUNO', '', '2006-02-12', '', 510, 1),
('P511', '1082873151', 'TI', '', 'CAROLINA', 'MICHELL', 'CHAVES', 'ROMERO', 'F', '0', 'COLOMBIA', 'MAGDALENA', 'PEDRAZA', 'NINGUNO', 'NINGUNO', '', '2005-09-28', '', 511, 1),
('P512', '41093894', 'RC', '', 'YEISON', 'RAFAEL', 'FERNANDEZ', 'MELGAREJO', 'M', '0', 'COLOMBIA', 'MAGDALENA', 'PEDRAZA', 'NINGUNO', 'NINGUNO', '', '2006-01-24', '', 512, 1),
('P513', '1080548562', 'RC', '', 'YAIRETH', 'DEL CARMEN', 'FONSECA', 'BARRIOS', 'F', '0', 'COLOMBIA', 'MAGDALENA', 'PEDRAZA', 'NINGUNO', 'NINGUNO', '', '2006-07-25', '', 513, 1),
('P514', '1043126358', 'RC', '', 'SHARICK', 'PAOLA', 'GARCIA', 'MARTINEZ', 'F', '0', 'COLOMBIA', 'MAGDALENA', 'PEDRAZA', 'NINGUNO', 'NINGUNO', '', '2005-08-16', '', 514, 1),
('P515', '1080540581', 'TI', '', 'ASTRID', 'MARIANNI', 'GARCIA', 'CAMACHO', 'F', '0', 'COLOMBIA', 'MAGDALENA', 'PEDRAZA', 'NINGUNO', 'NINGUNO', '', '2004-06-17', '', 515, 1),
('P516', '1080542028', 'TI', '', 'ORLANDO', 'SEGUNDO', 'GOMEZ', 'GUTIERREZ', 'M', '0', 'COLOMBIA', 'MAGDALENA', 'PEDRAZA', 'NINGUNO', 'NINGUNO', '', '2005-01-20', '', 516, 1),
('P517', '1080540499', 'TI', '', 'JUAN', '', 'HERRERA', 'PALMERA', 'M', '0', 'COLOMBIA', 'MAGDALENA', 'PEDRAZA', 'NINGUNO', 'NINGUNO', '', '2006-07-04', '', 517, 1),
('P518', '1080540362', 'TI', '', 'JENIFFER', 'DEL CARMEN', 'JIMEMEZ', 'SANTANDER', 'F', '0', 'COLOMBIA', 'MAGDALENA', 'PEDRAZA', 'NINGUNO', 'NINGUNO', '', '2005-11-23', '', 518, 1),
('P519', '1080540358', 'TI', '', 'VALERY', '', 'JIMENEZ', 'ALMANZA', 'F', '0', 'COLOMBIA', 'MAGDALENA', 'PEDRAZA', 'NINGUNO', 'NINGUNO', '', '2005-11-11', '', 519, 1),
('P520', '1079885854', 'TI', '', 'KEILY', 'SANDRY', 'KOHEN', 'ALMANZA', 'F', '0', 'COLOMBIA', 'MAGDALENA', 'PEDRAZA', 'NINGUNO', 'NINGUNO', '', '2005-06-29', '', 520, 1),
('P521', '1080540347', 'TI', '', 'YERALDIN', 'MARINA', 'PALMERA', 'ALMANZA', 'F', '0', 'COLOMBIA', 'MAGDALENA', 'PEDRAZA', 'NINGUNO', 'NINGUNO', '', '2005-08-20', '', 521, 1),
('P522', '1080540397', 'TI', '', 'YIRLEYDYS', 'PATRICIA', 'PALMERA', 'CERVANTES', 'F', '0', 'COLOMBIA', 'MAGDALENA', 'PEDRAZA', 'NINGUNO', 'NINGUNO', '', '2005-12-20', '', 522, 1),
('P523', '1080540343', 'TI', '', 'GISELLA', 'MARTINEZ', 'QUINTANA', 'MARTINEZ', 'F', '0', 'COLOMBIA', 'MAGDALENA', 'PEDRAZA', 'NINGUNO', 'NINGUNO', '', '2005-07-22', '', 523, 1),
('P524', '1079884990', 'TI', '', 'CLAUDIA', 'PATRICIA', 'RODRIGUEZ', 'ALMANZA', 'F', '0', 'COLOMBIA', 'MAGDALENA', 'PEDRAZA', 'NINGUNO', 'NINGUNO', '', '2005-12-23', '', 524, 1),
('P525', '31199514', 'CE', '', 'DAYERLIN', 'CAROLINA', 'ROSADO', 'MARTINEZ', 'F', '0', 'COLOMBIA', 'MAGDALENA', 'PEDRAZA', 'NINGUNO', 'NINGUNO', '', '2005-06-08', '', 525, 1),
('P526', '1080540263', 'RC', '', 'ALVARO', 'ANDRES', 'RUIZ', 'DE LEON', 'M', '0', 'COLOMBIA', 'MAGDALENA', 'PEDRAZA', 'NINGUNO', 'NINGUNO', '', '2005-04-20', '', 526, 1),
('P527', '1080540398', 'TI', '', 'VALERY', 'JOHANA', 'SALTARIN', 'SANTANDER', 'F', '0', 'COLOMBIA', 'MAGDALENA', 'PEDRAZA', 'NINGUNO', 'NINGUNO', '', '2006-01-27', '', 527, 1),
('P528', '1080540247', 'TI', '', 'SIRLEY', 'MARINA', 'SANTANDER', 'ALMANZA', 'F', '0', 'COLOMBIA', 'MAGDALENA', 'PEDRAZA', 'NINGUNO', 'NINGUNO', '', '2005-04-15', '', 528, 1),
('P529', '1080540306', 'TI', '', 'JOHEINER', 'LUIS', 'SANTANDER', 'MARTINEZ', 'M', '0', 'COLOMBIA', 'MAGDALENA', 'PEDRAZA', 'NINGUNO', 'NINGUNO', '', '2005-06-07', '', 529, 1),
('P530', 'N4476596710', 'NES', '', 'CARLOS', 'ANDRES', 'SANTANDER', 'OROZCO', 'M', '0', 'COLOMBIA', 'MAGDALENA', 'PEDRAZA', 'NINGUNO', 'NINGUNO', '', '2005-03-11', '', 530, 1),
('P531', 'N44761688874', 'NES', '', 'SAYARI', 'DEL CARMEN', 'TORRES', 'BECERRA', 'F', '0', 'COLOMBIA', 'MAGDALENA', 'PEDRAZA', 'NINGUNO', 'NINGUNO', '', '2005-01-02', '', 531, 1),
('P532', '1080540234', 'TI', '', 'YIRA', 'PATRICIA', 'VALENCIA', 'SANTANDER', 'F', '0', 'COLOMBIA', 'MAGDALENA', 'PEDRAZA', 'NINGUNO', 'NINGUNO', '', '2004-09-30', '', 532, 1),
('P533', '1080540213', 'TI', '', 'LUISA', 'FERNANDA', 'ALMANZA', 'NAVARRO', 'F', '0', 'COLOMBIA', 'MAGDALENA', 'PEDRAZA', 'NINGUNO', 'NINGUNO', '', '2005-01-08', '', 533, 1),
('P534', '31130743', 'RC', '', 'MOISES', 'JAVIER', 'ARAGON', 'DE AVILA', 'M', '0', 'COLOMBIA', 'MAGDALENA', 'PEDRAZA', 'NINGUNO', 'NINGUNO', '', '2000-05-05', '', 534, 1),
('P535', '1080540138', 'TI', '', 'EDUARDO', 'JOSE', 'ARRIETA', 'VILLA', 'M', '0', 'COLOMBIA', 'MAGDALENA', 'PEDRAZA', 'NINGUNO', 'NINGUNO', '', '2004-01-28', '', 535, 1),
('P536', '1004176602', 'TI', '', 'BRANDON', 'DE JESUS', 'BARRIOS', 'PEREA', 'M', '0', 'COLOMBIA', 'MAGDALENA', 'PEDRAZA', 'NINGUNO', 'NINGUNO', '', '2002-08-16', '', 536, 1),
('P537', '1080540154', 'TI', '', 'DALGY', 'DEL CARMEN', 'BARRIOS', 'MARQUEZ', 'F', '0', 'COLOMBIA', 'MAGDALENA', 'PEDRAZA', 'NINGUNO', 'NINGUNO', '', '2004-08-25', '', 537, 1),
('P538', '1080540212', 'TI', '', 'LILIBETH', 'MARIA', 'BOLA?O', 'CAMARGO', 'F', '0', 'COLOMBIA', 'MAGDALENA', 'PEDRAZA', 'NINGUNO', 'NINGUNO', '', '2005-02-07', '', 538, 1),
('P539', '32755320', 'RC', '', 'MARIANA', 'DELCRISTO', 'BROCHERO', 'BOLA?O', 'F', '0', 'COLOMBIA', 'MAGDALENA', 'PEDRAZA', 'NINGUNO', 'NINGUNO', '', '2002-12-17', '', 539, 1),
('P540', '38720021', 'RC', '', 'LUIS', 'ADOLFO', 'CAMARGO', 'CABARCAS', 'M', '0', 'COLOMBIA', 'MAGDALENA', 'PEDRAZA', 'NINGUNO', 'NINGUNO', '', '2004-02-10', '', 540, 1),
('P541', '34800023', 'RC', '', 'GUISSELLE', 'DE JESUS', 'CONTRERAS', 'BARRIOS', 'F', '0', 'COLOMBIA', 'MAGDALENA', 'PEDRAZA', 'NINGUNO', 'NINGUNO', '', '2004-11-20', '', 541, 1),
('P542', '1193050985', 'RC', '', 'JESUS', 'DAVID', 'DE LA CRUZ', 'ARAGON', 'M', '0', 'COLOMBIA', 'MAGDALENA', 'PEDRAZA', 'NINGUNO', 'NINGUNO', '', '2000-03-27', '', 542, 1),
('P543', '1004176657', 'TI', '', 'CAMILO', 'ANDRES', 'DE LEON', 'PERTUZ', 'M', '0', 'COLOMBIA', 'MAGDALENA', 'PEDRAZA', 'NINGUNO', 'NINGUNO', '', '2003-02-14', '', 543, 1),
('P544', '32162998', 'RC', '', 'KAROLAY', 'DAYANA', 'DIAZ', 'DE LEON', 'F', '0', 'COLOMBIA', 'MAGDALENA', 'PEDRAZA', 'NINGUNO', 'NINGUNO', '', '2002-06-23', '', 544, 1),
('P545', '30806916', 'CE', '', 'ROXIBEL', 'DE LOS ANGELES', 'FERNANDEZ', 'MARTINEZ', 'F', '0', 'COLOMBIA', 'MAGDALENA', 'PEDRAZA', 'NINGUNO', 'NINGUNO', '', '2004-05-24', '', 545, 1),
('P546', '33565864', 'RC', '', 'SAMUEL', 'CAMILO', 'JIMENEZ', 'SANTANDER', 'M', '0', 'COLOMBIA', 'MAGDALENA', 'PEDRAZA', 'NINGUNO', 'NINGUNO', '', '2004-01-12', '', 546, 1),
('P547', '35428871', 'RC', '', 'FABIO', 'ANDRES', 'LOZANO', 'BOCANEGRA', 'M', '0', 'COLOMBIA', 'MAGDALENA', 'PEDRAZA', 'NINGUNO', 'NINGUNO', '', '2004-06-19', '', 547, 1),
('P548', '1080540191', 'TI', '', 'WELFRAN', 'SEGUNDO', 'MARTINEZ', 'JIMENEZ', 'M', '0', 'COLOMBIA', 'MAGDALENA', 'PEDRAZA', 'NINGUNO', 'NINGUNO', '', '2004-12-13', '', 548, 1),
('P549', '1004176682', 'TI', '', 'MICHELL', 'ANDREA', 'MARTINEZ', 'BOLA?O', 'F', '0', 'COLOMBIA', 'MAGDALENA', 'PEDRAZA', 'NINGUNO', 'NINGUNO', '', '2003-05-09', '', 549, 1),
('P550', '1080540265', 'RC', '', 'ALEXANDRA', 'CAMILA', 'MIER', 'MEDINA', 'F', '0', 'COLOMBIA', 'MAGDALENA', 'PEDRAZA', 'NINGUNO', 'NINGUNO', '', '2005-04-21', '', 550, 1),
('P551', '1082065351', 'TI', '', 'NOHEMI', 'ESTHER', 'MORENO', 'RUDAS', 'M', '0', 'COLOMBIA', 'MAGDALENA', 'PEDRAZA', 'NINGUNO', 'NINGUNO', '', '2003-05-12', '', 551, 1),
('P552', '38720216', 'RC', '', 'STEFANI', 'ANDRES', 'OROZCO', 'MARQUEZ', 'M', '0', 'COLOMBIA', 'MAGDALENA', 'PEDRAZA', 'NINGUNO', 'NINGUNO', '', '2003-01-27', '', 552, 1),
('P553', '1080540174', 'RC', '', 'YERILETH', 'PAOLA', 'PALMERA', 'BECERRA', 'F', '0', 'COLOMBIA', 'MAGDALENA', 'PEDRAZA', 'NINGUNO', 'NINGUNO', '', '2004-09-25', '', 553, 1),
('P554', '1080540259', 'TI', '', 'CHELSY', 'PATRICIA', 'RUIZ', 'BOLA?O', 'F', '0', 'COLOMBIA', 'MAGDALENA', 'PEDRAZA', 'NINGUNO', 'NINGUNO', '', '2005-04-11', '', 554, 1),
('P555', '1080540192', 'TI', '', 'MARIA', 'JOSE', 'TAMARA', 'RODRIGUEZ', 'F', '0', 'COLOMBIA', 'MAGDALENA', 'PEDRAZA', 'NINGUNO', 'NINGUNO', '', '2004-12-09', '', 555, 1),
('P556', '1080540193', 'TI', '', 'YAJAIRA', 'DEL CARMEN', 'TORRES', 'MARTINEZ', 'F', '0', 'COLOMBIA', 'MAGDALENA', 'PEDRAZA', 'NINGUNO', 'NINGUNO', '', '2005-09-08', '', 556, 1),
('P557', '34799970', 'RC', '', 'WALBERTO', 'ENRIQUE', 'VALENCIA', 'ARAGON', 'M', '0', 'COLOMBIA', 'MAGDALENA', 'PEDRAZA', 'NINGUNO', 'NINGUNO', '', '2004-11-30', '', 557, 1),
('P558', '1193512809', 'TI', '', 'STEFANY', 'TATIANA', 'ZABALETA', 'AHUMADA', 'F', '0', 'COLOMBIA', 'MAGDALENA', 'PEDRAZA', 'NINGUNO', 'NINGUNO', '', '2000-05-14', '', 558, 1),
('P559', '32755067', 'RC', '', 'MAGALIS', 'ESTHER', 'ACOSTA', 'TORRES', 'F', '0', 'COLOMBIA', 'MAGDALENA', 'PEDRAZA', 'NINGUNO', 'NINGUNO', '', '2002-06-17', '', 559, 1),
('P560', '32755321', 'RC', '', 'YOELIS', 'DAYANA', 'ARROYO', 'ARAGON', 'F', '0', 'COLOMBIA', 'MAGDALENA', 'PEDRAZA', 'NINGUNO', 'NINGUNO', '', '2002-11-27', '', 560, 1),
('P561', '1080540199', 'TI', '', 'SABRINA', '', 'BARRIOS', 'BOLA?O', 'F', '0', 'COLOMBIA', 'MAGDALENA', 'PEDRAZA', 'NINGUNO', 'NINGUNO', '', '2005-01-09', '', 561, 1),
('P562', '1080540281', 'TI', '', 'JESUS', 'DAVID', 'BERMUDEZ', 'ROJANO', 'M', '0', 'COLOMBIA', 'MAGDALENA', 'PEDRAZA', 'NINGUNO', 'NINGUNO', '', '2005-06-01', '', 562, 1),
('P563', '1080540148', 'TI', '', 'EDUAR', 'DAVID', 'CAMARGO', 'CAMACHO', 'M', '0', 'COLOMBIA', 'MAGDALENA', 'PEDRAZA', 'NINGUNO', 'NINGUNO', '', '2004-06-04', '', 563, 1),
('P564', '34799901', 'RC', '', 'LIZAURA', '', 'CAMARGO', 'MARTINEZ', 'F', '0', 'COLOMBIA', 'MAGDALENA', 'PEDRAZA', 'NINGUNO', 'NINGUNO', '', '2005-02-14', '', 564, 1),
('P565', '38722007', 'RC', '', 'YAMARLIS', 'DEL CARMEN', 'DE LEON', 'RUA', 'F', '0', 'COLOMBIA', 'MAGDALENA', 'PEDRAZA', 'NINGUNO', 'NINGUNO', '', '2004-06-21', '', 565, 1),
('P566', '34800046', 'RC', '', 'ZHARICK', 'PAOLA', 'DE VEGA', 'BARRIOS', 'F', '0', 'COLOMBIA', 'MAGDALENA', 'PEDRAZA', 'NINGUNO', 'NINGUNO', '', '2004-12-08', '', 566, 1);
INSERT INTO `personasapp` (`id_persona`, `documento_persona`, `tipodoc_persona`, `expediciondoc_persona`, `nombre1_persona`, `nombre2_persona`, `apellido1_persona`, `apellido2_persona`, `sexo_persona`, `telefono_persona`, `pais_persona`, `departamento_persona`, `ciudad_persona`, `barrio_persona`, `direccion_persona`, `email_persona`, `fechanacimiento_persona`, `lugarnacimiento_persona`, `num_persona`, `status_persona`) VALUES
('P567', '34800041', 'RC', '', 'LIBARDO', 'JOSE', 'FONSECA', 'RAMOS', 'M', '0', 'COLOMBIA', 'MAGDALENA', 'PEDRAZA', 'NINGUNO', 'NINGUNO', '', '2004-08-04', '', 567, 1),
('P568', '1080540283', 'TI', '', 'EVELIYN', 'PATRICIA', 'GOMEZ', 'MEDINA', 'F', '0', 'COLOMBIA', 'MAGDALENA', 'PEDRAZA', 'NINGUNO', 'NINGUNO', '', '2004-12-21', '', 568, 1),
('P569', '1080540116', 'TI', '', 'LEONEL', 'JOSE', 'MARQUEZ', 'ORTIZ', 'M', '0', 'COLOMBIA', 'MAGDALENA', 'PEDRAZA', 'NINGUNO', 'NINGUNO', '', '2003-10-09', '', 569, 1),
('P570', '41093338', 'RC', '', 'YAMILETH', '', 'MARQUEZ', 'ORTIZ', 'F', '0', 'COLOMBIA', 'MAGDALENA', 'PEDRAZA', 'NINGUNO', 'NINGUNO', '', '2005-05-19', '', 570, 1),
('P571', '36020387', 'RC', '', 'ALEXANDRA', 'DEL CARMEN', 'MARQUEZ', 'VALENCIA', 'F', '0', 'COLOMBIA', 'MAGDALENA', 'PEDRAZA', 'NINGUNO', 'NINGUNO', '', '2005-07-28', '', 571, 1),
('P572', '1193039756', 'TI', '', 'VICENTE', 'SEGUNDO', 'MARQUEZ', 'ARAGON', 'M', '0', 'COLOMBIA', 'MAGDALENA', 'PEDRAZA', 'NINGUNO', 'NINGUNO', '', '2001-12-02', '', 572, 1),
('P573', '34799917', 'RC', '', 'GISSELA', 'MARIA', 'MORENO', 'OSORIO', 'F', '0', 'COLOMBIA', 'MAGDALENA', 'PEDRAZA', 'NINGUNO', 'NINGUNO', '', '2005-01-01', '', 573, 1),
('P574', '27915920', 'RC', '', 'DEINER', 'FRANCISCO', 'OROZCO', 'ROBLES', 'M', '0', 'COLOMBIA', 'MAGDALENA', 'PEDRAZA', 'NINGUNO', 'NINGUNO', '', '2000-11-14', '', 574, 1),
('P575', '1080540270', 'TI', '', 'ORLANDO', 'MIGUEL', 'RUA', 'SALGUEDO', 'M', '0', 'COLOMBIA', 'MAGDALENA', 'PEDRAZA', 'NINGUNO', 'NINGUNO', '', '2005-04-11', '', 575, 1),
('P576', '1193123582', 'TI', '', 'NILSON', 'RAFAEL', 'SANTANDER', 'CANTILLO', 'M', '0', 'COLOMBIA', 'MAGDALENA', 'PEDRAZA', 'NINGUNO', 'NINGUNO', '', '2000-09-14', '', 576, 1),
('P577', '1080540118', 'TI', '', 'SUGEIDIS', 'MARIA', 'TORRES', 'SANTANDER', 'F', '0', 'COLOMBIA', 'MAGDALENA', 'PEDRAZA', 'NINGUNO', 'NINGUNO', '', '2004-01-20', '', 577, 1),
('P578', '32755452', 'RC', '', 'CAMILO', 'ANDRES', 'VALENCIA', 'ARAGON', 'M', '0', 'COLOMBIA', 'MAGDALENA', 'PEDRAZA', 'NINGUNO', 'NINGUNO', '', '2003-07-22', '', 578, 1),
('P579', '1080540053', 'TI', '', 'JESUS', 'DAVID', 'BOLA?O', 'CHARRIS', 'M', '0', 'COLOMBIA', 'MAGDALENA', 'PEDRAZA', 'NINGUNO', 'NINGUNO', '', '2003-12-31', '', 579, 1),
('P580', '1004176613', 'TI', '', 'JHOHAN', 'DAVID', 'CAMPO', 'PEREA', 'M', '0', 'COLOMBIA', 'MAGDALENA', 'PEDRAZA', 'NINGUNO', 'NINGUNO', '', '2002-07-18', '', 580, 1),
('P581', '1004176634', 'RC', '', 'ALDO', 'JOSE', 'CERVERA', 'RODRIGUEZ', 'M', '0', 'COLOMBIA', 'MAGDALENA', 'PEDRAZA', 'NINGUNO', 'NINGUNO', '', '2002-09-05', '', 581, 1),
('P582', '1080540028', 'RC', '', 'JESUS', 'GREGORIO', 'CERVERA', 'PALMERA', 'M', '0', 'COLOMBIA', 'MAGDALENA', 'PEDRAZA', 'NINGUNO', 'NINGUNO', '', '2003-12-25', '', 582, 1),
('P583', '35685953', 'RC', '', 'ALY', 'DAVID', 'CERVERA', 'RODRIGUEZ', 'M', '0', 'COLOMBIA', 'MAGDALENA', 'PEDRAZA', 'NINGUNO', 'NINGUNO', '', '2003-10-22', '', 583, 1),
('P584', '32281353', 'RC', '', 'DEYBER', 'ANDRES', 'CONTRERAS', 'BOLA?O', 'M', '0', 'COLOMBIA', 'MAGDALENA', 'PEDRAZA', 'NINGUNO', 'NINGUNO', '', '2001-04-19', '', 584, 1),
('P585', '1052068857', 'TI', '', 'IRIS', 'PATRICIA', 'FERNANDEZ', 'CALDERON', 'F', '0', 'COLOMBIA', 'MAGDALENA', 'PEDRAZA', 'NINGUNO', 'NINGUNO', '', '2001-03-30', '', 585, 1),
('P586', '99082116830', 'RC', '', 'EVELYN', 'DE JESUS', 'GAMEZ', 'ALMANZA', 'F', '0', 'COLOMBIA', 'MAGDALENA', 'PEDRAZA', 'NINGUNO', 'NINGUNO', '', '1999-08-21', '', 586, 1),
('P587', '33563886', 'RC', '', 'SARAY', 'GREGORIA', 'GAMEZ', 'ALMANZA', 'F', '0', 'COLOMBIA', 'MAGDALENA', 'PEDRAZA', 'NINGUNO', 'NINGUNO', '', '2004-02-18', '', 587, 1),
('P588', '33024581', 'RC', '', 'BRAYAN', 'ESTIVEN', 'GARCIA', 'MARTINEZ', 'M', '0', 'COLOMBIA', 'MAGDALENA', 'PEDRAZA', 'NINGUNO', 'NINGUNO', '', '2003-08-03', '', 588, 1),
('P589', '33563945', 'RC', '', 'MILEIDIS', 'ESTHER', 'GOMEZ', 'PALMERA', 'F', '0', 'COLOMBIA', 'MAGDALENA', 'PEDRAZA', 'NINGUNO', 'NINGUNO', '', '2004-03-13', '', 589, 1),
('P590', '33563854', 'RC', '', 'MINERVA', 'ELENA', 'GOMEZ', 'MARTINEZ', 'F', '0', 'COLOMBIA', 'MAGDALENA', 'PEDRAZA', 'NINGUNO', 'NINGUNO', '', '2003-12-17', '', 590, 1),
('P591', '99091650253', 'TI', '', 'JHONER', 'JOSE', 'GOMEZ', 'BOLA?O', 'M', '0', 'COLOMBIA', 'MAGDALENA', 'PEDRAZA', 'NINGUNO', 'NINGUNO', '', '2003-02-05', '', 591, 1),
('P592', '1082064595', 'RC', '', 'NAZARETH', 'DEL CARMEN', 'HERNANDEZ', 'ANAYA', 'F', '0', 'COLOMBIA', 'MAGDALENA', 'PEDRAZA', 'NINGUNO', 'NINGUNO', '', '2005-02-21', '', 592, 1),
('P593', '33563616', 'TI', '', 'EDUARDO', 'EMILIO', 'MARTINEZ', 'GARCIA', 'M', '0', 'COLOMBIA', 'MAGDALENA', 'PEDRAZA', 'NINGUNO', 'NINGUNO', '', '2002-12-08', '', 593, 1),
('P594', '33563755', 'RC', '', 'CARLOS', 'DAVID', 'MARTINEZ', 'MARTINEZ', 'M', '0', 'COLOMBIA', 'MAGDALENA', 'PEDRAZA', 'NINGUNO', 'NINGUNO', '', '2003-09-10', '', 594, 1),
('P595', '33563851', 'RC', '', 'DANIELA', 'ESTHER', 'MARTINEZ', 'MARTINEZ', 'F', '0', 'COLOMBIA', 'MAGDALENA', 'PEDRAZA', 'NINGUNO', 'NINGUNO', '', '2004-01-07', '', 595, 1),
('P596', '1080540112', 'RC', '', 'FRANCHESCA', 'YANITZA', 'MARTINEZ', 'PALMERA', 'F', '0', 'COLOMBIA', 'MAGDALENA', 'PEDRAZA', 'NINGUNO', 'NINGUNO', '', '2004-02-26', '', 596, 1),
('P597', '1004176654', 'TI', '', 'NICOLAS', 'ANDRES', 'MEDINA', 'MEDINA', 'M', '0', 'COLOMBIA', 'MAGDALENA', 'PEDRAZA', 'NINGUNO', 'NINGUNO', '', '2002-12-25', '', 597, 1),
('P598', '33563948', 'RC', '', 'NICOL', 'ANDREA', 'MEDINA', 'MEDINA', 'F', '0', 'COLOMBIA', 'MAGDALENA', 'PEDRAZA', 'NINGUNO', 'NINGUNO', '', '2004-03-21', '', 598, 1),
('P599', '33563859', 'RC', '', 'CORNELIO', 'SEGUNDO', 'MELGAREJO', 'CUETO', 'M', '0', 'COLOMBIA', 'MAGDALENA', 'PEDRAZA', 'NINGUNO', 'NINGUNO', '', '2003-12-30', '', 599, 1),
('P600', '34800076', 'RC', '', 'ISAURA', 'PATRICIA', 'OROZCO', 'DE LEON', 'F', '0', 'COLOMBIA', 'MAGDALENA', 'PEDRAZA', 'NINGUNO', 'NINGUNO', '', '2003-12-05', '', 600, 1),
('P601', '1080540002', 'TI', '', 'LAUREN', 'PATRICIA', 'OROZCO', 'GUERRERO', 'F', '0', 'COLOMBIA', 'MAGDALENA', 'PEDRAZA', 'NINGUNO', 'NINGUNO', '', '2003-11-06', '', 601, 1),
('P602', '1004176631', 'TI', '', 'XILENA', 'PATRICIA', 'OROZCO', 'RODRIGUEZ', 'F', '0', 'COLOMBIA', 'MAGDALENA', 'PEDRAZA', 'NINGUNO', 'NINGUNO', '', '2002-05-28', '', 602, 1),
('P603', '1080540096', 'TI', '', 'ISAAC', 'SEGUNDO', 'OROZCO', 'ROBLES', 'M', '0', 'COLOMBIA', 'MAGDALENA', 'PEDRAZA', 'NINGUNO', 'NINGUNO', '', '2003-12-18', '', 603, 1),
('P604', '1080540120', 'TI', '', 'DIEGO', 'ALEJANDRO', 'OSORIO', 'DE LA HOZ', 'M', '0', 'COLOMBIA', 'MAGDALENA', 'PEDRAZA', 'NINGUNO', 'NINGUNO', '', '2004-04-22', '', 604, 1),
('P605', '1080540172', 'TI', '', 'ROSAURA', 'MARIA', 'PALMERA', 'SANTANDER', 'F', '0', 'COLOMBIA', 'MAGDALENA', 'PEDRAZA', 'NINGUNO', 'NINGUNO', '', '2003-12-28', '', 605, 1),
('P606', '32162747', 'RC', '', 'JESUS', 'HERNAN', 'RIVERA', 'ARAGON', 'M', '0', 'COLOMBIA', 'MAGDALENA', 'PEDRAZA', 'NINGUNO', 'NINGUNO', '', '2000-10-07', '', 606, 1),
('P607', '1080540075', 'TI', '', 'ANDREA', 'ISABEL', 'SANTANDER', 'OROZCO', 'F', '0', 'COLOMBIA', 'MAGDALENA', 'PEDRAZA', 'NINGUNO', 'NINGUNO', '', '2004-02-09', '', 607, 1),
('P608', '1080540102', 'TI', '', 'YIRLENIS', 'CECILIA', 'VALENCIA', 'DE LA HOZ', 'F', '0', 'COLOMBIA', 'MAGDALENA', 'PEDRAZA', 'NINGUNO', 'NINGUNO', '', '2003-09-26', '', 608, 1),
('P609', '1080540048', 'TI', '', 'CAMILA', 'ANDREA', 'VALENCIA', 'PANTOJA', 'F', '0', 'COLOMBIA', 'MAGDALENA', 'PEDRAZA', 'NINGUNO', 'NINGUNO', '', '2003-11-12', '', 609, 1),
('P610', '1004119838', 'TI', '', 'ANTONIO', '', 'ACOSTA', 'TORRES', 'M', '0', 'COLOMBIA', 'MAGDALENA', 'PEDRAZA', 'NINGUNO', 'NINGUNO', '', '1999-02-04', '', 610, 1),
('P611', '38720206', 'RC', '', 'LUIS', 'DANIEL', 'ALMANZA', 'VILLA', 'M', '0', 'COLOMBIA', 'MAGDALENA', 'PEDRAZA', 'NINGUNO', 'NINGUNO', '', '2004-02-22', '', 611, 1),
('P612', '1080540113', 'RC', '', 'YORDYS', 'DE JESUS', 'BARRIOS', 'GOMEZ', 'M', '0', 'COLOMBIA', 'MAGDALENA', 'PEDRAZA', 'NINGUNO', 'NINGUNO', '', '2004-02-23', '', 612, 1),
('P613', '1004176653', 'TI', '', 'BLEIDYS', 'JOHANA', 'BOLA?O', 'DE HOYOS', 'F', '0', 'COLOMBIA', 'MAGDALENA', 'PEDRAZA', 'NINGUNO', 'NINGUNO', '', '2003-02-28', '', 613, 1),
('P614', '34799972', 'RC', '', 'MIRELLA', 'ANDREA', 'BOLA?O', 'SANJUANELO', 'F', '0', 'COLOMBIA', 'MAGDALENA', 'PEDRAZA', 'NINGUNO', 'NINGUNO', '', '2004-10-25', '', 614, 1),
('P615', '1080540076', 'TI', '', 'LUIS', 'MARIO', 'CUETO', 'POLO', 'M', '0', 'COLOMBIA', 'MAGDALENA', 'PEDRAZA', 'NINGUNO', 'NINGUNO', '', '2003-09-25', '', 615, 1),
('P616', '1004176628', 'TI', '', 'HERNANDO', 'RAFAEL', 'DE LA HOZ', 'OROZCO', 'M', '0', 'COLOMBIA', 'MAGDALENA', 'PEDRAZA', 'NINGUNO', 'NINGUNO', '', '2002-09-05', '', 616, 1),
('P617', '33563933', 'RC', '', 'JUAN', 'DAVID', 'DE LA HOZ', 'GAMEZ', 'M', '0', 'COLOMBIA', 'MAGDALENA', 'PEDRAZA', 'NINGUNO', 'NINGUNO', '', '2003-07-29', '', 617, 1),
('P618', '1004119594', 'RC', '', 'YORYANIS', '', 'DE LEON', 'CARRE?O', 'F', '0', 'COLOMBIA', 'MAGDALENA', 'PEDRAZA', 'NINGUNO', 'NINGUNO', '', '2002-12-13', '', 618, 1),
('P619', '1007922055', 'TI', '', 'DIANA', 'LUCIA', 'ESCORCIA', 'CANTILLO', 'F', '0', 'COLOMBIA', 'MAGDALENA', 'PEDRAZA', 'NINGUNO', 'NINGUNO', '', '2002-09-11', '', 619, 1),
('P620', '38720223', 'RC', '', 'DAMARIS', 'DE JESUS', 'FERIA', 'ARAGON', 'F', '0', 'COLOMBIA', 'MAGDALENA', 'PEDRAZA', 'NINGUNO', 'NINGUNO', '', '2004-03-13', '', 620, 1),
('P621', '38720220', 'RC', '', 'DANIRIS', 'ESTHER', 'FERIA', 'ARAGON', 'F', '0', 'COLOMBIA', 'MAGDALENA', 'PEDRAZA', 'NINGUNO', 'NINGUNO', '', '2004-03-13', '', 621, 1),
('P622', '1010146285', 'TI', '', 'JESUS', '', 'FIGUEROA', 'BARRIOS', 'M', '0', 'COLOMBIA', 'MAGDALENA', 'PEDRAZA', 'NINGUNO', 'NINGUNO', '', '1999-12-09', '', 622, 1),
('P623', '1004176377', 'TI', '', 'CARLOS', 'DANIEL', 'FONTALVO', 'CAMARGO', 'M', '0', 'COLOMBIA', 'MAGDALENA', 'PEDRAZA', 'NINGUNO', 'NINGUNO', '', '2001-05-09', '', 623, 1),
('P624', '27915791', 'RC', '', 'MAURICIO', 'JAVITH', 'GAMEZ', 'GARCIA', 'M', '0', 'COLOMBIA', 'MAGDALENA', 'PEDRAZA', 'NINGUNO', 'NINGUNO', '', '2001-01-31', '', 624, 1),
('P625', '38720211', 'RC', '', 'CAMILO', 'ANDRES', 'GONZALEZ', 'ARAGON', 'M', '0', 'COLOMBIA', 'MAGDALENA', 'PEDRAZA', 'NINGUNO', 'NINGUNO', '', '2004-05-05', '', 625, 1),
('P626', '1004176609', 'RC', '', 'ROBERSON', 'JESUS', 'JIMENEZ', 'SANTANDER', 'M', '0', 'COLOMBIA', 'MAGDALENA', 'PEDRAZA', 'NINGUNO', 'NINGUNO', '', '2001-03-31', '', 626, 1),
('P627', '1193005281', 'TI', '', 'ANDRES', 'DANIEL', 'LOZANO', 'CAMARGO', 'M', '0', 'COLOMBIA', 'MAGDALENA', 'PEDRAZA', 'NINGUNO', 'NINGUNO', '', '2000-12-12', '', 627, 1),
('P628', '32755322', 'RC', '', 'ARIEL', 'SEGUNDO', 'MARQUEZ', 'PACHECO', 'M', '0', 'COLOMBIA', 'MAGDALENA', 'PEDRAZA', 'NINGUNO', 'NINGUNO', '', '2002-10-04', '', 628, 1),
('P629', '1193573910', 'TI', '', 'ARNOLD', 'ENRIQUE', 'MARQUEZ', 'PACHECO', 'M', '0', 'COLOMBIA', 'MAGDALENA', 'PEDRAZA', 'NINGUNO', 'NINGUNO', '', '2001-03-14', '', 629, 1),
('P630', '32162620', 'RC', '', 'LADIMIR', '', 'MARTINEZ', 'MARQUEZ', 'M', '0', 'COLOMBIA', 'MAGDALENA', 'PEDRAZA', 'NINGUNO', 'NINGUNO', '', '1999-07-01', '', 630, 1),
('P631', '27915768', 'RC', '', 'ANA', 'MARIA', 'MARTINEZ', 'GARCIA', 'F', '0', 'COLOMBIA', 'MAGDALENA', 'PEDRAZA', 'NINGUNO', 'NINGUNO', '', '2000-12-20', '', 631, 1),
('P632', '33563829', 'RC', '', 'BRENDALYS', 'PATRICIA', 'MATAMOROS', 'MARCHENA', 'F', '0', 'COLOMBIA', 'MAGDALENA', 'PEDRAZA', 'NINGUNO', 'NINGUNO', '', '2003-08-18', '', 632, 1),
('P633', '1006572017', 'TI', '', 'YOINER', 'ALFONSO', 'MOLINA', 'BERMUDEZ', 'M', '0', 'COLOMBIA', 'MAGDALENA', 'PEDRAZA', 'NINGUNO', 'NINGUNO', '', '2001-03-05', '', 633, 1),
('P634', 'N37943102959', 'NES', '', 'MAYERLIS', 'DEL AMPARO', 'OSPINO', 'MATAMORO', 'F', '0', 'COLOMBIA', 'MAGDALENA', 'PEDRAZA', 'NINGUNO', 'NINGUNO', '', '2003-10-07', '', 634, 1),
('P635', '32162999', 'RC', '', 'SARAY', 'ESTHER', 'RUA', 'ARAGON', 'F', '0', 'COLOMBIA', 'MAGDALENA', 'PEDRAZA', 'NINGUNO', 'NINGUNO', '', '2002-08-02', '', 635, 1),
('P636', '1004119703', 'TI', '', 'JAIR', 'GUSTAVO', 'RUA', 'SANTANA', 'M', '0', 'COLOMBIA', 'MAGDALENA', 'PEDRAZA', 'NINGUNO', 'NINGUNO', '', '2003-01-16', '', 636, 1),
('P637', '98092274748', 'TI', '', 'LUIS', 'CAMILO', 'SANTANDER', 'MELGAREJO', 'M', '0', 'COLOMBIA', 'MAGDALENA', 'PEDRAZA', 'NINGUNO', 'NINGUNO', '', '1998-09-22', '', 637, 1),
('P638', '1004176382', 'TI', '', 'YADIRA', 'ISABEL', 'TORRES', 'MARTINEZ', 'F', '0', 'COLOMBIA', 'MAGDALENA', 'PEDRAZA', 'NINGUNO', 'NINGUNO', '', '2001-09-24', '', 638, 1),
('P639', '1004176661', 'TI', '', 'YORLEYS', 'PAOLA', 'VALENCIA', 'SANTANDER', 'F', '0', 'COLOMBIA', 'MAGDALENA', 'PEDRAZA', 'NINGUNO', 'NINGUNO', '', '2003-01-14', '', 639, 1),
('P640', '1004176681', 'TI', '', 'KAROLAY', 'ANDREA', 'BARRIOS', 'CAMARGO', 'F', '0', 'COLOMBIA', 'MAGDALENA', 'PEDRAZA', 'NINGUNO', 'NINGUNO', '', '2003-04-22', '', 640, 1),
('P641', '1004176581', 'TI', '', 'MARYURIS', 'DEL CARM', 'FIGUEROA', 'BARRIOS', 'F', '0', 'COLOMBIA', 'MAGDALENA', 'PEDRAZA', 'NINGUNO', 'NINGUNO', '', '2002-04-28', '', 641, 1),
('P642', '1004176632', 'TI', '', 'LILIMARYS', '', 'FONSECA', 'GARAY', 'F', '0', 'COLOMBIA', 'MAGDALENA', 'PEDRAZA', 'NINGUNO', 'NINGUNO', '', '2002-09-05', '', 642, 1),
('P643', '1004176418', 'TI', '', 'HAISEL', 'PATRICIA', 'FONTALVO', 'ALMANZA', 'F', '0', 'COLOMBIA', 'MAGDALENA', 'PEDRAZA', 'NINGUNO', 'NINGUNO', '', '2001-05-10', '', 643, 1),
('P644', '1004176647', 'TI', '', 'NATALIA', 'PATRICIA', 'GAMEZ', 'GARCIA', 'F', '0', 'COLOMBIA', 'MAGDALENA', 'PEDRAZA', 'NINGUNO', 'NINGUNO', '', '2002-09-24', '', 644, 1),
('P645', '1004176368', 'TI', '', 'OSMAR', 'MIGUEL', 'GAMEZ', 'ALMANZA', 'M', '0', 'COLOMBIA', 'MAGDALENA', 'PEDRAZA', 'NINGUNO', 'NINGUNO', '', '2001-11-21', '', 645, 1),
('P646', '1004176643', 'TI', '', 'YARYS', 'PAOLA', 'GARCIA', 'OROZCO', 'F', '0', 'COLOMBIA', 'MAGDALENA', 'PEDRAZA', 'NINGUNO', 'NINGUNO', '', '2003-01-28', '', 646, 1),
('P647', '1004176633', 'TI', '', 'LESLY', 'ANIETH', 'GARCIA', 'MARTINEZ', 'F', '0', 'COLOMBIA', 'MAGDALENA', 'PEDRAZA', 'NINGUNO', 'NINGUNO', '', '2002-09-12', '', 647, 1),
('P648', '1080540034', 'RC', '', 'DUBAN', 'CAMILO', 'GARCIA', 'ALMANZA', 'M', '0', 'COLOMBIA', 'MAGDALENA', 'PEDRAZA', 'NINGUNO', 'NINGUNO', '', '2003-08-08', '', 648, 1),
('P649', '1080540580', 'RC', '', 'JESUS', 'DAVID', 'GARCIA', 'CAMACHO', 'M', '0', 'COLOMBIA', 'MAGDALENA', 'PEDRAZA', 'NINGUNO', 'NINGUNO', '', '2001-07-29', '', 649, 1),
('P650', '99030717801', 'TI', '', 'ANDRES', 'GUSTAVO', 'GUERRERO', 'JIMENEZ', 'M', '0', 'COLOMBIA', 'MAGDALENA', 'PEDRAZA', 'NINGUNO', 'NINGUNO', '', '1999-03-07', '', 650, 1),
('P651', '1004176583', 'TI', '', 'ADRIANA', 'MARIA', 'LOZANO', 'RUIZ', 'F', '0', 'COLOMBIA', 'MAGDALENA', 'PEDRAZA', 'NINGUNO', 'NINGUNO', '', '2002-10-07', '', 651, 1),
('P652', '1193231853', 'TI', '', 'IRENE', 'ISABEL', 'MARQUEZ', 'VALENCIA', 'F', '0', 'COLOMBIA', 'MAGDALENA', 'PEDRAZA', 'NINGUNO', 'NINGUNO', '', '2002-05-14', '', 652, 1),
('P653', '1004119586', 'TI', '', 'NINOSKA', 'ANDREA', 'MARTINEZ', 'ACOSTA', 'F', '0', 'COLOMBIA', 'MAGDALENA', 'PEDRAZA', 'NINGUNO', 'NINGUNO', '', '2001-12-07', '', 653, 1),
('P654', 'N44763873152', 'NES', '', 'GABRIEL', 'JOSE', 'MARTINEZ', 'CAMARGO', 'M', '0', 'COLOMBIA', 'MAGDALENA', 'PEDRAZA', 'NINGUNO', 'NINGUNO', '', '2003-05-08', '', 654, 1),
('P655', '27915457', 'RC', '', 'CAMILO', 'ANDRES', 'MEDINA', 'CAMARGO', 'M', '0', 'COLOMBIA', 'MAGDALENA', 'PEDRAZA', 'NINGUNO', 'NINGUNO', '', '1999-10-17', '', 655, 1),
('P656', '1193209820', 'TI', '', 'JONATAN', 'DAVID', 'MELGAREJO', 'VILLA', 'M', '0', 'COLOMBIA', 'MAGDALENA', 'PEDRAZA', 'NINGUNO', 'NINGUNO', '', '2003-10-19', '', 656, 1),
('P657', '1079655203', 'TI', '', 'ANA', 'ISABEL', 'MIRANDA', 'FONSECA', 'F', '0', 'COLOMBIA', 'MAGDALENA', 'PEDRAZA', 'NINGUNO', 'NINGUNO', '', '2002-05-10', '', 657, 1),
('P658', '1079887183', 'TI', '', 'YESENIA', 'DEL VALLE', 'OROZCO', 'TERAN', 'F', '0', 'COLOMBIA', 'MAGDALENA', 'PEDRAZA', 'NINGUNO', 'NINGUNO', '', '1999-10-30', '', 658, 1),
('P659', '1128324042', 'RC', '', 'LILIANA', 'SALOME', 'ORTEGA', 'MONTERO', 'F', '0', 'COLOMBIA', 'MAGDALENA', 'PEDRAZA', 'NINGUNO', 'NINGUNO', '', '2002-08-23', '', 659, 1),
('P660', '1004176644', 'TI', '', 'MARLEY', 'BELEN', 'SANTANDER', 'BARRIOS', 'F', '0', 'COLOMBIA', 'MAGDALENA', 'PEDRAZA', 'NINGUNO', 'NINGUNO', '', '2003-01-24', '', 660, 1),
('P661', '1083055100', 'CC', '', 'LUIS', 'JAVIER', 'SANTANDER', 'SANCHEZ', 'M', '0', 'COLOMBIA', 'MAGDALENA', 'PEDRAZA', 'NINGUNO', 'NINGUNO', '', '2000-04-25', '', 661, 1),
('P662', '1004176367', 'RC', '', 'MARIA', 'CLAUDIA', 'VILLALBA', 'GAMEZ', 'F', '0', 'COLOMBIA', 'MAGDALENA', 'PEDRAZA', 'NINGUNO', 'NINGUNO', '', '2000-05-13', '', 662, 1),
('P663', '1004176624', 'TI', '', 'DORIS', 'MARITZA', 'AGUILAR', 'BOLA?O', 'F', '0', 'COLOMBIA', 'MAGDALENA', 'PEDRAZA', 'NINGUNO', 'NINGUNO', '', '2003-02-26', '', 663, 1),
('P664', '1004119784', 'TI', '', 'YESICA', 'LORENA', 'ALMANZA', 'VILLA', 'F', '0', 'COLOMBIA', 'MAGDALENA', 'PEDRAZA', 'NINGUNO', 'NINGUNO', '', '2000-07-28', '', 664, 1),
('P665', '986082', 'CE', '', 'EDWIN', 'JOSE', 'ALMARZA', 'LINARES', 'M', '0', 'COLOMBIA', 'MAGDALENA', 'PEDRAZA', 'NINGUNO', 'NINGUNO', '', '2002-08-21', '', 665, 1),
('P666', '1004176668', 'TI', '', 'ADRIANIS', 'MARIA', 'BARRIOS', 'BECERRA', 'F', '0', 'COLOMBIA', 'MAGDALENA', 'PEDRAZA', 'NINGUNO', 'NINGUNO', '', '2002-12-19', '', 666, 1),
('P667', '1004119608', 'TI', '', 'DAYANIS', 'MARIA', 'BARRIOS', 'MARTINEZ', 'F', '0', 'COLOMBIA', 'MAGDALENA', 'PEDRAZA', 'NINGUNO', 'NINGUNO', '', '2002-09-30', '', 667, 1),
('P668', '1193123486', 'TI', '', 'ANDRES', 'GUILLERMO', 'CAMARGO', 'GARCIA', 'M', '0', 'COLOMBIA', 'MAGDALENA', 'PEDRAZA', 'NINGUNO', 'NINGUNO', '', '2000-07-02', '', 668, 1),
('P669', '1004176542', 'TI', '', 'GISELLA', 'CAROLINA', 'CAMARGO', 'PALMERA', 'F', '0', 'COLOMBIA', 'MAGDALENA', 'PEDRAZA', 'NINGUNO', 'NINGUNO', '', '2003-06-30', '', 669, 1),
('P670', '33563693', 'RC', '', 'YURLEIS', 'PATRICIA', 'FONSECA', 'BARRIOS', 'F', '0', 'COLOMBIA', 'MAGDALENA', 'PEDRAZA', 'NINGUNO', 'NINGUNO', '', '2003-05-17', '', 670, 1),
('P671', '1004176637', 'TI', '', 'ANAIS', 'MARIA', 'GAMEZ', 'ALMANZA', 'F', '0', 'COLOMBIA', 'MAGDALENA', 'PEDRAZA', 'NINGUNO', 'NINGUNO', '', '2002-12-25', '', 671, 1),
('P672', '1004176651', 'TI', '', 'JOSE', 'LUIS', 'GARCIA', 'JIMENEZ', 'M', '0', 'COLOMBIA', 'MAGDALENA', 'PEDRAZA', 'NINGUNO', 'NINGUNO', '', '2002-11-12', '', 672, 1),
('P673', '33563989', 'RC', '', 'LUIS', 'MANUEL', 'GOMEZ', 'ORDO?EZ', 'M', '0', 'COLOMBIA', 'MAGDALENA', 'PEDRAZA', 'NINGUNO', 'NINGUNO', '', '1999-04-18', '', 673, 1),
('P674', '33563865', 'RC', '', 'YAIRA', 'PATRICIA', 'GOMEZ', 'BOLA?O', 'F', '0', 'COLOMBIA', 'MAGDALENA', 'PEDRAZA', 'NINGUNO', 'NINGUNO', '', '2003-08-16', '', 674, 1),
('P675', '1004176656', 'TI', '', 'ROBIN', 'ALI', 'MARTINEZ', 'OROZCO', 'M', '0', 'COLOMBIA', 'MAGDALENA', 'PEDRAZA', 'NINGUNO', 'NINGUNO', '', '2002-12-24', '', 675, 1),
('P676', '33383989', 'RC', '', 'IRINA', 'MARCELA', 'MELGAREJO', 'MELGAREJO', 'F', '0', 'COLOMBIA', 'MAGDALENA', 'PEDRAZA', 'NINGUNO', 'NINGUNO', '', '2003-05-18', '', 676, 1),
('P677', '1007205235', 'TI', '', 'KEINER', 'MANUEL', 'NAVARRO', 'MARQUEZ', 'M', '0', 'COLOMBIA', 'MAGDALENA', 'PEDRAZA', 'NINGUNO', 'NINGUNO', '', '2002-07-28', '', 677, 1),
('P678', '1004176614', 'TI', '', 'MARIO', 'ALBERTO', 'OSORIO', 'DE LA HOZ', 'M', '0', 'COLOMBIA', 'MAGDALENA', 'PEDRAZA', 'NINGUNO', 'NINGUNO', '', '2002-09-28', '', 678, 1),
('P679', '1010146089', 'TI', '', 'ARMANDO', 'RAFAEL', 'PACHECO', 'ROJANO', 'M', '0', 'COLOMBIA', 'MAGDALENA', 'PEDRAZA', 'NINGUNO', 'NINGUNO', '', '1999-11-12', '', 679, 1),
('P680', '1004119607', 'TI', '', 'DUVAN', 'ANDRES', 'RUIZ', 'DE LEON', 'M', '0', 'COLOMBIA', 'MAGDALENA', 'PEDRAZA', 'NINGUNO', 'NINGUNO', '', '2002-09-01', '', 680, 1),
('P681', '1004176586', 'TI', '', 'SENIT', 'SILENA', 'SALTARIN', 'SANTANDER', 'F', '0', 'COLOMBIA', 'MAGDALENA', 'PEDRAZA', 'NINGUNO', 'NINGUNO', '', '2003-09-04', '', 681, 1),
('P682', '1004119609', 'TI', '', 'ANTONYS', 'DE JESUS', 'SANDOVAL', 'RINCON', 'M', '0', 'COLOMBIA', 'MAGDALENA', 'PEDRAZA', 'NINGUNO', 'NINGUNO', '', '2002-09-13', '', 682, 1),
('P683', '1004176585', 'TI', '', 'DANIA', 'ISABEL', 'SANTANDER', 'BOLA?O', 'F', '0', 'COLOMBIA', 'MAGDALENA', 'PEDRAZA', 'NINGUNO', 'NINGUNO', '', '2003-03-10', '', 683, 1),
('P684', 'N44761650930', 'NES', '', 'JOSE', 'MIGUEL', 'VALENCIA', 'ARAGON', 'M', '0', 'COLOMBIA', 'MAGDALENA', 'PEDRAZA', 'NINGUNO', 'NINGUNO', '', '1999-01-21', '', 684, 1);

-- --------------------------------------------------------

--
-- Estructura de tabla para la tabla `planestudiodetalleapp`
--

CREATE TABLE IF NOT EXISTS `planestudiodetalleapp` (
  `id_planestudiodetalle` varchar(50) NOT NULL COMMENT 'Codigo Detalle Plan Estudio',
  `id_planestudio` varchar(20) NOT NULL COMMENT 'Codigo Plan de Estudios',
  `id_escuela` bigint(20) NOT NULL COMMENT 'Codigo de Escuela',
  `id_programa` varchar(20) NOT NULL COMMENT 'Codigo del Programa',
  `id_asignatura` varchar(20) NOT NULL COMMENT 'Codigo Asignatura',
  `numgrado_programa` varchar(2) NOT NULL DEFAULT '0' COMMENT 'Grado',
  `hteoricas_asignatura` int(11) DEFAULT '1' COMMENT 'Horas Teoricas Semanales',
  `hpracticas_asignatura` int(11) DEFAULT '0' COMMENT 'Horas Practicas Semanales',
  `status_planestudiodetalle` tinyint(1) DEFAULT '1' COMMENT 'Estado del Detalle Plan Estudio',
  PRIMARY KEY (`id_planestudiodetalle`),
  UNIQUE KEY `PlanEstudioDetalleApp_Unique_Idx` (`id_escuela`,`id_programa`,`id_planestudio`,`numgrado_programa`,`id_asignatura`),
  UNIQUE KEY `PlanEstudioDetalleApp_id_planestudiodetalle_Idx` (`id_planestudiodetalle`)
) ENGINE=InnoDB DEFAULT CHARSET=latin1 COMMENT='Plan de estudios de la Carrera';

--
-- Volcado de datos para la tabla `planestudiodetalleapp`
--

INSERT INTO `planestudiodetalleapp` (`id_planestudiodetalle`, `id_planestudio`, `id_escuela`, `id_programa`, `id_asignatura`, `numgrado_programa`, `hteoricas_asignatura`, `hpracticas_asignatura`, `status_planestudiodetalle`) VALUES
('DPE12345678901', '1000', 1, '000', 'ADIMA', '0', 4, 0, 1),
('DPE123456789010', '1001', 1, '001', 'ANAT', '1', 4, 0, 1),
('DPE1234567890100', '1002', 1, '002', 'AREL', '8', 2, 0, 1),
('DPE1234567890101', '1002', 1, '002', 'AEFI', '8', 2, 0, 1),
('DPE1234567890102', '1002', 1, '002', 'AINF', '8', 2, 0, 1),
('DPE1234567890103', '1002', 1, '002', 'AING', '8', 2, 0, 1),
('DPE1234567890104', '1002', 1, '002', 'ACD', '8', 0, 0, 1),
('DPE1234567890105', '1002', 1, '002', 'AESP', '9', 4, 0, 1),
('DPE1234567890106', '1002', 1, '002', 'AMAT', '9', 4, 0, 1),
('DPE1234567890107', '1002', 1, '002', 'AGEOM', '9', 2, 0, 1),
('DPE1234567890108', '1002', 1, '002', 'ANAT', '9', 4, 0, 1),
('DPE1234567890109', '1002', 1, '002', 'AHIS', '9', 2, 0, 1),
('DPE123456789011', '1001', 1, '001', 'ASOC', '1', 4, 0, 1),
('DPE1234567890110', '1002', 1, '002', 'AGEO', '9', 2, 0, 1),
('DPE1234567890111', '1002', 1, '002', 'ADEM', '9', 2, 0, 1),
('DPE1234567890112', '1002', 1, '002', 'AART', '9', 2, 0, 1),
('DPE1234567890113', '1002', 1, '002', 'AEVA', '9', 2, 0, 1),
('DPE1234567890114', '1002', 1, '002', 'AREL', '9', 2, 0, 1),
('DPE1234567890115', '1002', 1, '002', 'AEFI', '9', 2, 0, 1),
('DPE1234567890116', '1002', 1, '002', 'AINF', '9', 2, 0, 1),
('DPE1234567890117', '1002', 1, '002', 'AING', '9', 2, 0, 1),
('DPE1234567890118', '1002', 1, '002', 'ACD', '9', 0, 0, 1),
('DPE1234567890119', '1002', 1, '002', 'AESP', '10', 4, 0, 1),
('DPE123456789012', '1001', 1, '001', 'AART', '1', 2, 0, 1),
('DPE1234567890120', '1002', 1, '002', 'AMAT', '10', 6, 0, 1),
('DPE1234567890121', '1002', 1, '002', 'AQU', '10', 2, 0, 1),
('DPE1234567890122', '1002', 1, '002', 'AFIS', '10', 2, 0, 1),
('DPE1234567890123', '1002', 1, '002', 'AFIL', '10', 2, 0, 1),
('DPE1234567890124', '1002', 1, '002', 'AECO', '10', 2, 0, 1),
('DPE1234567890125', '1002', 1, '002', 'ADEM', '10', 2, 0, 1),
('DPE1234567890126', '1002', 1, '002', 'AART', '10', 2, 0, 1),
('DPE1234567890127', '1002', 1, '002', 'AEVA', '10', 2, 0, 1),
('DPE1234567890128', '1002', 1, '002', 'AREL', '10', 2, 0, 1),
('DPE1234567890129', '1002', 1, '002', 'AEFI', '10', 2, 0, 1),
('DPE123456789013', '1001', 1, '001', 'AEVA', '1', 2, 0, 1),
('DPE1234567890130', '1002', 1, '002', 'AINF', '10', 2, 0, 1),
('DPE1234567890131', '1002', 1, '002', 'AING', '10', 2, 0, 1),
('DPE1234567890132', '1002', 1, '002', 'ACD', '10', 0, 0, 1),
('DPE1234567890133', '1002', 1, '002', 'AESP', '11', 4, 0, 1),
('DPE1234567890134', '1002', 1, '002', 'AMAT', '11', 6, 0, 1),
('DPE1234567890135', '1002', 1, '002', 'AQU', '11', 2, 0, 1),
('DPE1234567890136', '1002', 1, '002', 'AFIS', '11', 2, 0, 1),
('DPE1234567890137', '1002', 1, '002', 'AFIL', '11', 2, 0, 1),
('DPE1234567890138', '1002', 1, '002', 'AECO', '11', 2, 0, 1),
('DPE1234567890139', '1002', 1, '002', 'ADEM', '11', 2, 0, 1),
('DPE123456789014', '1001', 1, '001', 'AREL', '1', 2, 0, 1),
('DPE1234567890140', '1002', 1, '002', 'AART', '11', 2, 0, 1),
('DPE1234567890141', '1002', 1, '002', 'AEVA', '11', 2, 0, 1),
('DPE1234567890142', '1002', 1, '002', 'AREL', '11', 2, 0, 1),
('DPE1234567890143', '1002', 1, '002', 'AEFI', '11', 2, 0, 1),
('DPE1234567890144', '1002', 1, '002', 'AINF', '11', 2, 0, 1),
('DPE1234567890145', '1002', 1, '002', 'AING', '11', 2, 0, 1),
('DPE1234567890146', '1002', 1, '002', 'ACD', '11', 0, 0, 1),
('DPE123456789015', '1001', 1, '001', 'AEFI', '1', 2, 0, 1),
('DPE123456789016', '1001', 1, '001', 'AINF', '1', 2, 0, 1),
('DPE123456789017', '1001', 1, '001', 'AING', '1', 2, 0, 1),
('DPE123456789018', '1001', 1, '001', 'ACD', '1', 0, 0, 1),
('DPE123456789019', '1001', 1, '001', 'AESP', '2', 4, 0, 1),
('DPE12345678902', '1000', 1, '000', 'ADIMC', '0', 4, 0, 1),
('DPE123456789020', '1001', 1, '001', 'AMAT', '2', 4, 0, 1),
('DPE123456789021', '1001', 1, '001', 'ANAT', '2', 4, 0, 1),
('DPE123456789022', '1001', 1, '001', 'ASOC', '2', 4, 0, 1),
('DPE123456789023', '1001', 1, '001', 'AART', '2', 2, 0, 1),
('DPE123456789024', '1001', 1, '001', 'AEVA', '2', 2, 0, 1),
('DPE123456789025', '1001', 1, '001', 'AREL', '2', 2, 0, 1),
('DPE123456789026', '1001', 1, '001', 'AEFI', '2', 2, 0, 1),
('DPE123456789027', '1001', 1, '001', 'AINF', '2', 2, 0, 1),
('DPE123456789028', '1001', 1, '001', 'AING', '2', 2, 0, 1),
('DPE123456789029', '1001', 1, '001', 'ACD', '2', 0, 0, 1),
('DPE12345678903', '1000', 1, '000', 'ADIMCP', '0', 4, 0, 1),
('DPE123456789030', '1001', 1, '001', 'AESP', '3', 4, 0, 1),
('DPE123456789031', '1001', 1, '001', 'AMAT', '3', 4, 0, 1),
('DPE123456789032', '1001', 1, '001', 'ANAT', '3', 4, 0, 1),
('DPE123456789033', '1001', 1, '001', 'ASOC', '3', 4, 0, 1),
('DPE123456789034', '1001', 1, '001', 'AART', '3', 2, 0, 1),
('DPE123456789035', '1001', 1, '001', 'AEVA', '3', 2, 0, 1),
('DPE123456789036', '1001', 1, '001', 'AREL', '3', 2, 0, 1),
('DPE123456789037', '1001', 1, '001', 'AEFI', '3', 2, 0, 1),
('DPE123456789038', '1001', 1, '001', 'AINF', '3', 2, 0, 1),
('DPE123456789039', '1001', 1, '001', 'AING', '3', 2, 0, 1),
('DPE12345678904', '1000', 1, '000', 'ADIMEV', '0', 4, 0, 1),
('DPE123456789040', '1001', 1, '001', 'ACD', '3', 0, 0, 1),
('DPE123456789041', '1001', 1, '001', 'AESP', '4', 4, 0, 1),
('DPE123456789042', '1001', 1, '001', 'AMAT', '4', 4, 0, 1),
('DPE123456789043', '1001', 1, '001', 'ANAT', '4', 4, 0, 1),
('DPE123456789044', '1001', 1, '001', 'ASOC', '4', 4, 0, 1),
('DPE123456789045', '1001', 1, '001', 'AART', '4', 2, 0, 1),
('DPE123456789046', '1001', 1, '001', 'AEVA', '4', 2, 0, 1),
('DPE123456789047', '1001', 1, '001', 'AREL', '4', 2, 0, 1),
('DPE123456789048', '1001', 1, '001', 'AEFI', '4', 2, 0, 1),
('DPE123456789049', '1001', 1, '001', 'AINF', '4', 2, 0, 1),
('DPE12345678905', '1000', 1, '000', 'ADIMRL', '0', 4, 0, 1),
('DPE123456789050', '1001', 1, '001', 'AING', '4', 2, 0, 1),
('DPE123456789051', '1001', 1, '001', 'ACD', '4', 0, 0, 1),
('DPE123456789052', '1001', 1, '001', 'AESP', '5', 4, 0, 1),
('DPE123456789053', '1001', 1, '001', 'AMAT', '5', 4, 0, 1),
('DPE123456789054', '1001', 1, '001', 'ANAT', '5', 4, 0, 1),
('DPE123456789055', '1001', 1, '001', 'ASOC', '5', 4, 0, 1),
('DPE123456789056', '1001', 1, '001', 'AART', '5', 2, 0, 1),
('DPE123456789057', '1001', 1, '001', 'AEVA', '5', 2, 0, 1),
('DPE123456789058', '1001', 1, '001', 'AREL', '5', 2, 0, 1),
('DPE123456789059', '1001', 1, '001', 'AEFI', '5', 2, 0, 1),
('DPE12345678906', '1000', 1, '000', 'ADIMCM', '0', 4, 0, 1),
('DPE123456789060', '1001', 1, '001', 'AINF', '5', 2, 0, 1),
('DPE123456789061', '1001', 1, '001', 'AING', '5', 2, 0, 1),
('DPE123456789062', '1001', 1, '001', 'ACD', '5', 0, 0, 1),
('DPE123456789063', '1002', 1, '002', 'AESP', '6', 4, 0, 1),
('DPE123456789064', '1002', 1, '002', 'AMAT', '6', 4, 0, 1),
('DPE123456789065', '1002', 1, '002', 'AGEOM', '6', 2, 0, 1),
('DPE123456789066', '1002', 1, '002', 'ANAT', '6', 4, 0, 1),
('DPE123456789067', '1002', 1, '002', 'AHIS', '6', 2, 0, 1),
('DPE123456789068', '1002', 1, '002', 'AGEO', '6', 2, 0, 1),
('DPE123456789069', '1002', 1, '002', 'ADEM', '6', 2, 0, 1),
('DPE12345678907', '1000', 1, '000', 'ACD', '0', 0, 0, 1),
('DPE123456789070', '1002', 1, '002', 'AART', '6', 2, 0, 1),
('DPE123456789071', '1002', 1, '002', 'AEVA', '6', 2, 0, 1),
('DPE123456789072', '1002', 1, '002', 'AREL', '6', 2, 0, 1),
('DPE123456789073', '1002', 1, '002', 'AEFI', '6', 2, 0, 1),
('DPE123456789074', '1002', 1, '002', 'AINF', '6', 2, 0, 1),
('DPE123456789075', '1002', 1, '002', 'AING', '6', 2, 0, 1),
('DPE123456789076', '1002', 1, '002', 'ACD', '6', 0, 0, 1),
('DPE123456789077', '1002', 1, '002', 'AESP', '7', 4, 0, 1),
('DPE123456789078', '1002', 1, '002', 'AMAT', '7', 4, 0, 1),
('DPE123456789079', '1002', 1, '002', 'AGEOM', '7', 2, 0, 1),
('DPE12345678908', '1001', 1, '001', 'AESP', '1', 4, 0, 1),
('DPE123456789080', '1002', 1, '002', 'ANAT', '7', 4, 0, 1),
('DPE123456789081', '1002', 1, '002', 'AHIS', '7', 2, 0, 1),
('DPE123456789082', '1002', 1, '002', 'AGEO', '7', 2, 0, 1),
('DPE123456789083', '1002', 1, '002', 'ADEM', '7', 2, 0, 1),
('DPE123456789084', '1002', 1, '002', 'AART', '7', 2, 0, 1),
('DPE123456789085', '1002', 1, '002', 'AEVA', '7', 2, 0, 1),
('DPE123456789086', '1002', 1, '002', 'AREL', '7', 2, 0, 1),
('DPE123456789087', '1002', 1, '002', 'AEFI', '7', 2, 0, 1),
('DPE123456789088', '1002', 1, '002', 'AINF', '7', 2, 0, 1),
('DPE123456789089', '1002', 1, '002', 'AING', '7', 2, 0, 1),
('DPE12345678909', '1001', 1, '001', 'AMAT', '1', 4, 0, 1),
('DPE123456789090', '1002', 1, '002', 'ACD', '7', 0, 0, 1),
('DPE123456789091', '1002', 1, '002', 'AESP', '8', 4, 0, 1),
('DPE123456789092', '1002', 1, '002', 'AMAT', '8', 4, 0, 1),
('DPE123456789093', '1002', 1, '002', 'AGEOM', '8', 2, 0, 1),
('DPE123456789094', '1002', 1, '002', 'ANAT', '8', 4, 0, 1),
('DPE123456789095', '1002', 1, '002', 'AHIS', '8', 2, 0, 1),
('DPE123456789096', '1002', 1, '002', 'AGEO', '8', 2, 0, 1),
('DPE123456789097', '1002', 1, '002', 'ADEM', '8', 2, 0, 1),
('DPE123456789098', '1002', 1, '002', 'AART', '8', 2, 0, 1),
('DPE123456789099', '1002', 1, '002', 'AEVA', '8', 2, 0, 1);

-- --------------------------------------------------------

--
-- Estructura de tabla para la tabla `planestudiosapp`
--

CREATE TABLE IF NOT EXISTS `planestudiosapp` (
  `id_planestudio` varchar(20) NOT NULL COMMENT 'Codigo Plan de Estudios',
  `id_escuela` bigint(20) NOT NULL COMMENT 'Codigo de Escuela',
  `id_programa` varchar(20) NOT NULL COMMENT 'Codigo del Programa',
  `descripcion_planestudio` varchar(500) DEFAULT NULL COMMENT 'Descripcion del Plan de Estudios',
  `fcreacion_planestudio` date DEFAULT NULL COMMENT 'Fecha de Creacion Plan',
  `vigente_planestudio` tinyint(1) DEFAULT '1' COMMENT 'Si esta vigente el plan de estudios',
  `status_planestudio` tinyint(1) DEFAULT '1',
  PRIMARY KEY (`id_planestudio`,`id_escuela`,`id_programa`),
  UNIQUE KEY `PlanEstudiosApp_Unique_Idx` (`id_escuela`,`id_programa`,`id_planestudio`),
  UNIQUE KEY `PlanEstudiosApp_id_planestudio_Idx` (`id_planestudio`)
) ENGINE=InnoDB DEFAULT CHARSET=latin1 COMMENT='Plan de Estudios del Programa';

--
-- Volcado de datos para la tabla `planestudiosapp`
--

INSERT INTO `planestudiosapp` (`id_planestudio`, `id_escuela`, `id_programa`, `descripcion_planestudio`, `fcreacion_planestudio`, `vigente_planestudio`, `status_planestudio`) VALUES
('1000', 1, '000', 'PE PREECOLAR', '0000-00-00', 1, 1),
('1001', 1, '001', 'PE BASICA PRIMARIA', '0000-00-00', 1, 1),
('1002', 1, '002', 'PE BACHILLERATO', '0000-00-00', 1, 1);

-- --------------------------------------------------------

--
-- Estructura de tabla para la tabla `programasapp`
--

CREATE TABLE IF NOT EXISTS `programasapp` (
  `id_programa` varchar(20) NOT NULL COMMENT 'Codigo del Programa',
  `id_escuela` bigint(20) NOT NULL COMMENT 'Codigo de Escuela',
  `nombre_programa` varchar(200) NOT NULL DEFAULT 'Educacion Basica' COMMENT 'Nombre Programa',
  `descripcion_programa` varchar(2000) DEFAULT NULL COMMENT 'Descripcion de Programa',
  `nivel_programa` varchar(20) DEFAULT NULL COMMENT 'Nivel Educativo al que pertenece el Programa',
  `periodicidadgrado_programa` varchar(20) DEFAULT 'Anual' COMMENT 'Periodicidad del Grado (Anual, Semestral, Trimestral, Bimestral, Mensual)',
  `ngrados_programa` int(11) DEFAULT '1' COMMENT 'Numero de Grados o Niveles (Semestres o Años) en que se divide el programa',
  `valor_programa` float DEFAULT '0' COMMENT 'Valor de Matricula',
  `status_programa` tinyint(1) DEFAULT '1',
  PRIMARY KEY (`id_programa`),
  UNIQUE KEY `ProgramasApp_Unique_Idx` (`id_escuela`,`id_programa`),
  UNIQUE KEY `ProgramasApp_id_programa_Idx` (`id_programa`)
) ENGINE=InnoDB DEFAULT CHARSET=latin1 COMMENT='Programas que ofrece la Escuela';

--
-- Volcado de datos para la tabla `programasapp`
--

INSERT INTO `programasapp` (`id_programa`, `id_escuela`, `nombre_programa`, `descripcion_programa`, `nivel_programa`, `periodicidadgrado_programa`, `ngrados_programa`, `valor_programa`, `status_programa`) VALUES
('000', 1, 'PREESCOLAR', 'PREESCOLAR', 'Preecolar', 'Anual', 1, 0, 1),
('001', 1, 'BASICA PRIMARIA', 'BASICA PRIMARIA', 'Basica-Primaria', 'Anual', 5, 0, 1),
('002', 1, 'BACHILLERATO ACADEMICO', 'BACHILLERATO ACADEMICO', 'Bachiller', 'Anual', 6, 0, 1);

-- --------------------------------------------------------

--
-- Estructura de tabla para la tabla `sedesapp`
--

CREATE TABLE IF NOT EXISTS `sedesapp` (
  `id_sede` varchar(20) NOT NULL COMMENT 'Codigo de Sede',
  `id_escuela` bigint(20) NOT NULL COMMENT 'Codigo de Escuela',
  `nombre_sede` varchar(100) NOT NULL COMMENT 'Nombre Sede',
  `direccion_sede` varchar(100) DEFAULT NULL COMMENT 'Direccion de Sede',
  `telefono_sede` varchar(100) DEFAULT NULL COMMENT 'Telefono Sede',
  `email_sede` varchar(100) DEFAULT NULL COMMENT 'Email Sede',
  `cordinador_sede` varchar(100) DEFAULT 'No Definido' COMMENT 'Nombre del Cordinador ',
  `status_sede` tinyint(1) DEFAULT '1',
  PRIMARY KEY (`id_sede`)
) ENGINE=InnoDB DEFAULT CHARSET=latin1 COMMENT='Sedes de la Escuela';

--
-- Volcado de datos para la tabla `sedesapp`
--

INSERT INTO `sedesapp` (`id_sede`, `id_escuela`, `nombre_sede`, `direccion_sede`, `telefono_sede`, `email_sede`, `cordinador_sede`, `status_sede`) VALUES
('0101', 1, 'Sede 1: IED SAN PABLO', 'Pedraza', '0', 'sede1@email.com', 'Cordinador', 1),
('0102', 1, 'Sede 2: MI PRIMERA ILUSION', 'Pedraza', '0', 'sede2@email.com', 'Cordinador', 1),
('0103', 1, 'Sede 3: ANTONIO NARIÑO', 'Pedraza', '0', 'sede3@email.com', 'Cordinador', 1),
('0104', 1, 'Sede 4: ANTONIA SANTOS', 'Pedraza', '0', 'sede4@email.com', 'Cordinador', 1);

-- --------------------------------------------------------

--
-- Estructura de tabla para la tabla `tiposusuariosapp`
--

CREATE TABLE IF NOT EXISTS `tiposusuariosapp` (
  `id_tipousuario` varchar(20) NOT NULL COMMENT 'Codigo Tipo Usuario',
  `nombre_tipousuario` varchar(100) NOT NULL COMMENT 'Nombre de Tipo de Usuario',
  `superadmin_tipousuario` tinyint(1) DEFAULT '0' COMMENT 'Indica si es SuperAdministrador',
  `admin_tipousuario` tinyint(1) DEFAULT '0' COMMENT 'Administrador (Rector)',
  `management_tipousuario` tinyint(1) DEFAULT '0' COMMENT 'Administracion (Secretaria, Supervisor, Cordinador)',
  `standard_tipousuario` tinyint(1) DEFAULT '0' COMMENT 'Usuario Estandar (Docentes)',
  `limited_tipousuario` tinyint(1) DEFAULT '1' COMMENT 'Usuario Limitado (Estudiantes)',
  `external_tipousuario` tinyint(1) DEFAULT '0' COMMENT 'Externo (Acudiente, Padre Familia)',
  `status_tipousuario` tinyint(1) DEFAULT '1',
  PRIMARY KEY (`id_tipousuario`)
) ENGINE=InnoDB DEFAULT CHARSET=latin1 COMMENT='Tipos de Usuario';

--
-- Volcado de datos para la tabla `tiposusuariosapp`
--

INSERT INTO `tiposusuariosapp` (`id_tipousuario`, `nombre_tipousuario`, `superadmin_tipousuario`, `admin_tipousuario`, `management_tipousuario`, `standard_tipousuario`, `limited_tipousuario`, `external_tipousuario`, `status_tipousuario`) VALUES
('Admin', 'Rector', 0, 1, 0, 0, 0, 0, 1),
('Management', 'Secretario', 0, 0, 1, 0, 0, 0, 1),
('Student', 'Estudiante', 0, 0, 0, 0, 1, 0, 1),
('SuperAdmin', 'SuperAdministrador', 1, 0, 0, 0, 0, 0, 1),
('Teacher', 'Docente', 0, 0, 0, 1, 0, 0, 1),
('Visitor', 'Acudiente', 0, 0, 0, 0, 0, 1, 1);

-- --------------------------------------------------------

--
-- Estructura de tabla para la tabla `usuariosapp`
--

CREATE TABLE IF NOT EXISTS `usuariosapp` (
  `id_escuela` bigint(20) DEFAULT NULL COMMENT 'Codigo de Escuela',
  `id_tipousuario` varchar(20) DEFAULT NULL COMMENT 'Codigo Tipo Usuario',
  `id_persona` varchar(24) NOT NULL COMMENT 'Llave Primaria Personas',
  `username_usuario` varchar(50) NOT NULL COMMENT 'Nombre de Usuario',
  `password_usuario` varchar(255) NOT NULL COMMENT 'Clave de Usuario',
  `nombrecompleto_persona` varchar(200) DEFAULT 'Usuario' COMMENT 'Nombre Completo de Persona',
  `fechacrea_usuario` date DEFAULT NULL,
  `fechaedita_usuario` date DEFAULT NULL,
  `usuariocrea_usuario` varchar(50) DEFAULT NULL,
  `usuarioedita_usuario` varchar(50) DEFAULT NULL,
  `status_usuario` tinyint(1) DEFAULT '1',
  PRIMARY KEY (`username_usuario`),
  UNIQUE KEY `UsuariosApp_username_usuario_Idx` (`username_usuario`),
  UNIQUE KEY `UsuariosApp_Unique2_Idx` (`id_escuela`,`id_tipousuario`,`id_persona`,`username_usuario`)
) ENGINE=InnoDB DEFAULT CHARSET=latin1 COMMENT='Cuentas de Usuario';

--
-- Volcado de datos para la tabla `usuariosapp`
--

INSERT INTO `usuariosapp` (`id_escuela`, `id_tipousuario`, `id_persona`, `username_usuario`, `password_usuario`, `nombrecompleto_persona`, `fechacrea_usuario`, `fechaedita_usuario`, `usuariocrea_usuario`, `usuarioedita_usuario`, `status_usuario`) VALUES
(1, 'Student', 'P0', '0', '920422021286d1c1e0d7671c39f9d1dd5e20fcece91367480d5abcd', '   ', NULL, NULL, NULL, NULL, 1),
(1, 'Admin', 'P2', 'admin', '92042202128afc5bc9b0f7c1f36ed3bcafb2e2277c81b3aed7babcd', 'Administrador Sistema', '2019-01-01', '2019-01-01', 'superadmin', 'superadmin', 1),
(1, 'Teacher', 'P22', 'ARTURO22', '9204220212810e4dad5663274e62f592a027caa23ff58d857dfabcd', 'ARTURO MEDINA', '2019-01-01', '2019-01-01', 'superadmin', 'superadmin', 1),
(1, 'Teacher', 'P14', 'AVELINA14', '9204220212810e4dad5663274e62f592a027caa23ff58d857dfabcd', 'AVELINA FAJARDO', '2019-01-01', '2019-01-01', 'superadmin', 'superadmin', 1),
(1, 'Teacher', 'P34', 'BLAS34', '9204220212810e4dad5663274e62f592a027caa23ff58d857dfabcd', 'BLAS VALENCIA', '2019-01-01', '2019-01-01', 'superadmin', 'superadmin', 1),
(1, 'Teacher', 'P9', 'CARMEN9', '9204220212810e4dad5663274e62f592a027caa23ff58d857dfabcd', 'CARMEN CERVERA', '2019-01-01', '2019-01-01', 'superadmin', 'superadmin', 1),
(1, 'Teacher', 'P5', 'CATALINA 5', '9204220212810e4dad5663274e62f592a027caa23ff58d857dfabcd', 'CATALINA  ALMANZA', '2019-01-01', '2019-01-01', 'superadmin', 'superadmin', 1),
(1, 'Teacher', 'P17', 'CIELO17', '9204220212810e4dad5663274e62f592a027caa23ff58d857dfabcd', 'CIELO GUERRERO', '2019-01-01', '2019-01-01', 'superadmin', 'superadmin', 1),
(1, 'Teacher', 'P18', 'DENIS18', '9204220212810e4dad5663274e62f592a027caa23ff58d857dfabcd', 'DENIS HERNANDEZ', '2019-01-01', '2019-01-01', 'superadmin', 'superadmin', 1),
(1, 'Teacher', 'P21', 'EDUAR21', '9204220212810e4dad5663274e62f592a027caa23ff58d857dfabcd', 'EDUAR MARTINEZ', '2019-01-01', '2019-01-01', 'superadmin', 'superadmin', 1),
(1, 'Teacher', 'P36', 'ELENA36', '9204220212810e4dad5663274e62f592a027caa23ff58d857dfabcd', 'ELENA VASQUEZ', '2019-01-01', '2019-01-01', 'superadmin', 'superadmin', 1),
(1, 'Teacher', 'P27', 'ELSY27', '9204220212810e4dad5663274e62f592a027caa23ff58d857dfabcd', 'ELSY OSORIO', '2019-01-01', '2019-01-01', 'superadmin', 'superadmin', 1),
(1, 'Teacher', 'P31', 'EVELINA31', '9204220212810e4dad5663274e62f592a027caa23ff58d857dfabcd', 'EVELINA SANTANDER', '2019-01-01', '2019-01-01', 'superadmin', 'superadmin', 1),
(1, 'Teacher', 'P29', 'GILBERTO29', '9204220212810e4dad5663274e62f592a027caa23ff58d857dfabcd', 'GILBERTO RODRIGUEZ ', '2019-01-01', '2019-01-01', 'superadmin', 'superadmin', 1),
(1, 'Teacher', 'P8', 'GUILLERMO8', '9204220212810e4dad5663274e62f592a027caa23ff58d857dfabcd', 'GUILLERMO CAMARGO', '2019-01-01', '2019-01-01', 'superadmin', 'superadmin', 1),
(1, 'Teacher', 'P26', 'JOSE26', '9204220212810e4dad5663274e62f592a027caa23ff58d857dfabcd', 'JOSE MEZA', '2019-01-01', '2019-01-01', 'superadmin', 'superadmin', 1),
(1, 'Teacher', 'P25', 'JUAN25', '9204220212810e4dad5663274e62f592a027caa23ff58d857dfabcd', 'JUAN MELGAREJO', '2019-01-01', '2019-01-01', 'superadmin', 'superadmin', 1),
(1, 'Teacher', 'P12', 'JULIETH12', '9204220212810e4dad5663274e62f592a027caa23ff58d857dfabcd', 'JULIETH DE LA CRUZ ', '2019-01-01', '2019-01-01', 'superadmin', 'superadmin', 1),
(1, 'Teacher', 'P32', 'KARINA32', '9204220212810e4dad5663274e62f592a027caa23ff58d857dfabcd', 'KARINA SIERRA', '2019-01-01', '2019-01-01', 'superadmin', 'superadmin', 1),
(1, 'Teacher', 'P6', 'LEYDA6', '9204220212810e4dad5663274e62f592a027caa23ff58d857dfabcd', 'LEYDA BECERRA', '2019-01-01', '2019-01-01', 'superadmin', 'superadmin', 1),
(1, 'Teacher', 'P7', 'LORLEIVYS7', '9204220212810e4dad5663274e62f592a027caa23ff58d857dfabcd', 'LORLEIVYS BECERRA', '2019-01-01', '2019-01-01', 'superadmin', 'superadmin', 1),
(1, 'Teacher', 'P20', 'LUIS20', '9204220212810e4dad5663274e62f592a027caa23ff58d857dfabcd', 'LUIS MAESTRE', '2019-01-01', '2019-01-01', 'superadmin', 'superadmin', 1),
(1, 'Teacher', 'P30', 'LUZ30', '9204220212810e4dad5663274e62f592a027caa23ff58d857dfabcd', 'LUZ RODRIGUEZ', '2019-01-01', '2019-01-01', 'superadmin', 'superadmin', 1),
(1, 'Teacher', 'P35', 'MARTHA35', '9204220212810e4dad5663274e62f592a027caa23ff58d857dfabcd', 'MARTHA VALENCIA', '2019-01-01', '2019-01-01', 'superadmin', 'superadmin', 1),
(1, 'Teacher', 'P23', 'MARTIN23', '9204220212810e4dad5663274e62f592a027caa23ff58d857dfabcd', 'MARTIN MEDINA', '2019-01-01', '2019-01-01', 'superadmin', 'superadmin', 1),
(1, 'Teacher', 'P24', 'MATILDE24', '9204220212810e4dad5663274e62f592a027caa23ff58d857dfabcd', 'MATILDE MELGAREJO', '2019-01-01', '2019-01-01', 'superadmin', 'superadmin', 1),
(1, 'Teacher', 'P28', 'NORBERTO28', '9204220212810e4dad5663274e62f592a027caa23ff58d857dfabcd', 'NORBERTO REYES', '2019-01-01', '2019-01-01', 'superadmin', 'superadmin', 1),
(1, 'Teacher', 'P19', 'NURYS19', '9204220212810e4dad5663274e62f592a027caa23ff58d857dfabcd', 'NURYS JIMENEZ', '2019-01-01', '2019-01-01', 'superadmin', 'superadmin', 1),
(1, 'Teacher', 'P4', 'OMAIRA4', '9204220212810e4dad5663274e62f592a027caa23ff58d857dfabcd', 'OMAIRA ALMANZA', '2019-01-01', '2019-01-01', 'superadmin', 'superadmin', 1),
(1, 'Teacher', 'P16', 'OSMAR16', '9204220212810e4dad5663274e62f592a027caa23ff58d857dfabcd', 'OSMAR GUERRERO', '2019-01-01', '2019-01-01', 'superadmin', 'superadmin', 1),
(1, 'Teacher', 'P10', 'RAFAEL10', '9204220212810e4dad5663274e62f592a027caa23ff58d857dfabcd', 'RAFAEL CONTRERAS', '2019-01-01', '2019-01-01', 'superadmin', 'superadmin', 1),
(1, 'Teacher', 'P33', 'SARA33', '9204220212810e4dad5663274e62f592a027caa23ff58d857dfabcd', 'SARA TORRES', '2019-01-01', '2019-01-01', 'superadmin', 'superadmin', 1),
(1, 'Management', 'P3', 'secretario', '9204220212810e4dad5663274e62f592a027caa23ff58d857dfabcd', 'Secretario Sistema', '2019-01-01', '2019-01-01', 'superadmin', 'superadmin', 1),
(1, 'Teacher', 'P13', 'SIN ASIGNAR13', '9204220212810e4dad5663274e62f592a027caa23ff58d857dfabcd', 'SIN ASIGNAR DOCENTE', '2019-01-01', '2019-01-01', 'superadmin', 'superadmin', 1),
(1, 'SuperAdmin', 'P1', 'superadmin', '92042202128fb12b1241f0dce1e6fe8c56c9fb6911c527e063aabcd', 'Super Sistema', '2019-01-01', '2019-01-01', 'superadmin', 'superadmin', 1),
(1, 'Teacher', 'P11', 'XIOMARA11', '9204220212810e4dad5663274e62f592a027caa23ff58d857dfabcd', 'XIOMARA CUETO', '2019-01-01', '2019-01-01', 'superadmin', 'superadmin', 1),
(1, 'Teacher', 'P15', 'YORLINDYS 15', '9204220212810e4dad5663274e62f592a027caa23ff58d857dfabcd', 'YORLINDYS  GOMEZ ', '2019-01-01', '2019-01-01', 'superadmin', 'superadmin', 1);

-- --------------------------------------------------------

--
-- Estructura de tabla para la tabla `valorespecuniariosapp`
--

CREATE TABLE IF NOT EXISTS `valorespecuniariosapp` (
  `id_pecuniario` bigint(20) NOT NULL AUTO_INCREMENT COMMENT 'Codigo de Valor Pecuniario',
  `tipo_pecuniario` varchar(50) NOT NULL COMMENT 'Tipo de Pecuniario',
  `nombre_pecuniario` varchar(100) NOT NULL,
  `valor_pecuniario` float DEFAULT '0' COMMENT 'Valor del Pecuniario',
  `anualidad_pecuniario` int(11) DEFAULT '2020' COMMENT 'Anualidad de Pecuniario (Vigencia)',
  `id_escuela` bigint(20) DEFAULT NULL COMMENT 'Codigo de Escuela',
  `status_pecuniario` bigint(20) DEFAULT '1',
  PRIMARY KEY (`id_pecuniario`),
  UNIQUE KEY `ValoresPecuniariosApp_Unique` (`nombre_pecuniario`,`anualidad_pecuniario`,`id_escuela`)
) ENGINE=InnoDB  DEFAULT CHARSET=latin1 COMMENT='Valores pecubiarios para la vigencia anual' AUTO_INCREMENT=14 ;

--
-- Volcado de datos para la tabla `valorespecuniariosapp`
--

INSERT INTO `valorespecuniariosapp` (`id_pecuniario`, `tipo_pecuniario`, `nombre_pecuniario`, `valor_pecuniario`, `anualidad_pecuniario`, `id_escuela`, `status_pecuniario`) VALUES
(1, 'Inscripcion', 'Derecho de Inscripcion 2019', 5000, 2019, 1, 1),
(2, 'Matricula', 'Matricula Bachiller 2019', 15000, 2019, 1, 1),
(3, 'MatriculaTyT', 'Matricula Tecnicos y Tecnologos 2019', 400000, 2019, 1, 1),
(4, 'MatriculaPro', 'Matricula Programa Profesional 2019', 1500000, 2019, 1, 1),
(5, 'CertificadoEstudios', 'Certificado de Estudios 2019', 4000, 2019, 1, 1),
(6, 'CertificadoNotas', 'Certificado de Notas 2019', 4000, 2019, 1, 1),
(7, 'CertificadoComportamiento', 'Certificado de Conportamiento y Conducta 2019', 4000, 2019, 1, 1),
(8, 'PruebasSaber11', 'Pruebas Saber 11 2019', 45000, 2019, 1, 1),
(9, 'PruebasSaberTyT', 'Pruebas Saber Tecnicos y Tecnologos 2019', 105000, 2019, 1, 1),
(10, 'PruebasSaberPro', 'Pruebas Saber PRO 2019', 105000, 2019, 1, 1),
(11, 'DerechoGrado', 'Derecho de Grado Basica y Media (Ceremonia) 2019', 30000, 2019, 1, 1),
(12, 'DerechoGradoTyT', 'Derecho de Grado Tecnicos y Tecnologos (Ceremonia) 2019', 30000, 2019, 1, 1),
(13, 'DerechoGradoPro', 'Derecho de Grado Profesional (Ceremonia) 2019', 30000, 2019, 1, 1);

--
-- Restricciones para tablas volcadas
--

--
-- Filtros para la tabla `configuracionapp`
--
ALTER TABLE `configuracionapp`
  ADD CONSTRAINT `fk_ConfiguracionApp_EscuelasApp` FOREIGN KEY (`id_escuela`) REFERENCES `escuelasapp` (`id_escuela`) ON DELETE NO ACTION ON UPDATE NO ACTION;

/*!40101 SET CHARACTER_SET_CLIENT=@OLD_CHARACTER_SET_CLIENT */;
/*!40101 SET CHARACTER_SET_RESULTS=@OLD_CHARACTER_SET_RESULTS */;
/*!40101 SET COLLATION_CONNECTION=@OLD_COLLATION_CONNECTION */;
